seed,average_chr,average_local_rsu_chr,method,method_label,rsu_cache_capacity,mrsu_cache_capacity,frsu_cache_capacity,round,physical_tick_start,physical_tick_end,decision_interval_ticks,chr,local_rsu_chr,round_delay_ms,average_delay_ms,mrsu_average_delay_ms,frsu_average_delay_ms,mbs_average_delay_ms,mrsu_average_rate_mbps,frsu_average_rate_mbps,mbs_average_rate_mbps,average_service_distance_m,mrsu_average_distance_m,frsu_average_distance_m,mbs_average_distance_m,mrsu_latency_request_count,frsu_latency_request_count,mbs_latency_request_count,request_count,hit_count,mrsu_hit_count,frsu_hit_count,mbs_miss_count,not_covered_count,not_cached_count,mrsu_position,mrsu_speed,mrsu_covered_count,frsu_covered_count,selected_hotspot_id,selected_hotspot_position,lambda_smooth,path_plan_status,path_plan_solver,decision_request_count,evaluation_request_count,decision_request_source,uses_proposed_miss_feedback,uses_content_level_feedback,uses_predicted_content_demands,decision_policy,action_id,mrsu_cache_policy,frsu_cache_policy
7,0.15548256115436873,0.21020246129416434,dqn,DQN,50,50,50,0,0,9,10,0.13204747774480713,0.22879177377892032,61.104025773540585,59.46544797960603,26.06762221972064,34.78718057111259,70.48087702017811,34.71948968723482,24.399780220957638,27.70034311610075,226.8478157026518,67.23844773397015,200.0,258.70974710232383,54,35,300,674,89,54,35,585,285,300,357.7698551439493,30.0,16,25,5,650.0,1.7584311224489797,fallback: No module named 'cvxpy',heuristic,,674,mobility_and_training_history_only,False,False,False,dqn_discrete_history_policy,87,selected_hotspot_history,global_history
7,0.15548256115436873,0.21020246129416434,dqn,DQN,50,50,50,1,10,19,10,0.057352941176470586,0.25161290322580643,48.422331912621125,59.46544797960603,32.66457589554752,23.037498855742637,54.30114246386686,26.160951392386398,38.62227095392445,58.24076863653794,58.46556926026413,155.51591883139488,22.862930170111262,33.84149415125454,32,7,116,680,39,32,7,641,525,116,657.7698551439494,30.0,12,12,5,150.0,2.0615318413740904,fallback: No module named 'cvxpy',heuristic,,680,mobility_and_training_history_only,False,False,False,dqn_discrete_history_policy,87,selected_hotspot_history,global_history
7,0.15548256115436873,0.21020246129416434,dqn,DQN,50,50,50,2,20,29,10,0.15283842794759825,0.2054794520547945,58.89542554358279,59.46544797960603,33.920720480635254,31.326650348774596,65.69942509710488,25.1263574450964,27.476175051719824,33.029730458029945,175.99015305206538,178.57145202240977,125.6381703234378,182.36296295319428,51,54,406,687,105,51,54,582,176,406,957.7698551439494,30.0,20,29,5,0.0,1.4742996985169474,fallback: No module named 'cvxpy',heuristic,,687,mobility_and_training_history_only,False,False,False,dqn_discrete_history_policy,87,selected_hotspot_history,global_history
7,0.15548256115436873,0.21020246129416434,dqn,DQN,50,50,50,3,30,39,10,0.21893491124260356,0.23052959501557632,53.88330357561271,59.46544797960603,29.271273552474312,28.465695676996493,61.410236295692464,29.9055677812474,32.6658500550469,45.26311374377266,124.74394194194238,93.53968578187842,105.27389984212363,131.85975933065984,54,94,494,676,148,54,94,528,34,494,257.76985514394937,30.0,21,43,5,400.0,1.5962214672244304,fallback: No module named 'cvxpy',heuristic,,676,mobility_and_training_history_only,False,False,False,dqn_discrete_history_policy,87,selected_hotspot_history,global_history
7,0.15548256115436873,0.21020246129416434,dqn,DQN,50,50,50,4,40,49,10,0.18355359765051396,0.23674242424242425,54.90823953229376,59.46544797960603,30.43373549513067,33.37370146321905,62.207778901826885,28.59383156070553,25.840601003411507,43.94132838629056,141.30417711106952,114.6785029693763,172.15756361714668,143.85764321975645,85,40,403,681,125,85,40,556,153,403,459.72984004291925,5.4899962247424945,29,38,5,350.0,1.142390684911505,fallback: No module named 'cvxpy',heuristic,,681,mobility_and_training_history_only,False,False,False,dqn_discrete_history_policy,87,selected_hotspot_history,global_history
7,0.15548256115436873,0.21020246129416434,dqn,DQN,50,50,50,5,50,59,10,0.13450292397660818,0.2062780269058296,61.37839165237977,59.46544797960603,30.482924727061995,34.20085840526868,69.07163763946062,28.628435548111387,24.924901605251627,29.680213536214808,218.24396511250075,117.05059069476556,187.27768475975301,238.19459628863646,60,32,354,684,92,60,32,592,238,354,602.5497758200875,5.489996224742496,25,31,5,550.0,1.137397976651688,fallback: No module named 'cvxpy',heuristic,,684,mobility_and_training_history_only,False,False,False,dqn_discrete_history_policy,87,selected_hotspot_history,global_history
7,0.15548256115436873,0.21020246129416434,dqn,DQN,50,50,50,6,60,69,10,0.12238805970149254,0.18937644341801385,66.87614046297686,59.46544797960603,30.238774916887703,30.2537547252714,75.43487031111212,29.169128080937657,30.48879616505774,26.43675720662619,297.88296392052035,115.38575441105942,138.91142705441183,339.8473925625211,72,10,351,670,82,72,10,588,237,351,805.1115508328937,30.0,28,17,3,950.0,1.4598272982366076,fallback: No module named 'cvxpy',heuristic,,670,mobility_and_training_history_only,False,False,False,dqn_discrete_history_policy,53,selected_hotspot_history,frsu_only_history
7,0.15548256115436873,0.21020246129416434,dqn,DQN,50,50,50,7,70,79,10,0.1565217391304348,0.1791044776119403,65.90956194446586,59.46544797960603,29.775102355144117,32.604823771501565,73.61051255117962,29.81118450785459,26.29619846027115,26.36523040498689,273.4058366796527,109.9151772433849,149.68543579134678,306.5055193980004,76,32,495,690,108,76,32,582,87,495,942.5604764282864,0.0,27,19,6,850.0,1.0863736914002313,fallback: No module named 'cvxpy',heuristic,,690,mobility_and_training_history_only,False,False,False,dqn_discrete_history_policy,97,mrsu_current_history,frsu_only_history
7,0.15548256115436873,0.21020246129416434,dqn,DQN,50,50,50,8,80,89,10,0.1937869822485207,0.1937869822485207,60.74126597535201,59.46544797960603,30.51289126218436,27.577598490096918,68.34109210249765,28.726198899892086,32.3696757741546,32.40106913984444,202.5870507984874,116.87044544948884,76.97082807499056,227.72953075800615,69,62,545,676,131,69,62,545,0,545,98.86659233379214,28.419293801001086,27,23,2,250.0,1.4074945098949283,fallback: No module named 'cvxpy',heuristic,,676,mobility_and_training_history_only,False,False,False,dqn_discrete_history_policy,47,global_history,global_history
7,0.15548256115436873,0.21020246129416434,dqn,DQN,50,50,50,9,90,99,10,0.2028985507246377,0.21374045801526717,57.24444653167194,59.46544797960603,27.49368949709855,33.29527862898544,64.75750466587397,33.24573856526539,25.744819645866524,34.89359168142634,157.14751428253444,81.48003142340589,165.1241336406501,169.4341130926287,89,51,515,690,140,89,51,550,35,515,389.83712421333854,23.98035458636427,32,35,1,350.0,1.3289819333674306,fallback: No module named 'cvxpy',heuristic,,690,mobility_and_training_history_only,False,False,False,dqn_discrete_history_policy,23,selected_hotspot_history,global_history
7,0.2513029417854235,0.3214956783164224,dqn,DQN,100,100,100,0,0,9,10,0.19287833827893175,0.3341902313624679,57.130593516109556,55.83341057417099,27.288563948085542,34.31369152602513,70.37327953485469,33.25542185547694,24.792423986396095,27.762748758016883,216.4937158555503,83.92938994862014,189.19176242316647,257.0210151973648,66,64,259,674,130,66,64,544,285,259,349.2458881697491,30.0,16,25,6,950.0,2.064672619047619,fallback: No module named 'cvxpy',heuristic,,674,mobility_and_training_history_only,False,False,False,dqn_discrete_history_policy,106,mrsu_current_plus_hotspot_history,frsu_current_plus_frsu_only_history
7,0.2513029417854235,0.3214956783164224,dqn,DQN,100,100,100,1,10,19,10,0.07941176470588235,0.34838709677419355,46.32543357223187,55.83341057417099,32.20343003847288,23.925374090448273,54.367577399074776,26.56335705897489,37.35732288875436,57.93286108483358,68.6421434097815,145.33461750965512,31.72421037398603,34.38737946345316,48,6,101,680,54,48,6,626,525,101,649.2458881697492,30.0,12,12,3,850.0,1.5230679304133397,fallback: No module named 'cvxpy',heuristic,,680,mobility_and_training_history_only,False,False,False,dqn_discrete_history_policy,55,selected_hotspot_history,global_history
7,0.2513029417854235,0.3214956783164224,dqn,DQN,100,100,100,2,20,29,10,0.23726346433770015,0.31898238747553814,55.20514017388134,55.83341057417099,34.292228446304314,31.467271175227683,65.69055965559562,24.800537641999128,27.35364430805614,33.053096332172125,173.92794187987298,186.40022947544384,128.62563502616416,182.19764777099576,78,85,348,687,163,78,85,524,176,348,949.2458881697492,30.0,21,29,3,200.0,1.6125152093249042,fallback: No module named 'cvxpy',heuristic,,687,mobility_and_training_history_only,False,False,False,dqn_discrete_history_policy,55,selected_hotspot_history,global_history
7,0.2513029417854235,0.3214956783164224,dqn,DQN,100,100,100,3,30,39,10,0.3239644970414201,0.32540861812778604,51.60938059655644,55.83341057417099,29.71996614690136,27.62875198200734,62.74875229094215,29.56299591421644,33.86083088092049,43.54952092937866,134.34367889820882,102.95863475603488,95.2401632855801,151.62529139251149,93,126,454,676,219,93,126,457,3,454,249.24588816974915,30.0,22,43,6,500.0,1.6393009236106186,fallback: No module named 'cvxpy',heuristic,,676,mobility_and_training_history_only,False,False,False,dqn_discrete_history_policy,106,mrsu_current_plus_hotspot_history,frsu_current_plus_frsu_only_history
7,0.2513029417854235,0.3214956783164224,dqn,DQN,100,100,100,4,40,49,10,0.2511013215859031,0.32386363636363635,51.58615352561574,55.83341057417099,28.175698963502644,34.716546210045706,62.21327010329631,31.58556769315678,24.458600260015295,44.15288015300692,131.3834566184518,82.98039246915951,196.3280201096765,144.40810615635777,139,32,357,681,171,139,32,510,153,357,549.2458881697492,30.0,31,38,6,650.0,1.4475959916378294,fallback: No module named 'cvxpy',heuristic,,681,mobility_and_training_history_only,False,False,False,dqn_discrete_history_policy,106,mrsu_current_plus_hotspot_history,frsu_current_plus_frsu_only_history
7,0.2513029417854235,0.3214956783164224,dqn,DQN,100,100,100,5,50,59,10,0.29678362573099415,0.3237639553429027,59.68541943652647,55.83341057417099,30.291925886975847,34.01046488862643,73.57407479389467,29.020286310993576,25.328503681651082,26.36208866277459,246.5270436235963,115.93893228528195,184.73289346071329,305.64193375801557,182,21,424,684,203,182,21,481,57,424,849.2458881697492,30.0,42,31,6,500.0,2.155155515447353,fallback: No module named 'cvxpy',heuristic,,684,mobility_and_training_history_only,False,False,False,dqn_discrete_history_policy,106,mrsu_current_plus_hotspot_history,frsu_current_plus_frsu_only_history
7,0.2513029417854235,0.3214956783164224,dqn,DQN,100,100,100,6,60,69,10,0.29850746268656714,0.29850746268656714,62.35143083902117,55.83341057417099,31.231691881864503,33.4624585901683,75.45148358408971,27.708030748688007,25.74958224509688,25.620414742438236,275.9944704891557,125.67017855910392,170.48021543069117,337.1020391697147,170,30,470,670,200,170,30,470,0,470,95.95476423290006,12.236292021050303,38,17,6,0.0,1.1258910596650402,fallback: No module named 'cvxpy',heuristic,,670,mobility_and_training_history_only,False,False,False,dqn_discrete_history_policy,106,mrsu_current_plus_hotspot_history,frsu_current_plus_frsu_only_history
7,0.2513029417854235,0.3214956783164224,dqn,DQN,100,100,100,7,70,79,10,0.24492753623188407,0.2830820770519263,60.21164561464883,55.83341057417099,30.140916036004775,32.486803569194564,71.98670945388581,29.06513832658756,26.722044573924986,27.46013022106583,234.46803029952005,110.78591154437582,155.248731021817,281.43519693275704,151,18,428,690,169,151,18,521,93,428,180.3055222004429,0.0,35,19,6,150.0,1.000169520782944,fallback: No module named 'cvxpy',heuristic,,690,mobility_and_training_history_only,False,False,False,dqn_discrete_history_policy,106,mrsu_current_plus_hotspot_history,frsu_current_plus_frsu_only_history
7,0.2513029417854235,0.3214956783164224,dqn,DQN,100,100,100,8,80,89,10,0.27514792899408286,0.31155778894472363,54.95773347290363,55.83341057417099,29.625826376321,31.357496793239296,66.3206887769385,30.200712952434763,27.661766721815265,34.36404993369049,171.3595907547196,110.74314765022748,131.18709061458847,197.5980427894906,162,24,411,676,186,162,24,490,79,411,285.1574818862251,19.063992670142223,37,23,3,100.0,2.0981963585543904,fallback: No module named 'cvxpy',heuristic,,676,mobility_and_training_history_only,False,False,False,dqn_discrete_history_policy,63,global_history,global_history
7,0.2513029417854235,0.3214956783164224,dqn,DQN,100,100,100,9,90,99,10,0.3130434782608696,0.37565217391304345,51.48939686660766,55.83341057417099,31.7122393037874,32.38385207452815,63.34197545797439,27.379353273090206,26.672068916345356,36.80431310425853,144.96057511989702,138.22496673403978,149.95253352535894,148.1965145114351,191,25,359,690,216,191,25,474,115,359,559.4936307213619,30.0,39,35,6,150.0,2.0678114300104924,fallback: No module named 'cvxpy',heuristic,,690,mobility_and_training_history_only,False,False,False,dqn_discrete_history_policy,103,selected_hotspot_history,global_history
7,0.3061463907344748,0.40798747063429913,dqn,DQN,150,150,150,0,0,9,10,0.23738872403560832,0.41131105398457585,53.92829776599594,52.31304402218193,26.309386896599186,34.342565771708024,70.5242408477431,34.93927116284498,24.7693254895801,27.616601564147725,206.49170354770695,75.69577519655044,189.87994895836496,259.4836998644114,83,77,229,674,160,83,77,514,285,229,362.8252618713212,30.0,16,25,0,750.0,1.5862414965986393,fallback: No module named 'cvxpy',heuristic,,674,mobility_and_training_history_only,False,False,False,dqn_discrete_history_policy,10,mrsu_current_plus_hotspot_history,frsu_current_plus_frsu_only_history
7,0.3061463907344748,0.40798747063429913,dqn,DQN,150,150,150,1,10,19,10,0.10147058823529412,0.44516129032258067,43.83773548204073,52.31304402218193,32.61085966924437,23.88689170227955,54.36696746561538,26.20816348685848,37.50816294418673,57.69067953531607,75.77200816641667,154.3751074775332,32.54807915649298,33.95563110070228,54,15,86,680,69,54,15,611,525,86,662.8252618713211,30.0,12,12,6,200.0,1.9625405949414323,fallback: No module named 'cvxpy',heuristic,,680,mobility_and_training_history_only,False,False,False,dqn_discrete_history_policy,99,mrsu_current_history,global_history
7,0.3061463907344748,0.40798747063429913,dqn,DQN,150,150,150,2,20,29,10,0.2925764192139738,0.3933463796477495,52.36267995683423,52.31304402218193,33.833849513429044,31.50636922545894,65.14235062940647,25.186094482400783,27.327853005216557,33.57846268802532,165.29351271124435,176.20335416425783,129.70583216431137,173.5188969433051,99,102,310,687,201,99,102,486,176,310,962.8252618713211,30.0,20,29,0,100.0,1.309568656165922,fallback: No module named 'cvxpy',heuristic,,687,mobility_and_training_history_only,False,False,False,dqn_discrete_history_policy,14,global_history,frsu_current_plus_frsu_only_history
7,0.3061463907344748,0.40798747063429913,dqn,DQN,150,150,150,3,30,39,10,0.4171597633136095,0.4392523364485981,47.05000497359853,52.31304402218193,29.18826340352974,27.60389623182875,61.825084082826805,29.99009481550525,33.86645517918625,44.551672913218795,118.3807056495615,92.53662123517094,94.16911104464299,137.8180629239285,104,178,360,676,282,104,178,394,34,360,262.8252618713211,30.0,21,43,6,500.0,1.5494751187509561,fallback: No module named 'cvxpy',heuristic,,676,mobility_and_training_history_only,False,False,False,dqn_discrete_history_policy,98,mrsu_current_history,frsu_current_plus_frsu_only_history
7,0.3061463907344748,0.40798747063429913,dqn,DQN,150,150,150,4,40,49,10,0.3274596182085169,0.42234848484848486,48.321246851996506,52.31304402218193,27.974806686400076,32.55515965567743,62.29644350370589,32.08597592748271,27.20093413622104,43.99974151794722,127.940703189315,81.98473561669495,162.6869217946203,145.6654559697044,163,60,305,681,223,163,60,458,153,305,562.8252618713211,30.0,32,38,7,700.0,1.443816105145514,fallback: No module named 'cvxpy',heuristic,,681,mobility_and_training_history_only,False,False,False,dqn_discrete_history_policy,118,selected_hotspot_history,frsu_current_plus_frsu_only_history
7,0.3061463907344748,0.40798747063429913,dqn,DQN,150,150,150,5,50,59,10,0.3932748538011696,0.4190031152647975,55.55829585193497,52.31304402218193,30.120153040216337,33.074620236593276,73.68990390032675,29.575707953590964,26.279718303963342,26.227143936080626,229.61530978355424,116.9668834231469,167.0954834290818,307.2264478285659,242,27,373,684,269,242,27,415,42,373,862.8252618713211,30.0,43,31,6,500.0,2.0654360031046974,fallback: No module named 'cvxpy',heuristic,,684,mobility_and_training_history_only,False,False,False,dqn_discrete_history_policy,98,mrsu_current_history,frsu_current_plus_frsu_only_history
7,0.3061463907344748,0.40798747063429913,dqn,DQN,150,150,150,6,60,69,10,0.3746268656716418,0.3746268656716418,58.88221368567604,52.31304402218193,30.8398793328754,32.567539913014286,75.49117200516666,28.15342379460681,27.074866905536066,25.525930402321457,258.5829052362834,119.08075146437386,161.09729348527807,337.5382266295715,205,46,419,670,251,205,46,419,0,419,82.02284833749445,6.913596133192348,37,17,6,0.0,1.0395729078666023,fallback: No module named 'cvxpy',heuristic,,670,mobility_and_training_history_only,False,False,False,dqn_discrete_history_policy,98,mrsu_current_history,frsu_current_plus_frsu_only_history
7,0.3061463907344748,0.40798747063429913,dqn,DQN,150,150,150,7,70,79,10,0.3,0.3670212765957447,56.33441179795695,52.31304402218193,30.776150953835348,31.761419499047182,71.09319075240657,28.209465598864334,27.587454027418357,28.09241092243082,214.4323754058236,119.22106769920244,144.8047290783558,268.06234780058327,185,22,357,690,207,185,22,483,126,357,263.37238126870574,27.316063696699217,33,19,0,0.0,1.9605471679095567,fallback: No module named 'cvxpy',heuristic,,690,mobility_and_training_history_only,False,False,False,dqn_discrete_history_policy,2,mrsu_current_history,frsu_current_plus_frsu_only_history
7,0.3061463907344748,0.40798747063429913,dqn,DQN,150,150,150,8,80,89,10,0.29142011834319526,0.4245689655172414,49.808514181529695,52.31304402218193,30.358337622319286,30.73487208393047,64.12131699688905,29.833744187682292,28.567628744580347,37.37982746386965,149.9179004611324,129.54025342384077,125.72854674927495,165.33854670292914,170,27,267,676,197,170,27,479,212,267,562.9272015988649,30.0,31,23,7,950.0,1.7867060404051045,fallback: No module named 'cvxpy',heuristic,,676,mobility_and_training_history_only,False,False,False,dqn_discrete_history_policy,118,selected_hotspot_history,frsu_current_plus_frsu_only_history
7,0.3061463907344748,0.40798747063429913,dqn,DQN,150,150,150,9,90,99,10,0.32608695652173914,0.4143646408839779,49.65332063563017,52.31304402218193,32.61245768183151,29.33481789661993,63.06075766854658,26.54696399543295,30.030012565289276,37.31500229181508,134.9969409816838,156.29354220734734,97.14158680960796,144.29622048272012,94,131,318,690,225,94,131,465,147,318,862.9272015988649,30.0,19,35,0,400.0,1.8903417467650128,fallback: No module named 'cvxpy',heuristic,,690,mobility_and_training_history_only,False,False,False,dqn_discrete_history_policy,15,global_history,global_history
7,0.3591089014960521,0.48522118627256494,dqn,DQN,200,200,200,0,0,9,10,0.2789317507418398,0.4832904884318766,51.25513724804623,49.39165927200741,27.114807743299693,34.46700401455202,70.39581136443744,33.39792715323793,24.662304155681596,27.765170280717975,198.96389416053387,80.26567668409308,192.59640322690586,257.45233490952126,94,94,201,674,188,94,94,486,285,201,348.6683257374647,30.0,16,25,5,50.0,2.086892006802721,fallback: No module named 'cvxpy',heuristic,,674,mobility_and_training_history_only,False,False,False,dqn_discrete_history_policy,87,selected_hotspot_history,global_history
7,0.3591089014960521,0.48522118627256494,dqn,DQN,200,200,200,1,10,19,10,0.1161764705882353,0.5096774193548387,42.21251934822934,49.39165927200741,31.941229556652623,23.565821745442886,54.321890336127865,26.820469126418253,37.9463287751895,57.91625051804963,78.73929763122592,140.3957619306148,29.08605487502985,33.68884384268489,66,13,76,680,79,66,13,601,525,76,648.6683257374648,30.0,12,12,5,150.0,1.8605662105549015,fallback: No module named 'cvxpy',heuristic,,680,mobility_and_training_history_only,False,False,False,dqn_discrete_history_policy,87,selected_hotspot_history,global_history
7,0.3591089014960521,0.48522118627256494,dqn,DQN,200,200,200,2,20,29,10,0.37554585152838427,0.5048923679060665,48.962975962301606,49.39165927200741,34.24688378237513,31.545103277438262,65.42224051207411,24.83810761374035,27.28661547435643,33.344316613383505,167.07900880749875,185.37246677885017,130.29184548561003,178.03257536588603,122,136,253,687,258,122,136,429,176,253,948.6683257374648,30.0,21,29,5,0.0,1.2716333874256496,fallback: No module named 'cvxpy',heuristic,,687,mobility_and_training_history_only,False,False,False,dqn_discrete_history_policy,87,selected_hotspot_history,global_history
7,0.3591089014960521,0.48522118627256494,dqn,DQN,200,200,200,3,30,39,10,0.5029585798816568,0.5052005943536404,45.57048091162583,49.39165927200741,29.752535852895445,27.578878692950127,63.0786551135386,29.560817133321645,33.91689351111327,43.026489416639464,126.87885688977762,104.15295822925394,94.0954714067469,156.36463107494131,132,208,333,676,340,132,208,336,3,333,248.66832573746478,30.0,22,43,5,400.0,1.3730407003508196,fallback: No module named 'cvxpy',heuristic,,676,mobility_and_training_history_only,False,False,False,dqn_discrete_history_policy,87,selected_hotspot_history,global_history
7,0.3591089014960521,0.48522118627256494,dqn,DQN,200,200,200,4,40,49,10,0.38472834067547723,0.4962121212121212,47.17390065327072,49.39165927200741,29.95960033748173,33.92872569197482,62.32383491959799,28.921351032521613,25.273336543870915,43.787937319861555,142.44246869359503,102.58668801099886,181.76779874797137,145.68043914346921,141,121,266,681,262,141,121,419,153,266,436.6683257374648,2.0,23,38,5,350.0,0.9238867887861937,fallback: No module named 'cvxpy',heuristic,,681,mobility_and_training_history_only,False,False,False,dqn_discrete_history_policy,87,selected_hotspot_history,global_history
7,0.3591089014960521,0.48522118627256494,dqn,DQN,200,200,200,5,50,59,10,0.2997076023391813,0.45964125560538116,51.43936713603763,49.39165927200741,29.266380284967088,34.728863910867545,68.66826125804853,30.2252439438244,24.444028243929765,30.14441934222903,186.75000363985373,98.91931872080872,198.03105746763322,231.8506062067951,133,72,241,684,205,133,72,479,238,241,619.316123541543,30.0,24,31,7,850.0,1.3368209724596631,fallback: No module named 'cvxpy',heuristic,,684,mobility_and_training_history_only,False,False,False,dqn_discrete_history_policy,127,global_history,global_history
7,0.3591089014960521,0.48522118627256494,dqn,DQN,200,200,200,6,60,69,10,0.3447761194029851,0.4676113360323887,53.790839401080824,49.39165927200741,28.01913665465251,29.933723763220005,76.20842769449494,32.0766258997429,30.73935112437126,25.96058065529902,229.48639617304028,84.60077929112448,130.65504827980828,351.49000617327613,201,30,263,670,231,201,30,439,176,263,919.316123541543,30.0,32,17,6,0.0,1.3023507740898717,fallback: No module named 'cvxpy',heuristic,,670,mobility_and_training_history_only,False,False,False,dqn_discrete_history_policy,105,mrsu_current_plus_hotspot_history,frsu_only_history
7,0.3591089014960521,0.48522118627256494,dqn,DQN,200,200,200,7,70,79,10,0.44782608695652176,0.44782608695652176,53.82268963804662,49.39165927200741,28.93377386711323,31.157385755721474,73.56463312803136,31.041185085411886,27.902444885727338,25.9604081768426,215.9862014493208,100.37742866228798,125.62448918671859,304.71148804075494,233,76,381,690,309,233,76,381,0,381,135.316123541543,6.0,36,19,1,50.0,0.8917852978993955,fallback: No module named 'cvxpy',heuristic,,690,mobility_and_training_history_only,False,False,False,dqn_discrete_history_policy,19,mrsu_current_history,global_history
7,0.3591089014960521,0.48522118627256494,dqn,DQN,200,200,200,8,80,89,10,0.42159763313609466,0.4765886287625418,48.79378525539097,49.39165927200741,29.450444022130426,29.042297607699716,66.51496226458268,29.773140419326168,30.37550165479188,34.055465469274075,151.80873758963503,99.33784653279992,96.06036461710792,200.45485564139364,202,83,313,676,285,202,83,391,78,313,310.81928387663976,27.000574606381228,32,23,7,950.0,1.904709787695314,fallback: No module named 'cvxpy',heuristic,,676,mobility_and_training_history_only,False,False,False,dqn_discrete_history_policy,119,selected_hotspot_history,global_history
7,0.3591089014960521,0.48522118627256494,dqn,DQN,200,200,200,9,90,99,10,0.41884057971014493,0.518850987432675,46.812135990581496,49.39165927200741,31.610426342351996,31.774390679874227,63.18422293409856,27.541220666336038,27.303314587033984,37.25530025020874,142.32590659622784,138.48915637844343,139.41515934184434,146.3458197013922,255,34,268,690,289,255,34,401,133,268,609.9084231450569,30.0,36,35,6,150.0,1.9151908833413207,fallback: No module named 'cvxpy',heuristic,,690,mobility_and_training_history_only,False,False,False,dqn_discrete_history_policy,101,selected_hotspot_history,frsu_only_history
7,0.3940906760943741,0.5400402414486921,dqn,DQN,250,250,250,0,0,9,10,0.3115727002967359,0.5398457583547558,48.77807185267028,47.29647638235784,25.75239651019423,34.35373001877085,71.178428305724,35.57717679618956,24.760540753416752,26.964249900519867,190.80114980509526,66.92383007544451,190.14955064953267,270.04454627500695,114,96,179,674,210,114,96,464,285,179,363.4316865333867,30.0,16,25,1,800.0,1.5612117346938774,fallback: No module named 'cvxpy',heuristic,,674,mobility_and_training_history_only,False,False,False,dqn_discrete_history_policy,26,mrsu_current_plus_hotspot_history,frsu_current_plus_frsu_only_history
7,0.3940906760943741,0.5400402414486921,dqn,DQN,250,250,250,1,10,19,10,0.12941176470588237,0.567741935483871,41.694468752739596,47.29647638235784,32.515159417915406,25.553932960064405,54.374268457390876,26.289949537665667,34.30068257524243,57.78247539098589,96.99861512239342,152.21989806201,43.31796724036045,34.22158058871636,82,6,67,680,88,82,6,592,525,67,663.4316865333867,30.0,12,12,1,950.0,1.3783551340372096,fallback: No module named 'cvxpy',heuristic,,680,mobility_and_training_history_only,False,False,False,dqn_discrete_history_policy,23,selected_hotspot_history,global_history
7,0.3940906760943741,0.5400402414486921,dqn,DQN,250,250,250,2,20,29,10,0.40756914119359533,0.547945205479452,47.311139063081306,47.29647638235784,33.91482414856383,31.492787439520583,65.15330266718742,25.114911011712184,27.32894149920255,33.62353026440681,161.42968245197136,177.90430649175835,129.10758333324233,173.78034873817302,127,153,231,687,280,127,153,407,176,231,963.4316865333867,30.0,19,29,7,250.0,1.5600090456018354,fallback: No module named 'cvxpy',heuristic,,687,mobility_and_training_history_only,False,False,False,dqn_discrete_history_policy,127,global_history,global_history
7,0.3940906760943741,0.5400402414486921,dqn,DQN,250,250,250,3,30,39,10,0.5325443786982249,0.5607476635514018,42.940012436536776,47.29647638235784,29.686154239829243,27.855297172028447,61.37905323327471,30.180706781705144,33.31390114303392,45.98753362686056,114.06791993172114,107.55281813260076,95.05204675342362,132.75805167076646,126,234,282,676,360,126,234,316,34,282,224.06522010340313,14.253413428006525,18,43,7,150.0,1.0160932292753047,fallback: No module named 'cvxpy',heuristic,,676,mobility_and_training_history_only,False,False,False,dqn_discrete_history_policy,118,selected_hotspot_history,frsu_current_plus_frsu_only_history
7,0.3940906760943741,0.5400402414486921,dqn,DQN,250,250,250,4,40,49,10,0.4287812041116006,0.553030303030303,44.64499767089834,47.29647638235784,28.597878232822335,33.594481116609025,62.23449922747894,30.99909123119473,26.021054815848203,44.18636341184354,133.16598951790834,90.57871009188591,180.57148712213558,145.0569151541873,185,107,236,681,292,185,107,389,153,236,488.27657352307864,30.0,28,38,7,700.0,1.3971590914165963,fallback: No module named 'cvxpy',heuristic,,681,mobility_and_training_history_only,False,False,False,dqn_discrete_history_policy,118,selected_hotspot_history,frsu_current_plus_frsu_only_history
7,0.3940906760943741,0.5400402414486921,dqn,DQN,250,250,250,5,50,59,10,0.38011695906432746,0.5739514348785872,46.565303104781165,47.29647638235784,29.4656017445255,33.95414665117649,68.83369881331481,30.18735225126398,25.253594399750774,29.917177785008747,166.19126475885147,105.949668474546,183.20142489711705,234.1368972561291,227,33,193,684,260,227,33,424,231,193,676.2765735230787,2.0,31,31,3,600.0,0.8723450462567324,fallback: No module named 'cvxpy',heuristic,,684,mobility_and_training_history_only,False,False,False,dqn_discrete_history_policy,53,selected_hotspot_history,frsu_only_history
7,0.3940906760943741,0.5400402414486921,dqn,DQN,250,250,250,6,60,69,10,0.3895522388059702,0.52834008097166,50.99238310334556,47.29647638235784,28.412583909211882,30.28641484393214,75.98807342559553,31.839472807150596,30.03111199603615,26.437195860508687,215.68846685258177,91.33189272429549,131.25688843593184,348.64915786611044,224,37,233,670,261,224,37,409,176,233,885.1705110351663,30.0,31,17,3,950.0,1.0677452163247596,fallback: No module named 'cvxpy',heuristic,,670,mobility_and_training_history_only,False,False,False,dqn_discrete_history_policy,53,selected_hotspot_history,frsu_only_history
7,0.3940906760943741,0.5400402414486921,dqn,DQN,250,250,250,7,70,79,10,0.4753623188405797,0.4753623188405797,52.992282375549955,47.29647638235784,30.53928620979718,30.961612531452452,73.28160117458064,28.697363738662656,28.312181614674138,26.28431325931421,214.52978058973127,118.54961150436347,126.70880627517487,300.4358946940753,281,47,362,690,328,281,47,362,0,362,174.3396734528185,22.779441611768064,41,19,5,150.0,1.1079475533413585,fallback: No module named 'cvxpy',heuristic,,690,mobility_and_training_history_only,False,False,False,dqn_discrete_history_policy,85,selected_hotspot_history,frsu_only_history
7,0.3940906760943741,0.5400402414486921,dqn,DQN,250,250,250,8,80,89,10,0.4526627218934911,0.5406360424028268,47.27586586125739,47.29647638235784,31.22727426592034,32.64293809380436,65.93513950511127,27.99436284597933,26.607786666026634,34.79521328374425,161.93865085766254,132.6442418441358,159.05845307593302,192.14900580536911,264,42,260,676,306,264,42,370,110,260,465.16387234234685,30.0,35,23,2,100.0,1.9221722000215402,fallback: No module named 'cvxpy',heuristic,,676,mobility_and_training_history_only,False,False,False,dqn_discrete_history_policy,40,mrsu_current_plus_hotspot_history,frsu_current_history
7,0.3940906760943741,0.5400402414486921,dqn,DQN,250,250,250,9,90,99,10,0.43333333333333335,0.551660516605166,45.5774939503873,47.29647638235784,31.050977895777574,31.489036269873644,63.25518916665,28.47210515042475,27.504405142977483,36.58356793156323,138.58834693809476,133.68941475324007,129.7312993507749,146.39170209093533,190,109,243,690,299,190,109,391,148,243,765.1638723423468,30.0,27,35,6,150.0,1.673195129220255,fallback: No module named 'cvxpy',heuristic,,690,mobility_and_training_history_only,False,False,False,dqn_discrete_history_policy,102,selected_hotspot_history,frsu_current_plus_frsu_only_history
7,0.44383407527925084,0.5996430696014278,dqn,DQN,300,300,300,0,0,9,10,0.3367952522255193,0.583547557840617,47.25280675797342,45.093414836999195,26.631386473562603,34.32587225950675,71.01859650908011,33.92967815766645,24.783436978882147,27.08168999030172,186.43535337170977,73.26118669951371,189.50596113550588,267.52239161554525,119,108,162,674,227,119,108,447,285,162,350.5000979696063,30.0,16,25,6,50.0,2.0180144557823123,fallback: No module named 'cvxpy',heuristic,,674,mobility_and_training_history_only,False,False,False,dqn_discrete_history_policy,108,global_history,frsu_current_history
7,0.44383407527925084,0.5996430696014278,dqn,DQN,300,300,300,1,10,19,10,0.14558823529411766,0.6387096774193548,39.52257949043117,45.093414836999195,31.894762898035587,23.88109738809275,54.43848123590601,26.855078950320944,37.13620095612119,57.60134232992275,94.50257808626436,139.21398269492292,30.50300537975546,34.87187660223717,89,10,56,680,99,89,10,581,525,56,650.5000979696063,30.0,12,12,6,200.0,1.850587117537471,fallback: No module named 'cvxpy',heuristic,,680,mobility_and_training_history_only,False,False,False,dqn_discrete_history_policy,108,global_history,frsu_current_history
7,0.44383407527925084,0.5996430696014278,dqn,DQN,300,300,300,2,20,29,10,0.438136826783115,0.589041095890411,46.129094116094365,45.093414836999195,34.22391344383436,31.54024773930884,65.22510473214112,24.85632181130097,27.301262487046284,33.53202900724646,163.81302181356867,184.82663213909186,130.48816722772037,174.83549425607154,142,159,210,687,301,142,159,386,176,210,950.5000979696063,30.0,21,29,4,300.0,1.5597622876054982,fallback: No module named 'cvxpy',heuristic,,687,mobility_and_training_history_only,False,False,False,dqn_discrete_history_policy,70,selected_hotspot_history,frsu_current_plus_frsu_only_history
7,0.44383407527925084,0.5996430696014278,dqn,DQN,300,300,300,3,30,39,10,0.5636094674556213,0.5934579439252337,41.82514037365648,45.093414836999195,29.423248116658492,27.762553733441326,61.373410775597215,29.9934187469131,33.665044410778876,46.04462249614384,112.03051670468085,99.10928248856074,96.96727995843175,132.75551597932088,154,227,261,676,381,154,227,295,34,261,250.0,29.49990203039374,21,43,0,250.0,0.9580786141361105,fallback: No module named 'cvxpy',heuristic,,676,mobility_and_training_history_only,False,False,False,dqn_discrete_history_policy,14,global_history,frsu_current_plus_frsu_only_history
7,0.44383407527925084,0.5996430696014278,dqn,DQN,300,300,300,4,40,49,10,0.49632892804698975,0.6401515151515151,41.426032513982406,45.093414836999195,28.314560540524468,32.52637211772622,62.844252152874155,31.372121809267032,27.438479773381587,42.62622256726154,122.4073491582869,84.49581909588066,166.03517459739788,152.9426785686176,252,86,190,681,338,252,86,343,153,190,550.0,30.0,31,38,6,650.0,1.2373256802721089,fallback: No module named 'cvxpy',heuristic,,681,mobility_and_training_history_only,False,False,False,dqn_discrete_history_policy,97,mrsu_current_history,frsu_only_history
7,0.44383407527925084,0.5996430696014278,dqn,DQN,300,300,300,5,50,59,10,0.4093567251461988,0.6073752711496746,45.19629865866332,45.093414836999195,29.665807162181277,34.25851674703148,68.68851256879104,29.906636641736608,24.842456766925572,29.92801766993678,160.4566579235021,108.82451234922142,186.83045024316678,231.27917761977693,259,21,181,684,280,259,21,404,223,181,678.0,0.0,32,31,3,600.0,0.755221088435374,fallback: No module named 'cvxpy',heuristic,,684,mobility_and_training_history_only,False,False,False,dqn_discrete_history_policy,51,mrsu_current_history,global_history
7,0.44383407527925084,0.5996430696014278,dqn,DQN,300,300,300,6,60,69,10,0.417910447761194,0.5668016194331984,49.6385752313127,45.093414836999195,29.15146362027494,28.67672693643583,76.52844086251112,30.340543591918486,32.13697788333713,25.554540490163927,210.7174725017847,97.70259697838807,108.96782677960209,356.58703518451796,242,38,214,670,280,242,38,390,176,214,877.2901797323606,30.0,31,17,3,950.0,1.0247947278911562,fallback: No module named 'cvxpy',heuristic,,670,mobility_and_training_history_only,False,False,False,dqn_discrete_history_policy,55,selected_hotspot_history,global_history
7,0.44383407527925084,0.5996430696014278,dqn,DQN,300,300,300,7,70,79,10,0.5811594202898551,0.5811594202898551,48.54065708255796,45.093414836999195,30.432202375168707,30.761097866205525,73.59750037913183,28.844814648383984,28.515910250993656,25.997370732284597,196.53436766299097,117.3199017556148,123.64125746210499,305.11359994936447,340,61,289,690,401,340,61,289,0,289,177.29017973236068,30.0,41,19,6,850.0,1.994284671109836,fallback: No module named 'cvxpy',heuristic,,690,mobility_and_training_history_only,False,False,False,dqn_discrete_history_policy,107,mrsu_current_plus_hotspot_history,global_history
7,0.44383407527925084,0.5996430696014278,dqn,DQN,300,300,300,8,80,89,10,0.5088757396449705,0.5951557093425606,45.26590263028519,45.093414836999195,30.467384980064416,32.937733925956884,66.55647834847612,28.932788482952304,26.380894392933342,33.8686473737655,155.77635717026922,118.95930594644614,165.19344676293355,201.20697009791743,300,44,234,676,344,300,44,332,98,234,335.2901797323607,0.0,36,23,3,250.0,0.7784725962799038,fallback: No module named 'cvxpy',heuristic,,676,mobility_and_training_history_only,False,False,False,dqn_discrete_history_policy,51,mrsu_current_history,global_history
7,0.44383407527925084,0.5996430696014278,dqn,DQN,300,300,300,9,90,99,10,0.5405797101449276,0.626890756302521,43.00571771317974,45.093414836999195,29.780845774276035,33.39687765232079,63.87394558405076,29.505741922614916,25.744776938308245,35.55314292054929,133.71956043396284,106.7506117907527,170.42245138381548,155.2270160992474,290,83,222,690,373,290,83,317,95,222,452.2464749715475,21.26478095257943,35,35,3,250.0,1.8810445350554144,fallback: No module named 'cvxpy',heuristic,,690,mobility_and_training_history_only,False,False,False,dqn_discrete_history_policy,51,mrsu_current_history,global_history
7,0.4661100124931714,0.6397340318355833,dqn,DQN,350,350,350,0,0,9,10,0.35756676557863504,0.6195372750642674,45.57791383314655,43.85975346145631,25.960476102641646,34.43569377630689,71.22337700171754,35.00502913772004,24.692715987336648,26.864127334890934,179.90513526224512,67.01014136555473,192.02496849143208,270.82447678424427,131,110,148,674,241,131,110,433,285,148,361.5258127192354,30.0,16,25,3,850.0,1.6302508503401358,fallback: No module named 'cvxpy',heuristic,,674,mobility_and_training_history_only,False,False,False,dqn_discrete_history_policy,56,mrsu_current_plus_hotspot_history,frsu_current_history
7,0.4661100124931714,0.6397340318355833,dqn,DQN,350,350,350,1,10,19,10,0.1514705882352941,0.6645161290322581,39.26634974885835,43.85975346145631,32.494019739108005,23.604847340680358,54.390228883253776,26.319377043157637,37.32269487457414,57.947321445379195,104.6018032740798,152.09524735009182,25.99763270589411,34.7777918627863,93,10,52,680,103,93,10,577,525,52,661.5258127192353,30.0,12,12,5,200.0,1.8114875319003683,fallback: No module named 'cvxpy',heuristic,,680,mobility_and_training_history_only,False,False,False,dqn_discrete_history_policy,84,selected_hotspot_history,frsu_current_history
7,0.4661100124931714,0.6397340318355833,dqn,DQN,350,350,350,2,20,29,10,0.4847161572052402,0.6516634050880626,44.22934357625025,43.85975346145631,34.06386175466913,31.65480056903133,65.88592996830577,24.992220616501935,27.189595009429954,32.990693324902665,164.17056961329752,181.3057910801228,132.59240246274834,185.480019230911,138,195,178,687,333,138,195,354,176,178,961.5258127192353,30.0,20,29,1,50.0,1.0546125319003683,fallback: No module named 'cvxpy',heuristic,,687,mobility_and_training_history_only,False,False,False,dqn_discrete_history_policy,19,mrsu_current_history,global_history
7,0.4661100124931714,0.6397340318355833,dqn,DQN,350,350,350,3,30,39,10,0.6375739644970414,0.6713395638629284,39.22040881601403,43.85975346145631,29.015515607963167,27.731129824005432,61.76987323391967,30.234017728420543,33.76765243876048,44.461884289962,108.3356560946714,90.25326010539442,96.8351430458352,136.53748286270448,151,280,211,676,431,151,280,245,34,211,261.5258127192353,30.0,21,43,1,300.0,0.9917383822405041,fallback: No module named 'cvxpy',heuristic,,676,mobility_and_training_history_only,False,False,False,dqn_discrete_history_policy,19,mrsu_current_history,global_history
7,0.4661100124931714,0.6397340318355833,dqn,DQN,350,350,350,4,40,49,10,0.49632892804698975,0.6401515151515151,42.819150516024216,43.85975346145631,30.67736180349866,33.650060830945755,62.29092692181806,28.231010236032258,25.896110361637895,43.7282768771847,143.33156974384994,116.39195883816231,180.60755407816802,145.29087255164805,202,136,190,681,338,202,136,343,153,190,437.31931096535277,0.4741872807646814,27,38,5,350.0,0.8002417836010485,fallback: No module named 'cvxpy',heuristic,,681,mobility_and_training_history_only,False,False,False,dqn_discrete_history_policy,84,selected_hotspot_history,frsu_current_history
7,0.4661100124931714,0.6397340318355833,dqn,DQN,350,350,350,5,50,59,10,0.42543859649122806,0.6524663677130045,44.227377640278156,43.85975346145631,29.14131784718314,34.25905472943498,68.65415472211642,30.428221294088104,24.98760901283973,30.013140961509905,168.7531612987922,98.13354466049289,190.34570605356936,231.1355703140314,173,118,155,684,291,173,118,393,238,155,618.4868967175165,30.0,24,31,7,850.0,1.2253241814593272,fallback: No module named 'cvxpy',heuristic,,684,mobility_and_training_history_only,False,False,False,dqn_discrete_history_policy,116,selected_hotspot_history,frsu_current_history
7,0.4661100124931714,0.6397340318355833,dqn,DQN,350,350,350,6,60,69,10,0.44925373134328356,0.6093117408906883,46.76467216373998,43.85975346145631,27.975000907002155,29.393994557670055,75.79673580728077,32.20093206266784,31.171734608454834,26.78086724171447,189.12200960663887,84.2436433285366,118.20155951835757,346.1787212682213,264,37,193,670,301,264,37,369,176,193,918.4868967175165,30.0,32,17,7,50.0,1.3109245172604258,fallback: No module named 'cvxpy',heuristic,,670,mobility_and_training_history_only,False,False,False,dqn_discrete_history_policy,116,selected_hotspot_history,frsu_current_history
7,0.4661100124931714,0.6397340318355833,dqn,DQN,350,350,350,7,70,79,10,0.6173913043478261,0.6173913043478261,47.16454788242924,43.85975346145631,30.491891322931714,30.95576661958296,73.95394106448838,29.16243123665386,28.38113038319724,25.65271172085415,193.97815597980664,120.4291807893788,128.378916399957,310.70213558751374,361,65,264,690,426,361,65,264,0,264,194.52280683077925,18.017955056631305,41,19,5,150.0,1.0014984968522627,fallback: No module named 'cvxpy',heuristic,,690,mobility_and_training_history_only,False,False,False,dqn_discrete_history_policy,82,mrsu_current_history,frsu_current_plus_frsu_only_history
7,0.4661100124931714,0.6397340318355833,dqn,DQN,350,350,350,8,80,89,10,0.5384615384615384,0.6431095406360424,43.90635601062966,43.85975346145631,31.120001358099636,33.373922027402,66.53426704407887,28.14306942763432,25.928492336659442,33.780700888109656,158.9137099048677,131.51991300510224,173.3478950700103,200.61522839552617,327,37,202,676,364,327,37,312,110,202,468.3563380193936,30.0,35,23,4,50.0,1.7781067456778101,fallback: No module named 'cvxpy',heuristic,,676,mobility_and_training_history_only,False,False,False,dqn_discrete_history_policy,77,global_history,frsu_only_history
7,0.4661100124931714,0.6397340318355833,dqn,DQN,350,350,350,9,90,99,10,0.5028985507246376,0.6402214022140221,42.89476239832241,43.85975346145631,31.154457757965115,31.81866300992191,63.384554657158716,28.2855578065996,26.91460026625702,36.310271905214876,139.065612000293,134.74804280919494,132.5006337252156,148.10864164757805,229,118,195,690,347,229,118,343,148,195,768.3563380193937,30.0,27,35,6,150.0,1.6076078490101624,fallback: No module named 'cvxpy',heuristic,,690,mobility_and_training_history_only,False,False,False,dqn_discrete_history_policy,102,selected_hotspot_history,frsu_current_plus_frsu_only_history
7,0.5244338254584731,0.6672272047832586,dqn,DQN,400,400,400,0,0,9,10,0.36053412462908013,0.6246786632390745,45.15833614109697,42.92142535458976,24.858184137324805,34.561515247601015,71.50192417236887,37.248536532192766,24.588231632656296,26.7313935701764,179.07761764435017,58.45606447728793,194.89081563762534,275.17587305283183,131,112,146,674,243,131,112,431,285,146,366.37239553558084,30.0,16,25,1,800.0,1.4502423469387753,fallback: No module named 'cvxpy',heuristic,,674,mobility_and_training_history_only,False,False,False,dqn_discrete_history_policy,16,mrsu_current_history,frsu_current_history
7,0.5244338254584731,0.6672272047832586,dqn,DQN,400,400,400,1,10,19,10,0.15735294117647058,0.6903225806451613,39.17197654066614,42.92142535458976,32.56760397764895,25.05712377173977,54.36362872526126,26.246979690441155,35.15302745790002,57.95180143531985,114.34491559533198,153.47277743503443,39.795167777580254,34.22724084791951,104,3,48,680,107,104,3,573,525,48,666.3723955355808,30.0,12,12,3,0.0,1.3870237089329964,fallback: No module named 'cvxpy',heuristic,,680,mobility_and_training_history_only,False,False,False,dqn_discrete_history_policy,59,mrsu_current_plus_hotspot_history,global_history
7,0.5244338254584731,0.6672272047832586,dqn,DQN,400,400,400,2,20,29,10,0.5094614264919942,0.6769825918762089,43.22838560106038,42.92142535458976,33.93463496339018,31.538510494465132,65.67635259658167,25.10061524380934,27.289424156923815,33.143692558821954,160.12355186181048,178.23123204963943,129.96672271072705,181.99819478046163,143,207,167,687,350,143,207,337,170,167,966.3723955355808,30.0,19,29,4,300.0,1.49395398104184,fallback: No module named 'cvxpy',heuristic,,687,mobility_and_training_history_only,False,False,False,dqn_discrete_history_policy,64,mrsu_current_history,frsu_current_history
7,0.5244338254584731,0.6672272047832586,dqn,DQN,400,400,400,3,30,39,10,0.643491124260355,0.677570093457944,39.17263330142806,42.92142535458976,29.885184895308125,27.534224421326805,61.69941872300882,29.366417245821836,34.04133872289786,45.03402581365633,111.14826472378795,105.9324971569507,94.77992104969312,136.38638820203656,170,265,207,676,435,170,265,241,34,207,242.37239553558084,18.0,20,43,4,200.0,0.9507822123343572,fallback: No module named 'cvxpy',heuristic,,676,mobility_and_training_history_only,False,False,False,dqn_discrete_history_policy,68,selected_hotspot_history,frsu_current_history
7,0.5244338254584731,0.6672272047832586,dqn,DQN,400,400,400,4,40,49,10,0.5418502202643172,0.6988636363636364,39.49476686397178,42.92142535458976,28.389871248554314,33.16983117231164,62.44061748822247,31.356431644967735,26.571641062427247,43.269246377269276,121.43410122798947,88.41542999761833,174.72552361261808,147.03624515375662,275,94,159,681,369,275,94,312,153,159,528.0612076518624,30.0,31,38,4,600.0,1.1065612939670102,fallback: No module named 'cvxpy',heuristic,,681,mobility_and_training_history_only,False,False,False,dqn_discrete_history_policy,68,selected_hotspot_history,frsu_current_history
7,0.5244338254584731,0.6672272047832586,dqn,DQN,400,400,400,5,50,59,10,0.5877192982456141,0.6813559322033899,43.89439914526278,42.92142535458976,29.804809675586345,33.791849276922974,72.91934014281823,29.922304570395735,25.456273250954357,26.779906151447822,175.77059790938497,111.16754213510923,179.12575310171178,295.11422264872283,350,52,188,684,402,350,52,282,94,188,824.0758309537699,26.014623301907456,40,31,4,800.0,1.0036692395763882,fallback: No module named 'cvxpy',heuristic,,684,mobility_and_training_history_only,False,False,False,dqn_discrete_history_policy,68,selected_hotspot_history,frsu_current_history
7,0.5244338254584731,0.6672272047832586,dqn,DQN,400,400,400,6,60,69,10,0.6358208955223881,0.6533742331288344,45.13441524769117,42.92142535458976,29.29597034475308,31.184381333199227,74.44605601938422,30.53923994748273,28.803690899554216,26.81756170430344,183.9333953127155,104.65977908457114,140.9210058536325,322.93154032687704,361,65,226,670,426,361,65,244,18,226,982.0758309537699,0.0,37,17,1,900.0,0.6791223381274459,fallback: No module named 'cvxpy',heuristic,,670,mobility_and_training_history_only,False,False,False,dqn_discrete_history_policy,28,global_history,frsu_current_history
7,0.5244338254584731,0.6672272047832586,dqn,DQN,400,400,400,7,70,79,10,0.6304347826086957,0.6322674418604651,45.76629274317922,42.92142535458976,28.939777506521303,31.530712361978065,73.49907831573951,30.425525610414287,27.51073219620733,26.143013215319154,177.15541440979806,93.0617243390324,132.20981544930174,303.63932160695833,318,117,253,690,435,318,117,255,2,253,97.9982507175971,21.07680359342314,35,19,3,950.0,1.8978209775832284,fallback: No module named 'cvxpy',heuristic,,690,mobility_and_training_history_only,False,False,False,dqn_discrete_history_policy,57,mrsu_current_plus_hotspot_history,frsu_only_history
7,0.5244338254584731,0.6672272047832586,dqn,DQN,400,400,400,8,80,89,10,0.613905325443787,0.6414219474497682,44.425210030636904,42.92142535458976,30.818779404092602,30.931968916619077,68.72380477406875,28.59392727150944,28.19070844757222,31.756083825933956,163.49817717014787,124.12438295058713,124.59056688077365,233.7629674068385,332,83,232,676,415,332,83,261,29,232,359.5444262866699,15.848142095556625,38,23,5,300.0,0.9231677502575998,fallback: No module named 'cvxpy',heuristic,,676,mobility_and_training_history_only,False,False,False,dqn_discrete_history_policy,82,mrsu_current_history,frsu_current_plus_frsu_only_history
7,0.5244338254584731,0.6672272047832586,dqn,DQN,400,400,400,9,90,99,10,0.563768115942029,0.7150735294117647,40.754452208277975,42.92142535458976,31.685978730663283,32.54730620893108,63.25777555532182,27.438821111857628,26.417132986923622,36.60040019967254,142.67648967867734,139.79064304095365,151.48807724262826,146.44753721930627,343,46,155,690,389,343,46,301,146,155,624.3123442920897,30.0,34,35,7,100.0,1.6888464975280095,fallback: No module named 'cvxpy',heuristic,,690,mobility_and_training_history_only,False,False,False,dqn_discrete_history_policy,113,mrsu_current_history,frsu_only_history
42,0.1409402350859047,0.21105970478078873,dqn,DQN,50,50,50,0,0,9,10,0.07511045655375552,0.2236842105263158,57.67919747264935,59.96005181472762,34.13334762631926,30.64943299179658,65.19187082654864,24.899321012889022,28.120789047916983,34.95605993202609,168.86188122783437,186.5501538340023,115.89169402099228,178.5356728106977,14,37,177,679,51,14,37,628,451,177,357.48991036510176,30.0,4,17,5,700.0,1.768796768707483,fallback: No module named 'cvxpy',heuristic,,679,mobility_and_training_history_only,False,False,False,dqn_discrete_history_policy,87,selected_hotspot_history,global_history
42,0.1409402350859047,0.21105970478078873,dqn,DQN,50,50,50,1,10,19,10,0.05970149253731343,0.2564102564102564,59.190970914521166,59.96005181472762,28.280082600338822,34.596917480112715,69.63207602700564,30.729267836525537,24.54219790837823,27.11625469116556,206.8522941894299,77.7858848761189,200.0,247.1436727414723,36,4,116,670,40,36,4,630,514,116,657.4899103651018,30.0,13,13,5,50.0,1.9121253614233267,fallback: No module named 'cvxpy',heuristic,,670,mobility_and_training_history_only,False,False,False,dqn_discrete_history_policy,87,selected_hotspot_history,global_history
42,0.1409402350859047,0.21105970478078873,dqn,DQN,50,50,50,2,20,29,10,0.1288888888888889,0.18550106609808104,64.46740905438509,59.96005181472762,29.428016732020136,31.519284705772577,72.26692551750529,29.768647847725703,27.24667020211206,26.732536077085403,254.13306727900036,99.71307665802813,129.20656319442384,286.75415138455935,54,33,382,675,87,54,33,588,206,382,957.4899103651018,30.0,19,13,5,200.0,1.7171253614233268,fallback: No module named 'cvxpy',heuristic,,675,mobility_and_training_history_only,False,False,False,dqn_discrete_history_policy,87,selected_hotspot_history,global_history
42,0.1409402350859047,0.21105970478078873,dqn,DQN,50,50,50,3,30,39,10,0.21190130624092887,0.21190130624092887,57.544106166431455,59.96005181472762,31.22311552457746,27.821528318503034,65.05345082744401,27.83851775321561,31.221666011412925,36.76864746389739,160.02204028269784,127.29635499058075,66.63834382000104,176.52913572177536,77,69,543,689,146,77,69,543,0,543,158.07558064476802,5.146417569916494,26,33,5,50.0,1.1265981505389733,fallback: No module named 'cvxpy',heuristic,,689,mobility_and_training_history_only,False,False,False,dqn_discrete_history_policy,87,selected_hotspot_history,global_history
42,0.1409402350859047,0.21105970478078873,dqn,DQN,50,50,50,4,40,49,10,0.20919881305637983,0.20919881305637983,55.953146004070874,59.96005181472762,31.15128263317654,31.921126950792015,62.41746714106123,27.90959339347408,27.040940167487324,39.9173195150932,137.01058994623975,125.92903750274606,138.20318649043062,138.39920329025054,74,67,533,674,141,74,67,533,0,533,365.49404342191303,30.0,30,40,0,450.0,1.3553308267944546,fallback: No module named 'cvxpy',heuristic,,674,mobility_and_training_history_only,False,False,False,dqn_discrete_history_policy,13,global_history,frsu_only_history
42,0.1409402350859047,0.21105970478078873,dqn,DQN,50,50,50,5,50,59,10,0.18573551263001487,0.22893772893772893,57.75932358399941,59.96005181472762,31.107961180059302,33.662420646781186,65.44186714874307,28.25709937856913,25.517566808351976,34.10831735990264,173.29943304486855,132.1132545333417,176.2425185282895,181.54494440385392,87,38,421,673,125,87,38,548,127,421,499.08828168525207,0.0,36,42,5,400.0,1.0525745802862068,fallback: No module named 'cvxpy',heuristic,,673,mobility_and_training_history_only,False,False,False,dqn_discrete_history_policy,87,selected_hotspot_history,global_history
42,0.1409402350859047,0.21105970478078873,dqn,DQN,50,50,50,6,60,69,10,0.11661807580174927,0.2222222222222222,58.98328650857392,59.96005181472762,31.145207670077365,31.862680672707683,66.90114966944142,28.078443006155734,27.32721416265334,33.41604379191321,191.4686848296345,131.4426780677245,145.875680244229,207.89732236706925,66,14,280,686,80,66,14,606,326,280,567.749556883068,0.0,28,29,5,550.0,1.0667804719044105,fallback: No module named 'cvxpy',heuristic,,686,mobility_and_training_history_only,False,False,False,dqn_discrete_history_policy,87,selected_hotspot_history,global_history
42,0.1409402350859047,0.21105970478078873,dqn,DQN,50,50,50,7,70,79,10,0.07725947521865889,0.2324561403508772,60.036642002184315,59.96005181472762,29.70971678753026,33.001994756904224,69.05205077162603,29.365548375850583,25.93889267271571,29.351281256163333,208.48982591098968,102.92603700522763,162.63447986167265,237.38985348983186,44,9,175,686,53,44,9,633,458,175,722.6815022818364,28.169444617957915,19,16,3,900.0,1.419978297140447,fallback: No module named 'cvxpy',heuristic,,686,mobility_and_training_history_only,False,False,False,dqn_discrete_history_policy,53,selected_hotspot_history,frsu_only_history
42,0.1409402350859047,0.21105970478078873,dqn,DQN,50,50,50,8,80,89,10,0.15058479532163743,0.19731800766283525,66.21923980177507,59.96005181472762,30.3295513348778,28.343607837520725,75.14603853454899,29.079238804691613,31.9648945390418,25.278125906120778,289.1861350012545,117.4729099516881,87.77927079459211,332.95635514817917,81,22,419,684,103,81,22,581,162,419,950.3437778672698,9.332078738695241,31,12,4,850.0,1.161219829346538,fallback: No module named 'cvxpy',heuristic,,684,mobility_and_training_history_only,False,False,False,dqn_discrete_history_policy,79,global_history,global_history
42,0.1409402350859047,0.21105970478078873,dqn,DQN,50,50,50,9,90,99,10,0.19440353460972018,0.19790104947526238,61.698846965101616,59.96005181472762,28.889394627054507,30.00761857367417,69.69774305309734,30.39589822734067,29.363742272992774,28.697364536406614,214.72020982439938,88.9149209275673,107.99888331509727,244.11915536562452,86,46,535,679,132,86,46,547,12,535,184.5977589035483,23.526499043988082,37,21,1,150.0,1.2358073404732297,fallback: No module named 'cvxpy',heuristic,,679,mobility_and_training_history_only,False,False,False,dqn_discrete_history_policy,23,selected_hotspot_history,global_history
42,0.23440240625490966,0.3076181292189007,dqn,DQN,100,100,100,0,0,9,10,0.0898379970544919,0.2675438596491228,56.03114657586455,57.514664716475224,34.09879825472021,30.866062506667333,64.87474468817639,24.92789451137169,27.91574033234739,35.26463059373706,164.41373920842472,185.75193181659,120.18782875989793,173.50132413261443,18,43,167,679,61,18,43,618,451,167,361.8506271110376,30.0,4,17,6,650.0,1.6200382653061225,fallback: No module named 'cvxpy',heuristic,,679,mobility_and_training_history_only,False,False,False,dqn_discrete_history_policy,106,mrsu_current_plus_hotspot_history,frsu_current_plus_frsu_only_history
42,0.23440240625490966,0.3076181292189007,dqn,DQN,100,100,100,1,10,19,10,0.08358208955223881,0.358974358974359,54.97737870628771,57.514664716475224,28.175900609912823,34.596917480112715,69.66515559674765,30.848030132086734,24.54219790837823,27.090013883258568,190.03801921536177,76.01840449155695,200.0,247.6899236852703,51,5,100,670,56,51,5,614,514,100,661.8506271110376,30.0,13,13,6,100.0,1.8962013276127938,fallback: No module named 'cvxpy',heuristic,,670,mobility_and_training_history_only,False,False,False,dqn_discrete_history_policy,106,mrsu_current_plus_hotspot_history,frsu_current_plus_frsu_only_history
42,0.23440240625490966,0.3076181292189007,dqn,DQN,100,100,100,2,20,29,10,0.17629629629629628,0.2510548523206751,61.582463362044024,57.514664716475224,29.423607033892814,31.584667834329505,72.11288705283863,29.960475327778823,27.198240482834546,26.855248394610477,240.85102413092147,101.77683936626518,130.67786693101192,284.1323927417369,78,41,355,675,119,78,41,556,201,355,961.8506271110376,30.0,20,13,6,250.0,1.6930168038032702,fallback: No module named 'cvxpy',heuristic,,675,mobility_and_training_history_only,False,False,False,dqn_discrete_history_policy,106,mrsu_current_plus_hotspot_history,frsu_current_plus_frsu_only_history
42,0.23440240625490966,0.3076181292189007,dqn,DQN,100,100,100,3,30,39,10,0.3193033381712627,0.3193033381712627,53.80307192130562,57.514664716475224,31.41804775330783,27.8721191461051,65.0822530801572,27.700399722039034,31.243482689062617,36.80184744074959,153.11226107440487,130.91273236687874,69.04979997279641,177.11178847791498,117,103,469,689,220,117,103,469,0,469,185.0746678364535,8.064011635833078,31,33,6,100.0,1.094092484075379,fallback: No module named 'cvxpy',heuristic,,689,mobility_and_training_history_only,False,False,False,dqn_discrete_history_policy,106,mrsu_current_plus_hotspot_history,frsu_current_plus_frsu_only_history
42,0.23440240625490966,0.3076181292189007,dqn,DQN,100,100,100,4,40,49,10,0.3367952522255193,0.337295690936107,52.09521623115772,57.514664716475224,31.568646548893366,31.967121486103046,62.47916151665574,27.778061691396587,27.403596518735313,39.964984938042264,139.6875872108213,136.2679336729224,146.96173551458986,139.72570699186315,156,71,446,674,227,156,71,447,1,446,411.73844845401715,30.0,40,40,6,550.0,1.3962354148058076,fallback: No module named 'cvxpy',heuristic,,674,mobility_and_training_history_only,False,False,False,dqn_discrete_history_policy,106,mrsu_current_plus_hotspot_history,frsu_current_plus_frsu_only_history
42,0.23440240625490966,0.3076181292189007,dqn,DQN,100,100,100,5,50,59,10,0.26448736998514116,0.326007326007326,54.40534830728374,57.514664716475224,31.174965612139495,34.05348048524982,65.35236751769295,28.03713866911558,25.04294377133927,34.27943816391487,167.40581106243775,130.01026023399643,181.4373474372368,180.32321818456458,141,37,368,673,178,141,37,495,127,368,539.7384484540171,0.0,37,42,4,450.0,0.9193828741526349,fallback: No module named 'cvxpy',heuristic,,673,mobility_and_training_history_only,False,False,False,dqn_discrete_history_policy,70,selected_hotspot_history,frsu_current_plus_frsu_only_history
42,0.23440240625490966,0.3076181292189007,dqn,DQN,100,100,100,6,60,69,10,0.2521865889212828,0.3174311926605505,57.96445827759142,57.514664716475224,30.173680288794287,31.22088736521955,70.82110242336479,29.261307285463502,28.053494193822583,29.018509256198534,219.65406745502855,114.88225285372945,134.95124506732142,267.0838204466913,149,24,372,686,173,149,24,513,141,372,706.7013628588863,30.0,37,29,6,850.0,1.3142243707512744,fallback: No module named 'cvxpy',heuristic,,686,mobility_and_training_history_only,False,False,False,dqn_discrete_history_policy,106,mrsu_current_plus_hotspot_history,frsu_current_plus_frsu_only_history
42,0.23440240625490966,0.3076181292189007,dqn,DQN,100,100,100,7,70,79,10,0.24927113702623907,0.2928082191780822,64.42448020051687,57.514664716475224,28.923192622340675,32.2575868716437,78.88135271477603,30.220205777646207,26.54136320246212,22.107782813934165,301.7247621782627,87.41843564171002,141.2546933225992,386.54629754708554,141,30,413,686,171,141,30,515,102,413,894.7013628588863,2.0,36,16,4,800.0,0.9909310854263049,fallback: No module named 'cvxpy',heuristic,,686,mobility_and_training_history_only,False,False,False,dqn_discrete_history_policy,67,mrsu_current_history,global_history
42,0.23440240625490966,0.3076181292189007,dqn,DQN,100,100,100,8,80,89,10,0.28654970760233917,0.3010752688172043,61.67946131177335,57.514664716475224,29.777035495268997,30.265922518796103,75.36617193773256,29.477513708629747,29.533527273842136,24.487991677363738,266.19568685000513,103.04451877581182,118.10303600354996,334.7552166229711,144,52,455,684,196,144,52,488,33,455,19.70261757012952,21.09113722022602,38,12,7,800.0,2.0952130582154207,fallback: No module named 'cvxpy',heuristic,,684,mobility_and_training_history_only,False,False,False,dqn_discrete_history_policy,119,selected_hotspot_history,global_history
42,0.23440240625490966,0.3076181292189007,dqn,DQN,100,100,100,9,90,99,10,0.2857142857142857,0.30359937402190923,57.070897743909065,57.514664716475224,28.170815160259334,30.460698452943735,69.47449427448443,31.903720897148904,29.088539406715057,28.57570503542148,195.43882991528167,86.00938346970106,119.15355506563944,240.3148615777468,156,38,445,679,194,156,38,485,40,445,308.10621461696917,26.88933869680622,41,21,7,300.0,1.2859002026010085,fallback: No module named 'cvxpy',heuristic,,679,mobility_and_training_history_only,False,False,False,dqn_discrete_history_policy,121,mrsu_current_plus_hotspot_history,frsu_only_history
42,0.2602960700120331,0.4078341013824885,dqn,DQN,150,150,150,0,0,9,10,0.11045655375552282,0.32894736842105265,54.092120497872315,52.65253506256286,34.356122204371665,30.44696441490408,65.2229823672331,24.727026295246453,28.31543681138181,34.8331970652548,163.24451268219957,192.14466453933227,111.89959995445194,178.97299171522718,18,57,153,679,75,18,57,604,451,153,351.05231072365575,30.0,3,17,7,950.0,1.9981335034013603,fallback: No module named 'cvxpy',heuristic,,679,mobility_and_training_history_only,False,False,False,dqn_discrete_history_policy,121,mrsu_current_plus_hotspot_history,frsu_only_history
42,0.2602960700120331,0.4078341013824885,dqn,DQN,150,150,150,1,10,19,10,0.08059701492537313,0.34615384615384615,55.602420211085395,52.65253506256286,29.123953827567785,0.0,69.62043182588884,29.681864821926162,0.0,27.135243087023234,192.26767963723586,88.97692425188687,0.0,246.95102072359708,54,0,102,670,54,54,0,616,514,102,651.0523107236558,30.0,13,13,2,950.0,1.5310342069436014,fallback: No module named 'cvxpy',heuristic,,670,mobility_and_training_history_only,False,False,False,dqn_discrete_history_policy,32,mrsu_current_history,frsu_current_history
42,0.2602960700120331,0.4078341013824885,dqn,DQN,150,150,150,2,20,29,10,0.25925925925925924,0.373134328358209,56.704428268980905,52.65253506256286,29.345474052560924,31.938060812052065,72.33696421344061,29.860046769542738,26.857586894046126,26.63771189414851,223.57260087519597,99.0704744419886,137.48369793818634,288.0123749809533,101,74,294,675,175,101,74,500,206,294,950.0,28.94768927634425,19,13,7,950.0,1.2847416899367985,fallback: No module named 'cvxpy',heuristic,,675,mobility_and_training_history_only,False,False,False,dqn_discrete_history_policy,127,global_history,global_history
42,0.2602960700120331,0.4078341013824885,dqn,DQN,150,150,150,3,30,39,10,0.41509433962264153,0.41509433962264153,50.51520781191424,52.65253506256286,31.31790192665043,27.148897860424434,65.23566417470681,27.67565221251813,32.09630624584913,36.652410082095436,147.48294659574182,127.8939418731352,58.939164340049345,179.52180954654233,180,106,403,689,286,180,106,403,0,403,239.12286110682908,22.74857407121936,36,33,2,200.0,1.1032312925170067,fallback: No module named 'cvxpy',heuristic,,689,mobility_and_training_history_only,False,False,False,dqn_discrete_history_policy,32,mrsu_current_history,frsu_current_history
42,0.2602960700120331,0.4078341013824885,dqn,DQN,150,150,150,4,40,49,10,0.38724035608308605,0.43791946308724833,46.991620922498534,52.65253506256286,28.887073535046078,30.91988539914814,60.75714153066383,30.662488856401982,28.197842133515337,42.44457451893081,108.43650390580959,94.27463021091746,124.12864319217503,114.47956153988845,205,56,335,674,261,205,56,413,78,335,528.6129182609532,30.0,41,40,7,200.0,2.1344081377039794,fallback: No module named 'cvxpy',heuristic,,674,mobility_and_training_history_only,False,False,False,dqn_discrete_history_policy,117,selected_hotspot_history,frsu_only_history
42,0.2602960700120331,0.4078341013824885,dqn,DQN,150,150,150,5,50,59,10,0.4086181277860327,0.43720190779014306,51.47720068162285,52.65253506256286,30.870210793934252,31.85310391602729,67.33552268874527,28.149784947172105,27.337274740143634,32.620087741469106,173.10365412451918,120.77617258117293,141.99389408308636,210.51693226948214,221,54,354,673,275,221,54,398,44,354,828.6129182609532,30.0,40,42,3,500.0,2.046455417145115,fallback: No module named 'cvxpy',heuristic,,673,mobility_and_training_history_only,False,False,False,dqn_discrete_history_policy,54,selected_hotspot_history,frsu_current_plus_frsu_only_history
42,0.2602960700120331,0.4078341013824885,dqn,DQN,150,150,150,6,60,69,10,0.4037900874635568,0.4037900874635568,56.12173859902322,52.65253506256286,32.31452588899036,31.544694747880033,72.44684826351686,27.029078307621347,27.797852268191477,27.457566382441538,232.86454303508705,153.2901573243682,138.9960042331235,290.49676607330787,170,107,409,686,277,170,107,409,0,409,128.61291826095317,30.0,31,29,3,800.0,2.0450736144240262,fallback: No module named 'cvxpy',heuristic,,686,mobility_and_training_history_only,False,False,False,dqn_discrete_history_policy,51,mrsu_current_history,global_history
42,0.2602960700120331,0.4078341013824885,dqn,DQN,150,150,150,7,70,79,10,0.17346938775510204,0.4131944444444444,54.20881490813648,52.65253506256286,33.235290571680395,33.77026506228352,68.82520911221533,25.85614048273096,25.242227102953716,28.926142305885286,208.1580019176515,169.6249736171787,177.88511843701596,232.94464935199514,71,48,169,686,119,71,48,567,398,169,428.61291826095317,30.0,12,16,6,0.0,1.9831008253083797,fallback: No module named 'cvxpy',heuristic,,686,mobility_and_training_history_only,False,False,False,dqn_discrete_history_policy,98,mrsu_current_history,frsu_current_plus_frsu_only_history
42,0.2602960700120331,0.4078341013824885,dqn,DQN,150,150,150,8,80,89,10,0.10964912280701754,0.4166666666666667,50.939060437610394,52.65253506256286,30.78241645061422,30.833477213011573,65.32888259786141,28.451407958908142,27.9460199640024,35.510286162766384,160.43546630174063,129.03276775261395,119.26132699096789,184.3549467147962,59,16,105,684,75,59,16,609,504,105,728.6129182609532,30.0,11,12,4,100.0,1.6662343287097405,fallback: No module named 'cvxpy',heuristic,,684,mobility_and_training_history_only,False,False,False,dqn_discrete_history_policy,75,mrsu_current_plus_hotspot_history,global_history
42,0.2602960700120331,0.4078341013824885,dqn,DQN,150,150,150,9,90,99,10,0.2547864506627393,0.4128878281622912,53.55326624039306,52.65253506256286,30.431128040775832,31.093973673842473,69.51756253672008,28.65370969186627,28.119481486263364,29.85927115691144,193.18310030867062,114.5037190159395,127.59700675124418,242.6598129621624,63,110,246,679,173,63,110,506,260,246,7.477781874655307,19.432431806851078,15,21,7,950.0,1.1355498049002166,fallback: No module named 'cvxpy',heuristic,,679,mobility_and_training_history_only,False,False,False,dqn_discrete_history_policy,118,selected_hotspot_history,frsu_current_plus_frsu_only_history
42,0.3691371559886625,0.4724468685348881,dqn,DQN,200,200,200,0,0,9,10,0.1561119293078056,0.4649122807017544,50.11453428856545,50.92720604443477,34.22215361792673,30.890592518679107,65.75229613067442,24.835029295127534,27.856101071326094,34.08930311337214,167.60153229563673,188.94337411582373,119.66238918261108,187.1063745709271,39,67,122,679,106,39,67,573,451,122,368.32223057913393,30.0,7,17,5,600.0,1.3849702380952382,fallback: No module named 'cvxpy',heuristic,,679,mobility_and_training_history_only,False,False,False,dqn_discrete_history_policy,87,selected_hotspot_history,global_history
42,0.3691371559886625,0.4724468685348881,dqn,DQN,200,200,200,1,10,19,10,0.12985074626865672,0.5576923076923077,46.68368863626623,50.92720604443477,27.932710992265402,34.54229851369899,69.75147892466437,31.151478251687628,24.583738117938463,27.005956272542672,155.5427358586292,72.6350579247347,198.5894944988253,249.12594398622747,81,6,69,670,87,81,6,583,514,69,668.3222305791339,30.0,13,13,5,50.0,1.66218024990699,fallback: No module named 'cvxpy',heuristic,,670,mobility_and_training_history_only,False,False,False,dqn_discrete_history_policy,87,selected_hotspot_history,global_history
42,0.3691371559886625,0.4724468685348881,dqn,DQN,200,200,200,2,20,29,10,0.32296296296296295,0.4439918533604888,53.86380346803627,50.92720604443477,29.72703506046653,31.983084262829827,72.43542006382133,30.003919135450868,26.817991754274658,26.52937704866333,214.1214613527674,108.83799599723469,137.9549198461386,289.1282632588088,133,85,273,675,218,133,85,457,184,273,968.3222305791339,30.0,22,13,5,200.0,1.46718024990699,fallback: No module named 'cvxpy',heuristic,,675,mobility_and_training_history_only,False,False,False,dqn_discrete_history_policy,87,selected_hotspot_history,global_history
42,0.3691371559886625,0.4724468685348881,dqn,DQN,200,200,200,3,30,39,10,0.4716981132075472,0.4716981132075472,48.34820561988367,50.92720604443477,31.331307956949107,27.653445637506525,65.15850702528077,27.83998841831579,31.48088897741325,36.72865290938011,140.95553367383343,131.93157123692862,65.39294010910103,178.26039293879623,165,160,364,689,325,165,160,364,0,364,126.32223057913393,0.0,26,33,5,50.0,0.8862193655532482,fallback: No module named 'cvxpy',heuristic,,689,mobility_and_training_history_only,False,False,False,dqn_discrete_history_policy,87,selected_hotspot_history,global_history
42,0.3691371559886625,0.4724468685348881,dqn,DQN,200,200,200,4,40,49,10,0.46142433234421365,0.46142433234421365,47.35331258593616,50.92720604443477,30.12306379195493,29.882673378515186,62.24710064985537,28.99554194332755,29.342179065829484,40.628471289959755,123.40243443196836,109.51973620759416,106.35376671134975,137.032040706164,112,199,363,674,311,112,199,363,0,363,226.32223057913393,0.0,20,40,7,200.0,0.9339613723559693,fallback: No module named 'cvxpy',heuristic,,674,mobility_and_training_history_only,False,False,False,dqn_discrete_history_policy,127,global_history,global_history
42,0.3691371559886625,0.4724468685348881,dqn,DQN,200,200,200,5,50,59,10,0.4145616641901932,0.4728813559322034,50.11343746095528,50.92720604443477,30.392808448713527,34.09509724873767,65.70974828285624,28.45714609389723,25.076127319353702,33.40369142210897,171.07949212426206,108.96666130904406,183.25889913436734,184.7580964335512,103,176,311,673,279,103,176,394,83,311,423.69737536031926,26.023142785882026,18,42,6,400.0,1.0058193655532484,fallback: No module named 'cvxpy',heuristic,,673,mobility_and_training_history_only,False,False,False,dqn_discrete_history_policy,104,mrsu_current_plus_hotspot_history,frsu_current_history
42,0.3691371559886625,0.4724468685348881,dqn,DQN,200,200,200,6,60,69,10,0.42419825072886297,0.5339449541284403,49.472006041951744,50.92720604443477,30.460938444485578,33.170612759954665,70.96436613779815,28.94202260951953,26.04942970775814,28.714010885429104,190.98231034432197,118.03296118962528,169.10741261258775,269.1289655238367,264,27,254,686,291,264,27,395,141,254,722.4397953462892,30.0,39,29,7,900.0,1.470979126317299,fallback: No module named 'cvxpy',heuristic,,686,mobility_and_training_history_only,False,False,False,dqn_discrete_history_policy,126,global_history,frsu_current_plus_frsu_only_history
42,0.3691371559886625,0.4724468685348881,dqn,DQN,200,200,200,7,70,79,10,0.42128279883381925,0.46537842190016104,55.29195132746932,50.92720604443477,27.708398969166034,31.91932548981952,78.75754407193182,32.20981420001468,26.826632247103568,22.161341423274035,246.35164900776252,80.04906168665073,133.35509073298647,384.2109516788736,246,43,332,686,289,246,43,397,65,332,998.6990867002362,18.129645676973517,39,16,2,950.0,1.01092180346479,fallback: No module named 'cvxpy',heuristic,,686,mobility_and_training_history_only,False,False,False,dqn_discrete_history_policy,39,selected_hotspot_history,global_history
42,0.3691371559886625,0.4724468685348881,dqn,DQN,200,200,200,8,80,89,10,0.43567251461988304,0.43567251461988304,55.247607514175655,50.92720604443477,29.83390439816722,31.06405655341035,74.65717613159656,29.228853894699345,28.607970374093554,25.188162468033955,229.94942130080548,102.33660463553129,131.68775240029848,323.45057055929533,232,66,386,684,298,232,66,386,0,386,31.217669408130178,0.0,39,12,2,0.0,0.7213553029359514,fallback: No module named 'cvxpy',heuristic,,684,mobility_and_training_history_only,False,False,False,dqn_discrete_history_policy,37,selected_hotspot_history,frsu_only_history
42,0.3691371559886625,0.4724468685348881,dqn,DQN,200,200,200,9,90,99,10,0.4536082474226804,0.48200312989045385,49.67319988497762,50.92720604443477,27.327866505748215,30.305226576193533,69.67427237622677,32.84215139542661,29.132347003923414,28.403036547717228,167.31764718258455,73.6706655363473,114.79819233904094,243.52323022912242,220,88,331,679,308,220,88,371,40,331,222.78233059186982,22.782330591869822,36,21,2,200.0,0.9374867576605871,fallback: No module named 'cvxpy',heuristic,,679,mobility_and_training_history_only,False,False,False,dqn_discrete_history_policy,42,mrsu_current_plus_hotspot_history,frsu_current_plus_frsu_only_history
42,0.3965006223596861,0.5244945567651633,dqn,DQN,250,250,250,0,0,9,10,0.17525773195876287,0.5219298245614035,47.808107120632705,48.99982114927536,34.14109404333693,30.292314949727608,66.01279530323697,24.896827436744857,28.441549142034198,33.79926681010647,157.02823198365678,186.8753035948369,108.35232256105476,191.43956881311834,26,93,109,679,119,26,93,560,451,109,364.1161176587983,30.0,4,17,1,800.0,1.5338945578231291,fallback: No module named 'cvxpy',heuristic,,679,mobility_and_training_history_only,False,False,False,dqn_discrete_history_policy,23,selected_hotspot_history,global_history
42,0.3965006223596861,0.5244945567651633,dqn,DQN,250,250,250,1,10,19,10,0.14029850746268657,0.6025641025641025,45.09462978427494,48.99982114927536,28.39008792024722,34.596917480112715,69.41976913298383,30.57192555858532,24.54219790837823,27.30602810893671,151.98837005286487,78.63178098892642,200.0,243.63090524479196,84,10,62,670,94,84,10,576,514,62,664.1161176587983,30.0,13,13,4,750.0,1.2254585708530858,fallback: No module named 'cvxpy',heuristic,,670,mobility_and_training_history_only,False,False,False,dqn_discrete_history_policy,73,mrsu_current_plus_hotspot_history,frsu_only_history
42,0.3965006223596861,0.5244945567651633,dqn,DQN,250,250,250,2,20,29,10,0.3585185185185185,0.4948875255623722,51.84001832791722,48.99982114927536,29.87804190939302,32.01355808861351,72.51013050491824,29.434265405227286,26.799349938005648,26.423629688664597,206.51096485508378,108.38834300157671,138.98828100840976,290.50643272503953,144,98,247,675,242,144,98,433,186,247,964.1161176587983,30.0,21,13,1,150.0,1.2555436048666913,fallback: No module named 'cvxpy',heuristic,,675,mobility_and_training_history_only,False,False,False,dqn_discrete_history_policy,23,selected_hotspot_history,global_history
42,0.3965006223596861,0.5244945567651633,dqn,DQN,250,250,250,3,30,39,10,0.525399129172714,0.525399129172714,46.29703441860803,48.99982114927536,31.354364366856696,27.11561446045551,64.92604143287278,27.89516103172472,32.0896698184928,36.8259381145959,134.4916122373141,131.14100621220297,57.35264103433112,174.53089717531896,201,161,327,689,362,201,161,327,0,327,180.11611765879843,6.0,30,33,7,100.0,0.9313896933020656,fallback: No module named 'cvxpy',heuristic,,689,mobility_and_training_history_only,False,False,False,dqn_discrete_history_policy,127,global_history,global_history
42,0.3965006223596861,0.5244945567651633,dqn,DQN,250,250,250,4,40,49,10,0.5148367952522255,0.5148367952522255,46.12811719158126,48.99982114927536,31.060455114812964,30.990259391727562,62.15813532009755,28.336599897096917,27.9272176126479,40.8971774430666,130.51823209484135,130.70303686154216,120.83619078506271,136.05515411467596,157,190,327,674,347,157,190,327,0,327,207.76776468240314,0.0,26,40,7,200.0,0.8232129926217933,fallback: No module named 'cvxpy',heuristic,,674,mobility_and_training_history_only,False,False,False,dqn_discrete_history_policy,127,global_history,global_history
42,0.3965006223596861,0.5244945567651633,dqn,DQN,250,250,250,5,50,59,10,0.46805349182763745,0.5338983050847458,48.02022520867181,48.99982114927536,29.733404010916658,33.96598989518606,65.58087896413946,29.345239614561745,25.151745057464293,33.57308726475711,168.33394079248896,100.01183167941532,179.8344340618232,182.73572932517428,95,220,275,673,315,95,220,358,83,275,397.39546196265314,22.02978421758,16,42,7,350.0,1.0037369399264815,fallback: No module named 'cvxpy',heuristic,,673,mobility_and_training_history_only,False,False,False,dqn_discrete_history_policy,118,selected_hotspot_history,frsu_current_plus_frsu_only_history
42,0.3965006223596861,0.5244945567651633,dqn,DQN,250,250,250,6,60,69,10,0.4096209912536443,0.5676767676767677,47.95097387064927,48.99982114927536,30.458450927169736,31.27982587553851,70.80882000903736,29.212044744189058,28.09706115240458,28.428402362147956,185.96601085829258,123.18305026760956,137.24029891453216,266.50036466773724,252,29,214,686,281,252,29,405,191,214,690.5506456296555,30.0,36,29,6,850.0,1.3193170218975305,fallback: No module named 'cvxpy',heuristic,,686,mobility_and_training_history_only,False,False,False,dqn_discrete_history_policy,101,selected_hotspot_history,frsu_only_history
42,0.3965006223596861,0.5244945567651633,dqn,DQN,250,250,250,7,70,79,10,0.4577259475218659,0.5056360708534622,52.62123977826193,48.99982114927536,27.398436634704684,32.130194331427774,77.94135605995105,32.822076597777645,26.672505594330605,22.81795801875365,226.01740733346838,77.78561647380175,138.7286913819591,371.4752151764079,283,31,307,686,314,283,31,372,65,307,990.5506456296555,30.0,40,16,6,0.0,1.154367494014781,fallback: No module named 'cvxpy',heuristic,,686,mobility_and_training_history_only,False,False,False,dqn_discrete_history_policy,101,selected_hotspot_history,frsu_only_history
42,0.3965006223596861,0.5244945567651633,dqn,DQN,250,250,250,8,80,89,10,0.5029239766081871,0.5149700598802395,52.220680965380396,48.99982114927536,30.676719806582938,31.69098882551747,74.91921051342358,28.267143848441556,27.975992230518894,25.141977969073736,221.3226493502986,115.82208409820805,144.24960128918062,328.42219714049827,288,56,324,684,344,288,56,340,16,324,230.5506456296555,10.0,39,12,6,150.0,0.8938913035385908,fallback: No module named 'cvxpy',heuristic,,684,mobility_and_training_history_only,False,False,False,dqn_discrete_history_policy,101,selected_hotspot_history,frsu_only_history
42,0.3965006223596861,0.5244945567651633,dqn,DQN,250,250,250,9,90,99,10,0.41237113402061853,0.5243445692883895,48.97457477876513,48.99982114927536,32.04802315016319,32.48112837568387,67.56044458707676,27.20239224191689,26.72696799947421,29.949224490220416,178.17358410048374,146.86672654329217,153.1525744967834,211.6209410060488,237,43,254,679,280,237,43,399,145,254,456.4506213032075,30.0,33,21,5,0.0,1.676368344354917,fallback: No module named 'cvxpy',heuristic,,679,mobility_and_training_history_only,False,False,False,dqn_discrete_history_policy,85,selected_hotspot_history,frsu_only_history
42,0.45538193138787053,0.5893875998478509,dqn,DQN,300,300,300,0,0,9,10,0.18262150220913106,0.543859649122807,47.50210451166694,46.0960166853273,34.30774545662581,30.977018177222337,65.73188576761476,24.76845921933359,27.7748116488874,34.056221788862324,165.27120570712702,191.079546257854,121.30276089569436,186.83231176441845,46,78,104,679,124,46,78,555,451,104,367.5402356714586,30.0,7,17,6,650.0,1.4104294217687077,fallback: No module named 'cvxpy',heuristic,,679,mobility_and_training_history_only,False,False,False,dqn_discrete_history_policy,108,global_history,frsu_current_history
42,0.45538193138787053,0.5893875998478509,dqn,DQN,300,300,300,1,10,19,10,0.14626865671641792,0.6282051282051282,43.870244572023125,46.0960166853273,27.970925803121272,34.560504835836895,69.71208988336694,31.095935017130007,24.569891381418383,27.034840539819246,145.49778985168953,72.97660467978551,199.05966299921687,248.46897298913282,89,9,58,670,98,89,9,572,514,58,667.5402356714586,30.0,13,13,7,800.0,1.3242725235590767,fallback: No module named 'cvxpy',heuristic,,670,mobility_and_training_history_only,False,False,False,dqn_discrete_history_policy,121,mrsu_current_plus_hotspot_history,frsu_only_history
42,0.45538193138787053,0.5893875998478509,dqn,DQN,300,300,300,2,20,29,10,0.3837037037037037,0.5274949083503055,50.35949441687034,46.0960166853273,29.85188223396221,31.94558710121777,72.34228477799272,29.640392899753333,26.86251772160777,26.54903526743852,199.226478788162,108.93365609555198,137.48149566781785,287.59936361827897,158,101,232,675,259,158,101,416,184,232,967.5402356714586,30.0,22,13,6,250.0,1.490042081382206,fallback: No module named 'cvxpy',heuristic,,675,mobility_and_training_history_only,False,False,False,dqn_discrete_history_policy,109,global_history,frsu_only_history
42,0.45538193138787053,0.5893875998478509,dqn,DQN,300,300,300,3,30,39,10,0.5892597968069666,0.5892597968069666,44.213435036631836,46.0960166853273,31.38271386639478,27.630236255183092,65.10031174480437,27.805429590621852,31.54106820182063,36.99897536099423,132.67914556718253,131.44430360489784,65.73487030563435,177.86999314191704,219,187,283,689,406,219,187,283,0,283,183.5402356714585,6.0,32,33,6,100.0,0.8944128296815257,fallback: No module named 'cvxpy',heuristic,,689,mobility_and_training_history_only,False,False,False,dqn_discrete_history_policy,97,mrsu_current_history,frsu_only_history
42,0.45538193138787053,0.5893875998478509,dqn,DQN,300,300,300,4,40,49,10,0.6320474777448071,0.6329866270430906,43.168292731970354,46.0960166853273,31.644638118395576,31.80153591006618,62.9586144286937,27.533379097980593,27.319262006386104,39.902936676153196,141.5148983532738,136.43073947043735,139.54775390510903,148.60513626532642,293,133,247,674,426,293,133,248,1,247,408.84092912010664,30.0,38,40,6,550.0,1.2004198024706412,fallback: No module named 'cvxpy',heuristic,,674,mobility_and_training_history_only,False,False,False,dqn_discrete_history_policy,97,mrsu_current_history,frsu_only_history
42,0.45538193138787053,0.5893875998478509,dqn,DQN,300,300,300,5,50,59,10,0.49925705794947994,0.6153846153846154,43.9560303409722,46.0960166853273,29.956227360468755,33.4965993895095,65.04071978470543,29.12594045813019,25.70124309415297,34.599148177648544,141.86196732958473,105.28614623084823,173.03610680583648,175.21901001685322,258,78,210,673,336,258,78,337,127,210,596.8409291201067,2.0,35,42,3,500.0,0.7418698873819566,fallback: No module named 'cvxpy',heuristic,,673,mobility_and_training_history_only,False,False,False,dqn_discrete_history_policy,51,mrsu_current_history,global_history
42,0.45538193138787053,0.5893875998478509,dqn,DQN,300,300,300,6,60,69,10,0.4970845481049563,0.6078431372549019,45.81015070248263,46.0960166853273,29.831506689734343,27.96346237681578,71.08651555303844,29.23643838130134,31.90049370641722,28.905281045481296,166.97923969866292,102.92931333633332,84.37706161247374,271.3163305758718,281,60,220,686,341,281,60,345,125,220,732.6438992838566,23.055085484318173,36,29,5,550.0,1.8997785608513444,fallback: No module named 'cvxpy',heuristic,,686,mobility_and_training_history_only,False,False,False,dqn_discrete_history_policy,80,mrsu_current_history,frsu_current_history
42,0.45538193138787053,0.5893875998478509,dqn,DQN,300,300,300,7,70,79,10,0.5291545189504373,0.5845410628019324,49.23235431888695,46.0960166853273,27.31268600606523,32.05457238171319,78.91491538822207,32.83662673822527,26.726959993134855,22.017708045567606,210.86119033918135,75.26801811897018,136.73646637817825,386.62789295781135,300,63,258,686,363,300,63,323,65,258,5.698984768174796,18.0,39,16,3,950.0,0.902949835692891,fallback: No module named 'cvxpy',heuristic,,686,mobility_and_training_history_only,False,False,False,dqn_discrete_history_policy,51,mrsu_current_history,global_history
42,0.45538193138787053,0.5893875998478509,dqn,DQN,300,300,300,8,80,89,10,0.577485380116959,0.577485380116959,47.6037733692779,46.0960166853273,26.30440463079215,30.87367544579999,75.21335788234408,35.112639834654175,28.870131938247226,24.424596060208284,188.49163936588883,69.32103735803226,129.66108458217258,331.536910323709,300,95,289,684,395,300,95,289,0,289,101.50507615912602,0.0,40,12,1,50.0,0.6750020340870869,fallback: No module named 'cvxpy',heuristic,,684,mobility_and_training_history_only,False,False,False,dqn_discrete_history_policy,19,mrsu_current_history,global_history
42,0.45538193138787053,0.5893875998478509,dqn,DQN,300,300,300,9,90,99,10,0.5169366715758469,0.5763546798029556,45.35801004127774,46.0960166853273,27.66087768255386,30.915937902385092,68.57641842485741,31.909741098879195,28.69487735349754,29.122762672431538,144.40183351711835,73.12317924831338,128.00077773688085,226.91009301761432,283,68,258,679,351,283,68,328,70,258,291.505076159126,22.0,38,21,3,250.0,0.8141743533740884,fallback: No module named 'cvxpy',heuristic,,679,mobility_and_training_history_only,False,False,False,dqn_discrete_history_policy,51,mrsu_current_history,global_history
42,0.43064327686957043,0.6331821127673364,dqn,DQN,350,350,350,0,0,9,10,0.19734904270986744,0.5877192982456141,46.089439431936086,44.845530515820855,34.24540812333924,30.831563456488336,66.09678875854411,24.81687918016181,27.926629774806077,33.47770450258134,163.97964970460524,189.5209659469573,118.78397304524684,192.28651154579583,48,86,94,679,134,48,86,545,451,94,369.5038726442465,30.0,7,17,3,700.0,1.3481972789115646,fallback: No module named 'cvxpy',heuristic,,679,mobility_and_training_history_only,False,False,False,dqn_discrete_history_policy,56,mrsu_current_plus_hotspot_history,frsu_current_history
42,0.43064327686957043,0.6331821127673364,dqn,DQN,350,350,350,1,10,19,10,0.1701492537313433,0.7307692307692307,39.725597985001265,44.845530515820855,27.95778730197181,34.54229851369899,69.7855094927306,31.12350184157044,24.583738117938463,26.970393346201316,130.2136667644252,72.97450140958337,198.5894944988253,249.68711755921245,102,12,42,670,114,102,12,556,514,42,669.5038726442465,30.0,13,13,5,50.0,1.5566900335896907,fallback: No module named 'cvxpy',heuristic,,670,mobility_and_training_history_only,False,False,False,dqn_discrete_history_policy,84,selected_hotspot_history,frsu_current_history
42,0.43064327686957043,0.6331821127673364,dqn,DQN,350,350,350,2,20,29,10,0.41333333333333333,0.5682281059063137,48.66208297619647,44.845530515820855,29.864335295645496,32.00891473624682,72.29799073019731,29.763934272839823,26.80232883317803,26.609541613144717,192.64136356273403,109.64842854729224,138.69410377045506,286.9293365343544,170,109,212,675,279,170,109,396,184,212,969.5038726442465,30.0,22,13,3,0.0,1.0332376526373097,fallback: No module named 'cvxpy',heuristic,,675,mobility_and_training_history_only,False,False,False,dqn_discrete_history_policy,56,mrsu_current_plus_hotspot_history,frsu_current_history
42,0.43064327686957043,0.6331821127673364,dqn,DQN,350,350,350,3,30,39,10,0.6342525399129173,0.6342525399129173,42.92055114592825,44.845530515820855,30.86867373575916,26.881105111305214,65.40240547406033,28.59972596053816,32.59440408115642,36.300887513711345,137.09452542381433,127.05742038981599,58.021424058901594,181.8953767450394,337,100,252,689,437,337,100,252,0,252,269.5038726442465,30.0,42,33,1,300.0,0.9679740471951327,fallback: No module named 'cvxpy',heuristic,,689,mobility_and_training_history_only,False,False,False,dqn_discrete_history_policy,19,mrsu_current_history,global_history
42,0.43064327686957043,0.6331821127673364,dqn,DQN,350,350,350,4,40,49,10,0.5608308605341247,0.6428571428571429,40.75116167949536,44.845530515820855,29.384181213987464,32.42295269786492,59.967277243059755,30.046806035697713,26.768978717120753,44.23876985386411,108.96867854417748,99.20863453470436,153.4759803782946,104.31298755861592,292,86,210,674,378,292,86,296,86,210,485.5038726442465,6.0,38,40,1,400.0,0.736354149235949,fallback: No module named 'cvxpy',heuristic,,674,mobility_and_training_history_only,False,False,False,dqn_discrete_history_policy,19,mrsu_current_history,global_history
42,0.43064327686957043,0.6331821127673364,dqn,DQN,350,350,350,5,50,59,10,0.5230312035661219,0.6446886446886447,42.05484988863152,44.845530515820855,28.592446718233262,33.321417485915504,64.79952480105479,30.646493620996218,25.76083489394943,34.99222358667174,125.73711298128694,84.0986042712447,167.18298088210463,171.7367680317278,283,69,194,673,352,283,69,321,127,194,661.7516113390427,27.13595248996294,35,42,7,350.0,1.892509931548874,fallback: No module named 'cvxpy',heuristic,,673,mobility_and_training_history_only,False,False,False,dqn_discrete_history_policy,116,selected_hotspot_history,frsu_current_history
42,0.43064327686957043,0.6331821127673364,dqn,DQN,350,350,350,6,60,69,10,0.6399416909620991,0.6581709145427287,44.98257781783183,44.845530515820855,30.970682224536013,28.67681223820247,72.82685406468072,28.05505572250082,31.031330753743315,27.208393452174633,178.04352169679,121.88390774677661,94.09483525138586,296.65725309441933,353,86,228,686,439,353,86,247,19,228,945.3316385765283,20.80496283069982,41,29,7,900.0,1.0747739256674076,fallback: No module named 'cvxpy',heuristic,,686,mobility_and_training_history_only,False,False,False,dqn_discrete_history_policy,116,selected_hotspot_history,frsu_current_history
42,0.43064327686957043,0.6331821127673364,dqn,DQN,350,350,350,7,70,79,10,0.5612244897959183,0.5842185128983308,51.58612613969569,44.845530515820855,32.60876633844076,33.463703821005225,77.97369580223187,26.724402035679155,25.522350423709064,22.5798163277728,248.47845854752853,158.86309436637885,167.0282155245039,371.74568273245364,296,89,274,686,385,296,89,301,27,274,232.23060870742938,30.0,34,16,7,650.0,1.6569914888981323,fallback: No module named 'cvxpy',heuristic,,686,mobility_and_training_history_only,False,False,False,dqn_discrete_history_policy,116,selected_hotspot_history,frsu_current_history
42,0.43064327686957043,0.6331821127673364,dqn,DQN,350,350,350,8,80,89,10,0.26169590643274854,0.685823754789272,43.834752341792225,44.845530515820855,32.29248939689203,33.31611748370467,68.44395413516953,26.700479674507857,25.726478913297097,30.616371240794745,179.99016145073253,151.34155656612808,171.8092924794935,230.7964625045865,132,47,82,684,179,132,47,505,423,82,532.2306087074294,30.0,15,12,6,150.0,1.8064718073197978,fallback: No module named 'cvxpy',heuristic,,684,mobility_and_training_history_only,False,False,False,dqn_discrete_history_policy,102,selected_hotspot_history,frsu_current_plus_frsu_only_history
42,0.43064327686957043,0.6331821127673364,dqn,DQN,350,350,350,9,90,99,10,0.3446244477172312,0.6802325581395349,43.76713605302006,44.845530515820855,31.69950679319069,31.958310225725015,69.12065226581949,27.333337571893956,26.916211001612943,30.274744141254086,171.19501557959697,139.83287041979236,140.69004638941013,236.8588629568323,99,135,110,679,234,99,135,445,335,110,832.2306087074294,30.0,12,21,6,300.0,1.6708893243266,fallback: No module named 'cvxpy',heuristic,,679,mobility_and_training_history_only,False,False,False,dqn_discrete_history_policy,102,selected_hotspot_history,frsu_current_plus_frsu_only_history
42,0.49120331150683094,0.6503210741389376,dqn,DQN,400,400,400,0,0,9,10,0.20471281296023564,0.6096491228070176,45.423566791980946,44.37532341873239,34.17087451189184,30.950779362544395,66.21809145742262,24.875034714415786,27.7970374312998,33.444427114328946,164.1756086786051,187.66684671528105,120.71700618362055,194.43688643388407,50,89,89,679,139,50,89,540,451,89,372.46712910239154,30.0,7,17,5,600.0,1.232015306122449,fallback: No module named 'cvxpy',heuristic,,679,mobility_and_training_history_only,False,False,False,dqn_discrete_history_policy,84,selected_hotspot_history,frsu_current_history
42,0.49120331150683094,0.6503210741389376,dqn,DQN,400,400,400,1,10,19,10,0.16417910447761194,0.7051282051282052,40.32215685176931,44.37532341873239,27.794883391400138,34.514989030492124,69.6943233318615,31.354909212625948,24.60450822271858,27.055036217973058,126.59746036130979,71.14618235922781,197.88424174823797,248.17764172376582,106,4,46,670,110,106,4,560,514,46,672.4671291023915,30.0,13,13,4,750.0,1.1263794668607685,fallback: No module named 'cvxpy',heuristic,,670,mobility_and_training_history_only,False,False,False,dqn_discrete_history_policy,68,selected_hotspot_history,frsu_current_history
42,0.49120331150683094,0.6503210741389376,dqn,DQN,400,400,400,2,20,29,10,0.4088888888888889,0.5884861407249466,47.767788583497826,44.37532341873239,29.538089813945856,32.06049873760014,72.28193468961952,29.591542045567145,26.761755544641943,26.611075678799654,187.65899960474744,101.13017507768224,140.4336146707608,287.16597503424816,157,119,193,675,276,157,119,399,206,193,948.4671291023915,18.0,19,13,4,900.0,0.9377570178811766,fallback: No module named 'cvxpy',heuristic,,675,mobility_and_training_history_only,False,False,False,dqn_discrete_history_policy,64,mrsu_current_history,frsu_current_history
42,0.49120331150683094,0.6503210741389376,dqn,DQN,400,400,400,3,30,39,10,0.6792452830188679,0.6792452830188679,40.84787878117399,44.37532341873239,31.070695054711575,27.814146978098368,65.35426515108628,28.02511752778347,31.323363628897013,36.24098567179956,121.81539829906067,125.63273079045022,68.11416432278094,180.8800070895057,210,258,221,689,468,210,258,221,0,221,124.46712910239148,2.0,24,33,5,50.0,0.7859680723029454,fallback: No module named 'cvxpy',heuristic,,689,mobility_and_training_history_only,False,False,False,dqn_discrete_history_policy,87,selected_hotspot_history,global_history
42,0.49120331150683094,0.6503210741389376,dqn,DQN,400,400,400,4,40,49,10,0.6795252225519288,0.6795252225519288,40.83519234906267,44.37532341873239,30.611646729754995,31.161135777064352,61.88454465905112,29.127071586628215,27.762093769406953,41.785075295185,127.14467185532921,124.85942666568525,123.75276474910224,133.25572643983355,211,247,216,674,458,211,247,216,0,216,340.4671291023915,30.0,28,40,0,450.0,0.9309095689015849,fallback: No module named 'cvxpy',heuristic,,674,mobility_and_training_history_only,False,False,False,dqn_discrete_history_policy,3,mrsu_current_history,global_history
42,0.49120331150683094,0.6503210741389376,dqn,DQN,400,400,400,5,50,59,10,0.575037147102526,0.6672413793103448,43.197259033576394,44.37532341873239,31.68740371028528,34.53691535527879,65.09546151292447,27.625128407226686,24.697288205222367,34.48510069754244,159.78078978719498,140.89849311994067,193.3654812294521,175.8952445098194,307,80,193,673,387,307,80,286,93,193,528.4671291023915,2.0,35,42,4,450.0,0.7077201131192719,fallback: No module named 'cvxpy',heuristic,,673,mobility_and_training_history_only,False,False,False,dqn_discrete_history_policy,68,selected_hotspot_history,frsu_current_history
42,0.49120331150683094,0.6503210741389376,dqn,DQN,400,400,400,6,60,69,10,0.45335276967930027,0.6602972399150743,44.734742807843915,44.37532341873239,31.567953401172666,31.438745868580032,70.34141801739914,27.575076631327544,27.57552508341833,29.007836231876723,178.97988760381853,137.77572451835917,133.42475080451948,259.5327705582756,294,17,160,686,311,294,17,375,215,160,648.4671291023915,2.0,34,29,4,600.0,0.6648039566566869,fallback: No module named 'cvxpy',heuristic,,686,mobility_and_training_history_only,False,False,False,dqn_discrete_history_policy,68,selected_hotspot_history,frsu_current_history
42,0.49120331150683094,0.6503210741389376,dqn,DQN,400,400,400,7,70,79,10,0.5262390670553936,0.6378091872791519,48.5825193623968,44.37532341873239,31.144196680873144,31.483579340111028,79.23965899943907,28.013549237368135,27.291486210864868,21.87648871887341,224.23038710759351,128.63162737519355,127.42048487442082,392.76061969744893,330,31,205,686,361,330,31,325,120,205,840.4671291023915,18.0,37,16,4,800.0,0.7623201131192721,fallback: No module named 'cvxpy',heuristic,,686,mobility_and_training_history_only,False,False,False,dqn_discrete_history_policy,68,selected_hotspot_history,frsu_current_history
42,0.49120331150683094,0.6503210741389376,dqn,DQN,400,400,400,8,80,89,10,0.6081871345029239,0.6390168970814132,46.050274934027605,44.37532341873239,29.04882257550327,30.611893195971852,75.48797786900519,30.101498934622953,29.035752387599285,24.373719653286887,183.72913920522473,89.5041184297645,123.08329761051596,336.3813515613825,317,99,235,684,416,317,99,268,33,235,44.46712910239148,6.0,38,12,3,950.0,0.7091019158403603,fallback: No module named 'cvxpy',heuristic,,684,mobility_and_training_history_only,False,False,False,dqn_discrete_history_policy,57,mrsu_current_plus_hotspot_history,frsu_only_history
42,0.49120331150683094,0.6503210741389376,dqn,DQN,400,400,400,9,90,99,10,0.6126656848306333,0.6351145038167939,45.384499754386425,44.37532341873239,31.627273209613122,30.231479910534045,69.95502747667578,27.460308146234464,29.06772091471281,28.10487385701255,172.41069761192472,135.19683565706777,111.26364992754895,247.89947353777836,309,107,239,679,416,309,107,263,24,239,118.46712910239148,0.0,37,21,0,100.0,0.5852241947519251,fallback: No module named 'cvxpy',heuristic,,679,mobility_and_training_history_only,False,False,False,dqn_discrete_history_policy,10,mrsu_current_plus_hotspot_history,frsu_current_plus_frsu_only_history
2026,0.16681225389408946,0.21579047257544126,dqn,DQN,50,50,50,0,0,9,10,0.22466960352422907,0.23042168674698796,57.98533219503996,59.98442504823214,27.996446174836485,32.96587260356982,66.04052603136375,31.980831474659645,26.023388121361474,34.32442144739927,177.4235739386749,85.49909941338761,158.29754591065858,191.41299113070667,58,95,511,681,153,58,95,528,17,511,365.4580196441575,30.0,21,49,5,450.0,1.483018707482993,fallback: No module named 'cvxpy',heuristic,,681,mobility_and_training_history_only,False,False,False,dqn_discrete_history_policy,87,selected_hotspot_history,global_history
2026,0.16681225389408946,0.21579047257544126,dqn,DQN,50,50,50,1,10,19,10,0.15036496350364964,0.25121951219512195,55.07375089397243,59.98442504823214,30.10093698927815,32.65117188700935,63.360875481296425,28.793289536058886,26.518625798549795,39.59200581394652,144.73271081322414,105.15572146181738,159.46863131062912,156.06491893979737,92,11,307,685,103,92,11,582,275,307,634.0184309451033,17.424164520378298,33,35,5,550.0,1.2722812751428672,fallback: No module named 'cvxpy',heuristic,,685,mobility_and_training_history_only,False,False,False,dqn_discrete_history_policy,87,selected_hotspot_history,global_history
2026,0.16681225389408946,0.21579047257544126,dqn,DQN,50,50,50,2,20,29,10,0.13864306784660768,0.22488038277511962,64.59893557630616,59.98442504823214,29.732192348185936,34.222911919700614,74.64529442070655,29.669449628614473,24.868465492371012,24.101485919520982,275.2231950299409,108.52731172834707,185.4117596098706,322.39909253284895,89,5,324,678,94,89,5,584,260,324,894.9808820473817,30.0,37,17,5,600.0,2.286026890111502,fallback: No module named 'cvxpy',heuristic,,678,mobility_and_training_history_only,False,False,False,dqn_discrete_history_policy,87,selected_hotspot_history,global_history
2026,0.16681225389408946,0.21579047257544126,dqn,DQN,50,50,50,3,30,39,10,0.20176730486008837,0.20176730486008837,63.94557285169635,59.98442504823214,30.849981013069073,31.81695745121426,72.25218882851027,28.32937452905308,27.13522412857566,26.66487801981948,251.83295543301764,123.13117123460515,136.64162082072005,283.5419952832773,104,33,542,679,137,104,33,542,0,542,164.18815042018196,17.682907349120086,39,17,5,100.0,1.2990078465356825,fallback: No module named 'cvxpy',heuristic,,679,mobility_and_training_history_only,False,False,False,dqn_discrete_history_policy,87,selected_hotspot_history,global_history
2026,0.16681225389408946,0.21579047257544126,dqn,DQN,50,50,50,4,40,49,10,0.16176470588235295,0.21653543307086615,55.50240337378956,59.98442504823214,30.359733369947964,29.88054358670607,62.465830453743024,28.878171528096,28.798386371092743,39.49011250629197,133.6957994118691,115.9805331646164,96.89328999409435,139.1674732943919,98,12,398,680,110,98,12,570,172,398,337.42984605179913,3.333395910785695,34,18,1,250.0,1.1150205405081852,fallback: No module named 'cvxpy',heuristic,,680,mobility_and_training_history_only,False,False,False,dqn_discrete_history_policy,18,mrsu_current_history,frsu_current_plus_frsu_only_history
2026,0.16681225389408946,0.21579047257544126,dqn,DQN,50,50,50,5,50,59,10,0.16569767441860464,0.22937625754527163,55.19192291819262,59.98442504823214,29.50668359386003,34.24248939208125,62.54037707959367,29.674085129375452,24.866626965154968,37.920972082526056,132.73244000600693,99.98508857312285,186.6570670687116,137.04855117951777,90,24,383,688,114,90,24,574,191,383,467.02625870790337,20.8356601922852,29,34,4,300.0,2.285418581085042,fallback: No module named 'cvxpy',heuristic,,688,mobility_and_training_history_only,False,False,False,dqn_discrete_history_policy,78,global_history,frsu_current_plus_frsu_only_history
2026,0.16681225389408946,0.21579047257544126,dqn,DQN,50,50,50,6,60,69,10,0.19822485207100593,0.23550087873462214,57.58785657959697,59.98442504823214,30.710615207919112,29.811405751157057,65.92516280625024,28.448387911840896,29.144226811329723,35.99259269365899,175.45593524966662,121.5792814341826,100.74476152516942,193.393494258235,106,28,435,676,134,106,28,542,107,435,749.7671555472932,30.0,33,40,5,250.0,2.062041033747753,fallback: No module named 'cvxpy',heuristic,,676,mobility_and_training_history_only,False,False,False,dqn_discrete_history_policy,80,mrsu_current_history,frsu_current_history
2026,0.16681225389408946,0.21579047257544126,dqn,DQN,50,50,50,7,70,79,10,0.20348837209302326,0.20348837209302326,63.62729389456622,59.98442504823214,31.34704313333004,31.01857893716936,71.91063590649847,27.6361177778342,28.00942412144273,28.255711183804063,248.25954543132892,129.06603304993962,123.31466510384482,279.35064977093896,79,61,548,688,140,79,61,548,0,548,49.767155547293214,30.0,25,36,6,400.0,1.8930918134347774,fallback: No module named 'cvxpy',heuristic,,688,mobility_and_training_history_only,False,False,False,dqn_discrete_history_policy,109,global_history,frsu_only_history
2026,0.16681225389408946,0.21579047257544126,dqn,DQN,50,50,50,8,80,89,10,0.1378299120234604,0.16785714285714284,65.04757412771687,59.98442504823214,33.59207007732721,32.27805557722634,71.51392606814812,25.461146758648336,26.92028850256356,29.0494061078417,259.19594699219095,172.652811704742,150.08371261699983,278.7357023093436,51,43,466,682,94,51,43,588,122,466,349.7671555472932,30.0,18,25,6,600.0,1.759584160373553,fallback: No module named 'cvxpy',heuristic,,682,mobility_and_training_history_only,False,False,False,dqn_discrete_history_policy,97,mrsu_current_history,frsu_only_history
2026,0.16681225389408946,0.21579047257544126,dqn,DQN,50,50,50,9,90,99,10,0.08567208271787297,0.21014492753623187,57.82145430761459,59.98442504823214,30.342185165841762,33.47150507707031,64.90277766377591,29.676155514814862,25.52786466443048,32.71566039870192,164.0676358689021,129.50313184258292,173.66069989597685,170.02277414721496,42,16,218,677,58,42,16,619,401,218,649.7671555472932,30.0,16,18,2,900.0,1.7506555889449813,fallback: No module named 'cvxpy',heuristic,,677,mobility_and_training_history_only,False,False,False,dqn_discrete_history_policy,46,global_history,frsu_current_plus_frsu_only_history
2026,0.2416465544595972,0.31655781790242027,dqn,DQN,100,100,100,0,0,9,10,0.3245227606461087,0.3328313253012048,54.462915241472444,56.21085442139441,27.516191035352946,31.99245334966897,66.27905026844203,32.488182116574585,27.047031586740992,34.15928292620974,171.62737418952722,76.53369967648642,141.6212335516148,195.41204487459794,60,161,443,681,221,60,161,460,17,443,322.05463722060506,12.054637220605127,16,49,4,250.0,1.1144940476190477,fallback: No module named 'cvxpy',heuristic,,681,mobility_and_training_history_only,False,False,False,dqn_discrete_history_policy,73,mrsu_current_plus_hotspot_history,frsu_only_history
2026,0.2416465544595972,0.31655781790242027,dqn,DQN,100,100,100,1,10,19,10,0.19708029197080293,0.32926829268292684,53.31027492813315,56.21085442139441,30.604380603473828,33.761603950051914,63.66462882964267,28.963041677383213,25.493754844300064,39.07851554615389,157.75701145850437,122.21672515554746,180.93973689389367,160.46992360742541,66,69,275,685,135,66,69,550,275,275,441.94896855507193,0.0,18,35,6,400.0,1.0523918967832815,fallback: No module named 'cvxpy',heuristic,,685,mobility_and_training_history_only,False,False,False,dqn_discrete_history_policy,106,mrsu_current_plus_hotspot_history,frsu_current_plus_frsu_only_history
2026,0.2416465544595972,0.31655781790242027,dqn,DQN,100,100,100,2,20,29,10,0.09587020648967552,0.29411764705882354,57.537005750483964,56.21085442139441,29.789702900352523,34.60761735673315,68.6660049996456,29.38663733268028,24.53473870012652,28.393272448589244,199.9659234435998,106.51543915471986,198.87547884308222,230.61490372013904,51,14,156,678,65,51,14,613,457,156,605.4992934308127,29.736422704680127,13,17,6,750.0,1.345151715028066,fallback: No module named 'cvxpy',heuristic,,678,mobility_and_training_history_only,False,False,False,dqn_discrete_history_policy,106,mrsu_current_plus_hotspot_history,frsu_current_plus_frsu_only_history
2026,0.2416465544595972,0.31655781790242027,dqn,DQN,100,100,100,3,30,39,10,0.20765832106038293,0.2722007722007722,60.03157610409481,56.21085442139441,29.169497449930272,31.922258799292923,71.18716427046346,29.904173953185083,26.926596393186884,27.98769981694197,224.9150396842693,92.15914267470988,137.5327060161653,268.18767263188397,88,53,377,679,141,88,53,538,161,377,902.4857105520249,26.98641712121222,26,17,6,900.0,1.3273237076555897,fallback: No module named 'cvxpy',heuristic,,679,mobility_and_training_history_only,False,False,False,dqn_discrete_history_policy,106,mrsu_current_plus_hotspot_history,frsu_current_plus_frsu_only_history
2026,0.2416465544595972,0.31655781790242027,dqn,DQN,100,100,100,4,40,49,10,0.2985294117647059,0.2985294117647059,56.23294594990674,56.21085442139441,30.45756318335385,27.548572915852176,67.57435288476594,28.885133393048612,31.70806250446464,34.55322658925284,182.02641596311852,117.81150840893389,64.64628812664408,216.15367942374567,142,61,477,680,203,142,61,477,0,477,193.01282027926277,23.684739818158576,36,18,6,150.0,1.266772827983048,fallback: No module named 'cvxpy',heuristic,,680,mobility_and_training_history_only,False,False,False,dqn_discrete_history_policy,106,mrsu_current_plus_hotspot_history,frsu_current_plus_frsu_only_history
2026,0.2416465544595972,0.31655781790242027,dqn,DQN,100,100,100,5,50,59,10,0.3183139534883721,0.35379644588045234,52.93357801645918,56.21085442139441,31.0008927317888,32.90874156153959,64.69847248402299,28.175041105525864,26.24842656019818,34.987844546904974,156.93986370800184,126.1000464545813,160.99000401143638,169.37619406575058,168,51,400,688,219,168,51,469,69,400,485.3276908502399,30.0,39,34,7,100.0,2.1313154764941014,fallback: No module named 'cvxpy',heuristic,,688,mobility_and_training_history_only,False,False,False,dqn_discrete_history_policy,119,selected_hotspot_history,global_history
2026,0.2416465544595972,0.31655781790242027,dqn,DQN,100,100,100,6,60,69,10,0.3239644970414201,0.3711864406779661,52.910768886849645,56.21085442139441,30.019458229976863,29.879073791527595,66.44045711753793,29.85609549909888,29.196206193433,35.47518476454359,169.43813771564257,118.9808321137945,102.9299805858358,201.1697771915533,174,45,371,676,219,174,45,457,86,371,785.3276908502398,30.0,33,40,4,300.0,1.9930238318266609,fallback: No module named 'cvxpy',heuristic,,676,mobility_and_training_history_only,False,False,False,dqn_discrete_history_policy,70,selected_hotspot_history,frsu_current_plus_frsu_only_history
2026,0.2416465544595972,0.31655781790242027,dqn,DQN,100,100,100,7,70,79,10,0.3183139534883721,0.3183139534883721,58.98508091214717,56.21085442139441,31.268959944897343,31.210034040602103,71.9393374250349,28.185151369058378,27.861228996118662,28.275379149583596,232.65394760146296,135.39745543597795,127.82107712468574,279.6349294360825,122,97,469,688,219,122,97,469,0,469,85.32769085023983,30.0,23,36,4,550.0,1.9476879474729194,fallback: No module named 'cvxpy',heuristic,,688,mobility_and_training_history_only,False,False,False,dqn_discrete_history_policy,78,global_history,frsu_current_plus_frsu_only_history
2026,0.2416465544595972,0.31655781790242027,dqn,DQN,100,100,100,8,80,89,10,0.218475073313783,0.2759259259259259,60.5849404308192,56.21085442139441,33.50717870494527,32.766731174554906,71.03424318466102,25.649479869230124,26.507135241088875,29.294157147001027,242.57632944676126,171.67026604637016,160.39239505514507,271.5870111476636,80,69,391,682,149,80,69,533,142,391,385.32769085023983,30.0,19,25,3,900.0,1.998338457677001,fallback: No module named 'cvxpy',heuristic,,682,mobility_and_training_history_only,False,False,False,dqn_discrete_history_policy,48,mrsu_current_history,frsu_current_history
2026,0.2416465544595972,0.31655781790242027,dqn,DQN,100,100,100,9,90,99,10,0.1137370753323486,0.27898550724637683,55.368984791895684,56.21085442139441,29.547125848671396,33.66263637399417,64.90537628471563,30.161058304323085,25.322036653200726,32.653891074157016,158.9164346465208,112.04412940005632,176.64952249241597,169.9106500030326,55,22,199,677,77,55,22,600,401,199,685.3276908502398,30.0,14,18,0,0.0,1.7007109066565929,fallback: No module named 'cvxpy',heuristic,,677,mobility_and_training_history_only,False,False,False,dqn_discrete_history_policy,8,mrsu_current_plus_hotspot_history,frsu_current_history
2026,0.31238605503893024,0.4090297790585975,dqn,DQN,150,150,150,0,0,9,10,0.42731277533039647,0.4382530120481928,50.913910681857004,52.693173822648504,28.90241092288962,31.736425196104356,66.36169939456416,30.16490467465451,27.491684926958996,33.95461229701272,166.58312817953183,86.38565687581554,140.10952283715818,196.45483481802154,64,227,373,681,291,64,227,390,17,373,297.84117282525483,7.136469130101952,15,49,7,200.0,1.0497066326530613,fallback: No module named 'cvxpy',heuristic,,681,mobility_and_training_history_only,False,False,False,dqn_discrete_history_policy,117,selected_hotspot_history,frsu_only_history
2026,0.31238605503893024,0.4090297790585975,dqn,DQN,150,150,150,1,10,19,10,0.2656934306569343,0.44390243902439025,49.03322890162524,52.693173822648504,27.3114184029145,33.27964945612699,63.85962947029611,32.80973615357044,26.184204141810195,38.27412689169155,146.61885377279918,73.46984943404168,174.88473444554066,162.30872144187794,86,96,228,685,182,86,96,503,275,228,508.20198173849303,30.0,18,35,7,800.0,1.5439204209054,fallback: No module named 'cvxpy',heuristic,,685,mobility_and_training_history_only,False,False,False,dqn_discrete_history_policy,117,selected_hotspot_history,frsu_only_history
2026,0.31238605503893024,0.4090297790585975,dqn,DQN,150,150,150,2,20,29,10,0.2359882005899705,0.45584045584045585,52.97980628998242,52.693173822648504,29.11697215307599,34.25165342328731,72.62013406690538,29.92996181453131,24.83756012103984,25.35755840561419,203.80053158680397,90.92630508979578,187.1059088383099,291.80860169565545,147,13,191,678,160,147,13,518,327,191,798.1951446572422,23.32877527916606,31,17,7,750.0,1.1991801108147888,fallback: No module named 'cvxpy',heuristic,,678,mobility_and_training_history_only,False,False,False,dqn_discrete_history_policy,118,selected_hotspot_history,frsu_current_plus_frsu_only_history
2026,0.31238605503893024,0.4090297790585975,dqn,DQN,150,150,150,3,30,39,10,0.36082474226804123,0.3689759036144578,56.4344532054971,52.693173822648504,29.363657809980584,32.0979819671243,71.80663024822141,31.214415450628294,26.755148989889992,27.161117452287133,218.89500327463415,112.55666932377156,138.99317400361647,276.6571428697945,175,70,419,679,245,175,70,434,15,419,56.78224972613202,14.559257684321736,38,17,0,0.0,1.036219611265313,fallback: No module named 'cvxpy',heuristic,,679,mobility_and_training_history_only,False,False,False,dqn_discrete_history_policy,2,mrsu_current_history,frsu_current_plus_frsu_only_history
2026,0.31238605503893024,0.4090297790585975,dqn,DQN,150,150,150,4,40,49,10,0.35294117647058826,0.39215686274509803,51.06266072733249,52.693173822648504,30.043232383182502,27.424507120246304,64.92628435341382,29.395733774778485,31.74731950721654,37.611213591620505,148.47630308936073,113.38610632676304,61.99783570727052,177.0551817443651,197,43,372,680,240,197,43,440,68,372,310.1299082724941,18.667029143193602,37,18,1,250.0,1.0588573950839195,fallback: No module named 'cvxpy',heuristic,,680,mobility_and_training_history_only,False,False,False,dqn_discrete_history_policy,29,global_history,frsu_only_history
2026,0.31238605503893024,0.4090297790585975,dqn,DQN,150,150,150,5,50,59,10,0.3008720930232558,0.41317365269461076,49.50805742339745,52.693173822648504,30.523379561517146,34.85194978192601,62.860097379822,28.846883907389092,24.35167487197767,37.352691315409004,133.57673697399636,121.80401660573635,200.0,141.59972041901528,206,1,294,688,207,206,1,481,187,294,584.7242826234719,30.0,35,34,6,100.0,1.9194331600620844,fallback: No module named 'cvxpy',heuristic,,688,mobility_and_training_history_only,False,False,False,dqn_discrete_history_policy,111,global_history,global_history
2026,0.31238605503893024,0.4090297790585975,dqn,DQN,150,150,150,6,60,69,10,0.3890532544378698,0.4450084602368866,50.285412112198195,52.693173822648504,31.000599750387675,27.4401654662725,66.93173219794429,28.188193068267072,32.98427815908479,34.864909287655806,163.34826135800165,126.39119557753799,79.53141244483444,208.55382435107063,154,109,328,676,263,154,109,413,85,328,884.7242826234719,30.0,27,40,6,250.0,1.7673456774874456,fallback: No module named 'cvxpy',heuristic,,676,mobility_and_training_history_only,False,False,False,dqn_discrete_history_policy,98,mrsu_current_history,frsu_current_plus_frsu_only_history
2026,0.31238605503893024,0.4090297790585975,dqn,DQN,150,150,150,7,70,79,10,0.3866279069767442,0.3866279069767442,57.147044590353076,52.693173822648504,33.22480878255521,32.096310565308734,72.66455272424562,25.851805238622216,26.987430230502202,27.643684660018803,237.33341998453665,164.78920222358428,144.27446115094216,291.0328973786756,102,164,422,688,266,102,164,422,0,422,184.72428262347194,30.0,17,36,6,500.0,1.7074477183037722,fallback: No module named 'cvxpy',heuristic,,688,mobility_and_training_history_only,False,False,False,dqn_discrete_history_policy,98,mrsu_current_history,frsu_current_plus_frsu_only_history
2026,0.31238605503893024,0.4090297790585975,dqn,DQN,150,150,150,8,80,89,10,0.22434017595307917,0.4015748031496063,53.65376759605957,52.693173822648504,31.23560205020073,33.58067576497701,67.95698698664077,28.040947644225263,25.672942081367403,32.96970767672637,197.6420158669652,134.51217405430666,178.60611917852293,226.08105862307562,81,72,228,682,153,81,72,529,301,228,484.72428262347194,30.0,16,25,6,600.0,1.4459596230656768,fallback: No module named 'cvxpy',heuristic,,682,mobility_and_training_history_only,False,False,False,dqn_discrete_history_policy,98,mrsu_current_history,frsu_current_plus_frsu_only_history
2026,0.31238605503893024,0.4090297790585975,dqn,DQN,150,150,150,9,90,99,10,0.18020679468242246,0.3556851311953353,54.686018785457236,52.693173822648504,29.011477359818926,32.08263879498116,68.0810821952255,31.175994064295715,26.74916057915997,30.192433811673876,184.5464975459679,103.77891914700744,141.9100763870553,219.4709308456534,66,56,221,677,122,66,56,555,334,221,784.7242826234719,30.0,19,18,2,100.0,1.6814060516371057,fallback: No module named 'cvxpy',heuristic,,677,mobility_and_training_history_only,False,False,False,dqn_discrete_history_policy,32,mrsu_current_history,frsu_current_history
2026,0.3872729559003567,0.49905446293494704,dqn,DQN,200,200,200,0,0,9,10,0.5080763582966226,0.5210843373493976,47.810053580335065,49.282839008849685,27.189685839361996,33.0683859676659,66.30843128803303,33.10426119645739,25.947084014866444,34.157983312175084,160.60102098086065,75.8532077632715,160.70340176236553,195.9772852936872,133,213,318,681,346,133,213,335,17,318,366.09553138513957,30.0,21,49,5,600.0,1.460012755102041,fallback: No module named 'cvxpy',heuristic,,681,mobility_and_training_history_only,False,False,False,dqn_discrete_history_policy,87,selected_hotspot_history,global_history
2026,0.3872729559003567,0.49905446293494704,dqn,DQN,200,200,200,1,10,19,10,0.3357664233576642,0.5609756097560976,44.713351887064206,49.282839008849685,29.928892619365733,32.19987993413071,63.08732495187133,28.920664234159496,27.62770528861596,39.65061603250166,129.06182002430157,101.49880835659029,159.15485073238753,151.1484586141122,189,41,180,685,230,189,41,455,275,180,628.9127926180885,15.12690449317955,33,35,5,550.0,1.0757679860700669,fallback: No module named 'cvxpy',heuristic,,685,mobility_and_training_history_only,False,False,False,dqn_discrete_history_policy,87,selected_hotspot_history,global_history
2026,0.3872729559003567,0.49905446293494704,dqn,DQN,200,200,200,2,20,29,10,0.30678466076696165,0.49760765550239233,51.976240085455046,49.282839008849685,28.885124204970197,34.44145943052297,74.45055948906246,31.160339763149803,24.676116771530467,24.224032804947296,213.85497593179844,100.89370090574201,189.95684630158638,319.3787760483797,193,15,210,678,208,193,15,470,260,210,878.382378696648,30.0,37,17,5,600.0,2.0902832675556686,fallback: No module named 'cvxpy',heuristic,,678,mobility_and_training_history_only,False,False,False,dqn_discrete_history_policy,87,selected_hotspot_history,global_history
2026,0.3872729559003567,0.49905446293494704,dqn,DQN,200,200,200,3,30,39,10,0.46244477172312226,0.46244477172312226,53.47159303212398,49.282839008849685,31.616024461688202,31.92420278820142,72.2235547029529,27.59362866981631,26.980727854953315,26.688334303506643,215.75793569288183,137.34560273982913,137.357944086421,283.2120299608534,255,59,365,679,314,255,59,365,0,365,178.38237869664795,30.0,42,17,5,800.0,2.031074846469868,fallback: No module named 'cvxpy',heuristic,,679,mobility_and_training_history_only,False,False,False,dqn_discrete_history_policy,87,selected_hotspot_history,global_history
2026,0.3872729559003567,0.49905446293494704,dqn,DQN,200,200,200,4,40,49,10,0.35294117647058826,0.47244094488188976,47.15767126571545,49.282839008849685,30.576479241494088,28.835414498226445,62.10394759766375,28.611660097920886,30.020387447948842,40.43907956806855,126.57395682225619,119.76508778958734,81.08687985566412,134.8362765493061,225,15,268,680,240,225,15,440,172,268,336.38237869664795,0.0,35,18,1,250.0,0.8395527376263304,fallback: No module named 'cvxpy',heuristic,,680,mobility_and_training_history_only,False,False,False,dqn_discrete_history_policy,18,mrsu_current_history,frsu_current_plus_frsu_only_history
2026,0.3872729559003567,0.49905446293494704,dqn,DQN,200,200,200,5,50,59,10,0.38953488372093026,0.49355432780847147,47.28177479829377,49.282839008849685,29.78261117912194,33.268655755532414,63.53688404056355,29.58055979170284,25.92904498407377,36.28094592334185,137.55851652146325,108.6996528296673,170.40527936893676,151.54659287574447,205,63,275,688,268,205,63,420,145,275,436.38237869664795,0.0,32,34,0,400.0,0.8255387920480992,fallback: No module named 'cvxpy',heuristic,,688,mobility_and_training_history_only,False,False,False,dqn_discrete_history_policy,0,mrsu_current_history,frsu_current_history
2026,0.3872729559003567,0.49905446293494704,dqn,DQN,200,200,200,6,60,69,10,0.38461538461538464,0.5098039215686274,47.33398377334827,49.282839008849685,29.998863806094022,33.314746560875484,64.8982849536233,29.556892099360258,25.67956938375354,36.7317604090329,148.2535985691017,113.1347662367818,165.7130873643107,177.41621923686037,225,35,250,676,260,225,35,416,166,250,608.382378696648,16.0,35,40,2,550.0,0.964943553952861,fallback: No module named 'cvxpy',heuristic,,676,mobility_and_training_history_only,False,False,False,dqn_discrete_history_policy,44,global_history,frsu_current_history
2026,0.3872729559003567,0.49905446293494704,dqn,DQN,200,200,200,7,70,79,10,0.4171511627906977,0.5125,49.38552310286628,49.282839008849685,29.468111632245492,29.972734539086296,70.19310136543943,30.119361125318946,29.09492529309134,29.800538026559774,178.02897587507223,105.9839297857575,106.12365602658613,253.73230065358692,216,71,273,688,287,216,71,401,128,273,698.0881065167603,0.0,35,36,0,650.0,0.8352040981705482,fallback: No module named 'cvxpy',heuristic,,688,mobility_and_training_history_only,False,False,False,dqn_discrete_history_policy,0,mrsu_current_history,frsu_current_history
2026,0.3872729559003567,0.49905446293494704,dqn,DQN,200,200,200,8,80,89,10,0.33284457478005863,0.5242494226327945,48.41652874542251,49.282839008849685,28.189674915620554,28.321104144156728,70.66642503874453,31.55681853447269,32.00563852996322,32.07421500991737,173.51495837582877,85.89994469365227,93.86626783090124,267.70263990243984,166,61,206,682,227,166,61,455,249,206,838.0881065167603,8.0,29,25,0,800.0,0.9178383526846742,fallback: No module named 'cvxpy',heuristic,,682,mobility_and_training_history_only,False,False,False,dqn_discrete_history_policy,13,global_history,frsu_only_history
2026,0.3872729559003567,0.49905446293494704,dqn,DQN,200,200,200,9,90,99,10,0.3825701624815362,0.46003552397868563,53.473073669606165,49.282839008849685,30.43313574244811,32.78903527236334,72.42052355283444,28.860837956031173,26.117001951909344,26.76612482337596,213.77444447075305,117.23068791131365,153.53163891319957,285.5190144073611,171,88,304,677,259,171,88,418,114,304,926.0881065167603,0.0,32,18,4,900.0,0.9239803594873952,fallback: No module named 'cvxpy',heuristic,,677,mobility_and_training_history_only,False,False,False,dqn_discrete_history_policy,70,selected_hotspot_history,frsu_current_plus_frsu_only_history
2026,0.4114975540090636,0.5398536773199846,dqn,DQN,250,250,250,0,0,9,10,0.5389133627019089,0.552710843373494,46.803695675481706,47.951362738909495,28.713461571833836,31.850847036360978,66.23150760263574,30.36254178754952,27.369804110482175,34.30995054198477,157.8009324496196,83.01237276237201,142.3086563046185,194.913157580992,90,277,297,681,367,90,277,314,17,297,295.0,6.0,15,49,7,200.0,0.9724319727891158,fallback: No module named 'cvxpy',heuristic,,681,mobility_and_training_history_only,False,False,False,dqn_discrete_history_policy,118,selected_hotspot_history,frsu_current_plus_frsu_only_history
2026,0.4114975540090636,0.5398536773199846,dqn,DQN,250,250,250,1,10,19,10,0.3372262773722628,0.5634146341463414,45.09350151334409,47.951362738909495,27.45036289065569,33.40313198307728,63.93784938449086,32.6598131651053,25.932609743417835,38.55948594531639,143.2807487451341,76.3905137794969,175.53670627910736,164.24384127087805,113,118,179,685,231,113,118,454,275,179,511.0,18.0,18,35,4,450.0,0.960811224489796,fallback: No module named 'cvxpy',heuristic,,685,mobility_and_training_history_only,False,False,False,dqn_discrete_history_policy,73,mrsu_current_plus_hotspot_history,frsu_only_history
2026,0.4114975540090636,0.5398536773199846,dqn,DQN,250,250,250,2,20,29,10,0.30678466076696165,0.5925925925925926,47.09357617000402,47.951362738909495,29.165225879557546,34.58635419399427,72.75416672213032,29.85789153257917,24.55275901616667,25.235636662499854,177.06817167028157,91.19800270538644,194.46185629667437,294.02686226604396,197,11,143,678,208,197,11,470,327,143,796.0074526439141,30.0,31,17,4,800.0,1.142451700680272,fallback: No module named 'cvxpy',heuristic,,678,mobility_and_training_history_only,False,False,False,dqn_discrete_history_policy,73,mrsu_current_plus_hotspot_history,frsu_only_history
2026,0.4114975540090636,0.5398536773199846,dqn,DQN,250,250,250,3,30,39,10,0.5228276877761414,0.5346385542168675,49.79389516317234,47.951362738909495,30.467352445899305,31.55602834295914,71.6487293082306,28.841457170500497,27.172627056451525,27.292437980667952,192.2858989175176,119.01220352700531,126.00077627029017,274.2285952348207,256,99,309,679,355,256,99,324,15,309,96.00745264391412,30.0,39,17,7,150.0,1.2805134408146122,fallback: No module named 'cvxpy',heuristic,,679,mobility_and_training_history_only,False,False,False,dqn_discrete_history_policy,127,global_history,global_history
2026,0.4114975540090636,0.5398536773199846,dqn,DQN,250,250,250,4,40,49,10,0.3764705882352941,0.48854961832061067,46.74481767165042,47.951362738909495,30.679426102508472,28.89064035522833,62.16428366015945,29.04393984378351,30.109286414013994,40.45152977560971,130.54458281464449,126.9708983879979,85.76555091772079,135.64951578253468,245,11,268,680,256,245,11,424,156,268,385.60232055622663,23.063245274874987,39,18,7,350.0,1.1532770462567892,fallback: No module named 'cvxpy',heuristic,,680,mobility_and_training_history_only,False,False,False,dqn_discrete_history_policy,118,selected_hotspot_history,frsu_current_plus_frsu_only_history
2026,0.4114975540090636,0.5398536773199846,dqn,DQN,250,250,250,5,50,59,10,0.38808139534883723,0.5404858299595142,45.102399743233335,47.951362738909495,30.099156367629277,31.47550033988666,62.62812265883307,29.568282133114288,27.50156089030609,37.693195650491276,128.39389539593805,119.0133120475079,132.98481435904677,138.19647560651106,247,20,227,688,267,247,20,421,194,227,677.19648629841,30.0,32,34,6,250.0,1.9347926635490142,fallback: No module named 'cvxpy',heuristic,,688,mobility_and_training_history_only,False,False,False,dqn_discrete_history_policy,101,selected_hotspot_history,frsu_only_history
2026,0.4114975540090636,0.5398536773199846,dqn,DQN,250,250,250,6,60,69,10,0.4881656804733728,0.5463576158940397,47.00850462463256,47.951362738909495,32.44115595662159,27.9039668993804,67.58343403309516,26.704907993335468,32.10256274397939,33.920995108550635,160.74686953691858,152.5557120711407,81.43572981133526,218.1119743444043,147,183,274,676,330,147,183,346,72,274,977.19648629841,30.0,19,40,3,300.0,1.592552731077373,fallback: No module named 'cvxpy',heuristic,,676,mobility_and_training_history_only,False,False,False,dqn_discrete_history_policy,51,mrsu_current_history,global_history
2026,0.4114975540090636,0.5398536773199846,dqn,DQN,250,250,250,7,70,79,10,0.5145348837209303,0.5429447852760736,51.294001796371994,47.951362738909495,33.51283175898646,33.050793015139185,72.69258263408774,25.538380617984124,26.022180373890848,27.56549120827604,223.1425163163129,169.57113952985915,161.64331154054156,291.5164114992094,176,178,298,688,354,176,178,334,36,298,277.19648629841004,30.0,20,36,5,550.0,1.5596530712134276,fallback: No module named 'cvxpy',heuristic,,688,mobility_and_training_history_only,False,False,False,dqn_discrete_history_policy,80,mrsu_current_history,frsu_current_history
2026,0.4114975540090636,0.5398536773199846,dqn,DQN,250,250,250,8,80,89,10,0.27712609970674484,0.5510204081632653,47.018292142719055,47.951362738909495,28.92921259488156,34.77720188237528,66.8641408356845,31.16698173650537,24.40720848810981,34.51509634959216,169.16449372623035,104.78364535863429,200.0,209.84349602305494,127,62,154,682,189,127,62,493,339,154,577.19648629841,30.0,18,25,7,0.0,1.7854779011454005,fallback: No module named 'cvxpy',heuristic,,682,mobility_and_training_history_only,False,False,False,dqn_discrete_history_policy,127,global_history,global_history
2026,0.4114975540090636,0.5398536773199846,dqn,DQN,250,250,250,9,90,99,10,0.36484490398818314,0.5061475409836066,51.560300799835744,47.951362738909495,31.82593917595254,32.2908174304834,71.67216596200102,27.04638357963724,26.545912250336656,27.649915713159764,205.26128289658496,135.93186269600128,143.79991760350413,274.3905424401597,188,59,241,677,247,188,59,430,189,241,877.19648629841,30.0,30,18,2,100.0,1.4659540916215907,fallback: No module named 'cvxpy',heuristic,,677,mobility_and_training_history_only,False,False,False,dqn_discrete_history_policy,37,selected_hotspot_history,frsu_only_history
2026,0.45728485037523503,0.60859375,dqn,DQN,300,300,300,0,0,9,10,0.6093979441997063,0.625,44.44695016637033,45.16418193379346,27.80434966804909,33.23369134561774,66.79888515610469,32.72965789311017,25.86137179505949,33.243321557941236,159.85734947280156,88.5301198216204,165.1077998681677,202.77346727899837,168,247,249,681,415,168,247,266,17,249,372.94048444360413,30.0,23,49,6,450.0,1.2143112244897958,fallback: No module named 'cvxpy',heuristic,,681,mobility_and_training_history_only,False,False,False,dqn_discrete_history_policy,99,mrsu_current_history,global_history
2026,0.45728485037523503,0.60859375,dqn,DQN,300,300,300,1,10,19,10,0.4,0.6682926829268293,42.20059538014709,45.16418193379346,31.082968656254824,33.049626484701584,63.42802507310512,28.177710164868817,26.375884666332862,39.47863763999068,147.45488230539175,131.4311381466601,169.82523246682885,156.8709430374418,193,81,136,685,274,193,81,411,275,136,478.3570933383752,0.0,26,35,7,400.0,0.8133023702233146,fallback: No module named 'cvxpy',heuristic,,685,mobility_and_training_history_only,False,False,False,dqn_discrete_history_policy,121,mrsu_current_plus_hotspot_history,frsu_only_history
2026,0.45728485037523503,0.60859375,dqn,DQN,300,300,300,2,20,29,10,0.2359882005899705,0.6722689075630253,42.58391218656869,45.16418193379346,28.78820004601099,34.595193253863364,69.02159311340104,30.410432776581352,24.544393783455103,28.04894927855963,149.4487526162566,90.4372722130487,197.91263411991008,236.0507118065352,135,25,78,678,160,135,25,518,440,78,650.3570933383752,16.0,17,17,6,600.0,0.9176595881839218,fallback: No module named 'cvxpy',heuristic,,678,mobility_and_training_history_only,False,False,False,dqn_discrete_history_policy,108,global_history,frsu_current_history
2026,0.45728485037523503,0.60859375,dqn,DQN,300,300,300,3,30,39,10,0.46686303387334316,0.5640569395017794,47.91949981373026,45.16418193379346,29.67687886218776,31.561063277840862,70.73109102526783,29.327941326935306,27.194489551240444,28.356592939461162,174.81005076646628,99.34682745667222,127.93752368488863,260.430459246868,214,103,245,679,317,214,103,362,117,245,930.8242438048809,30.0,30,17,0,0.0,1.0682262548505883,fallback: No module named 'cvxpy',heuristic,,679,mobility_and_training_history_only,False,False,False,dqn_discrete_history_policy,14,global_history,frsu_current_plus_frsu_only_history
2026,0.45728485037523503,0.60859375,dqn,DQN,300,300,300,4,40,49,10,0.5588235294117647,0.5588235294117647,45.70927293513513,45.16418193379346,30.344530166690124,27.37228298874149,66.2809193882663,29.16052187625712,31.81150457892599,36.56877313792061,144.06063285553844,118.82262222348345,60.79147442618968,197.69374150046445,268,112,300,680,380,268,112,300,0,300,208.07260267478523,18.62417943495216,38,18,6,150.0,1.0548689592441312,fallback: No module named 'cvxpy',heuristic,,680,mobility_and_training_history_only,False,False,False,dqn_discrete_history_policy,97,mrsu_current_history,frsu_only_history
2026,0.45728485037523503,0.60859375,dqn,DQN,300,300,300,5,50,59,10,0.563953488372093,0.5791044776119403,46.302306013637946,45.16418193379346,31.077840765345194,32.91139282990681,66.50171746368405,27.951102603571798,26.14217454664709,32.70997251739945,160.6749652632212,124.73029822006731,158.3196707535147,196.43295452349517,273,115,282,688,388,273,115,300,18,282,287.2128715610504,0.0,37,34,6,250.0,0.8377326573391057,fallback: No module named 'cvxpy',heuristic,,688,mobility_and_training_history_only,False,False,False,dqn_discrete_history_policy,101,selected_hotspot_history,frsu_only_history
2026,0.45728485037523503,0.60859375,dqn,DQN,300,300,300,6,60,69,10,0.5207100591715976,0.610051993067591,44.6548991687988,45.16418193379346,29.228053890987688,33.7716598577263,66.04298417463463,30.41439935563732,25.543978929145037,34.78948344281472,155.37951471660057,99.97121884405476,179.74841982258894,193.84182944573598,216,136,225,676,352,216,136,324,99,225,459.2128715610504,16.0,31,40,3,400.0,0.8975373826168929,fallback: No module named 'cvxpy',heuristic,,676,mobility_and_training_history_only,False,False,False,dqn_discrete_history_policy,51,mrsu_current_history,global_history
2026,0.45728485037523503,0.60859375,dqn,DQN,300,300,300,7,70,79,10,0.4055232558139535,0.6739130434782609,42.43373612881519,45.16418193379346,31.313126155998113,32.430296124732656,65.0273894168555,27.867006798968994,26.60143032967899,34.11543404095245,147.900573565681,132.1843018315513,151.1638075924973,173.77318869944187,232,47,135,688,279,232,47,409,274,135,543.935642194748,0.0,34,36,6,500.0,0.8545326207121311,fallback: No module named 'cvxpy',heuristic,,688,mobility_and_training_history_only,False,False,False,dqn_discrete_history_policy,97,mrsu_current_history,frsu_only_history
2026,0.45728485037523503,0.60859375,dqn,DQN,300,300,300,8,80,89,10,0.31085043988269795,0.6366366366366366,44.8619358247416,45.16418193379346,31.23071733924306,31.043073897639527,68.76799343259073,27.713657984969284,28.807686038185,33.07069822401382,169.06535123402142,127.58337109016449,139.46649511546278,240.27140850772545,197,15,121,682,212,197,15,470,349,121,715.6232246830137,30.0,28,25,3,950.0,1.2704006719495489,fallback: No module named 'cvxpy',heuristic,,682,mobility_and_training_history_only,False,False,False,dqn_discrete_history_policy,55,selected_hotspot_history,global_history
2026,0.45728485037523503,0.60859375,dqn,DQN,300,300,300,9,90,99,10,0.5007385524372231,0.5926573426573427,47.172279119891364,45.16418193379346,28.753981060789144,32.314433108792734,72.64027789181985,31.838045304722495,26.52777541385415,26.564074323707164,185.44676665385947,104.20234382653507,143.3694971373603,289.0275263123194,252,87,233,677,339,252,87,338,105,233,15.623224683013746,30.0,35,18,3,50.0,1.194426202469905,fallback: No module named 'cvxpy',heuristic,,677,mobility_and_training_history_only,False,False,False,dqn_discrete_history_policy,51,mrsu_current_history,global_history
2026,0.5158364322854395,0.648578811369509,dqn,DQN,350,350,350,0,0,9,10,0.6637298091042585,0.6807228915662651,42.2496860147767,43.572762634680515,27.281233303202242,33.0141779642715,66.42949003631372,32.98921137196003,26.07019450719354,33.865922139514694,151.7610750083555,77.64301231984737,160.88612972508858,197.48670122206622,166,286,212,681,452,166,286,229,17,212,355.0,18.0,21,49,3,300.0,0.9306632653061224,fallback: No module named 'cvxpy',heuristic,,681,mobility_and_training_history_only,False,False,False,dqn_discrete_history_policy,56,mrsu_current_plus_hotspot_history,frsu_current_history
2026,0.5158364322854395,0.648578811369509,dqn,DQN,350,350,350,1,10,19,10,0.4233576642335766,0.7073170731707317,39.91268447805319,43.572762634680515,29.819229695604395,32.3507530086714,63.33478293229542,29.03592142836696,27.07948840475678,39.399137834474075,121.93899557542818,99.21604549832796,156.38718096317146,154.93718966689704,244,46,120,685,290,244,46,395,275,120,637.1459195790641,30.0,33,35,5,800.0,1.322611394557823,fallback: No module named 'cvxpy',heuristic,,685,mobility_and_training_history_only,False,False,False,dqn_discrete_history_policy,84,selected_hotspot_history,frsu_current_history
2026,0.5158364322854395,0.648578811369509,dqn,DQN,350,350,350,2,20,29,10,0.41297935103244837,0.691358024691358,43.73630494414216,43.572762634680515,29.97063242896274,34.49906822288966,73.9917715965214,29.07474372030441,24.631283874738823,24.499675786780248,173.04157387806382,106.05074377815673,191.57055249088032,312.1544977866271,264,16,125,678,280,264,16,398,273,125,795.1459195790641,0.0,36,17,2,700.0,0.7740572433227269,fallback: No module named 'cvxpy',heuristic,,678,mobility_and_training_history_only,False,False,False,dqn_discrete_history_policy,42,mrsu_current_plus_hotspot_history,frsu_current_plus_frsu_only_history
2026,0.5158364322854395,0.648578811369509,dqn,DQN,350,350,350,3,30,39,10,0.5434462444771723,0.6286201022146508,45.64743911430732,43.572762634680515,29.613340040208136,31.522266687886145,71.64937532597914,29.524481627406875,27.218810844669854,27.366083837157724,170.9191046317,100.39311085919299,126.47055940205249,274.7449000054769,239,130,218,679,369,239,130,310,92,218,997.1459195790641,30.0,33,17,1,50.0,0.9611572433227269,fallback: No module named 'cvxpy',heuristic,,679,mobility_and_training_history_only,False,False,False,dqn_discrete_history_policy,19,mrsu_current_history,global_history
2026,0.5158364322854395,0.648578811369509,dqn,DQN,350,350,350,4,40,49,10,0.6044117647058823,0.6171171171171171,43.29877179786921,43.572762634680515,30.157933288128355,27.688959136306558,65.92136699835916,29.215658948942092,31.433927817213068,37.09836511854243,132.90126925168343,113.35573888960373,65.23329557984492,192.5226693770513,262,149,255,680,411,262,149,269,14,255,95.14591957906396,0.0,34,18,5,0.0,0.7481405766560602,fallback: No module named 'cvxpy',heuristic,,680,mobility_and_training_history_only,False,False,False,dqn_discrete_history_policy,82,mrsu_current_history,frsu_current_plus_frsu_only_history
2026,0.5158364322854395,0.648578811369509,dqn,DQN,350,350,350,5,50,59,10,0.5915697674418605,0.5915697674418605,45.64884426443538,43.572762634680515,31.68913913974062,30.695457522461062,66.56469929772663,27.693910832196398,28.702514993170663,33.00945082788191,159.4731847188812,141.80036295405998,123.76687112917728,197.71317172167176,210,197,281,688,407,210,197,281,0,281,100.0,0.0,31,34,5,100.0,0.761688705907761,fallback: No module named 'cvxpy',heuristic,,688,mobility_and_training_history_only,False,False,False,dqn_discrete_history_policy,84,selected_hotspot_history,frsu_current_history
2026,0.5158364322854395,0.648578811369509,dqn,DQN,350,350,350,6,60,69,10,0.5576923076923077,0.6336134453781512,43.08864832481197,43.572762634680515,28.69728421561304,30.485479661323375,65.95859414831315,31.1542106216066,29.38911237572923,35.4410519716756,144.5052987862609,94.98908983375607,127.35007283275259,193.61910134287183,131,246,218,676,377,131,246,299,81,218,250.196802396461,27.308509526629273,16,40,5,650.0,1.4647448979591837,fallback: No module named 'cvxpy',heuristic,,676,mobility_and_training_history_only,False,False,False,dqn_discrete_history_policy,84,selected_hotspot_history,frsu_current_history
2026,0.5158364322854395,0.648578811369509,dqn,DQN,350,350,350,7,70,79,10,0.40406976744186046,0.6714975845410628,42.43643937724768,43.572762634680515,30.14355920812662,33.967466863427354,65.2308243156719,29.40105489695863,25.240109478956423,33.8027631948848,147.95357752860275,112.54951545266914,183.75329142765963,176.86839996378902,195,83,136,688,278,195,83,410,274,136,550.0,29.803197603539047,27,36,5,550.0,1.1509686466805191,fallback: No module named 'cvxpy',heuristic,,688,mobility_and_training_history_only,False,False,False,dqn_discrete_history_policy,84,selected_hotspot_history,frsu_current_history
2026,0.5158364322854395,0.648578811369509,dqn,DQN,350,350,350,8,80,89,10,0.40762463343108507,0.6666666666666666,43.118294285420156,43.572762634680515,29.52003193109866,22.416563884177805,71.03027620742209,30.6748564934152,42.569634872159284,31.679667978824824,164.1780147433859,112.63919372260702,45.97146134242472,273.9703924203577,264,14,139,682,278,264,14,404,265,139,810.0,14.0,34,25,4,750.0,0.9838095238095238,fallback: No module named 'cvxpy',heuristic,,682,mobility_and_training_history_only,False,False,False,dqn_discrete_history_policy,77,global_history,frsu_only_history
2026,0.5158364322854395,0.648578811369509,dqn,DQN,350,350,350,9,90,99,10,0.5494830132939439,0.6503496503496503,44.96650052208612,43.572762634680515,29.182089287299593,32.815789664206704,71.78191515495409,30.501533874619554,26.071585989590364,27.182607290201034,174.59381988928968,100.1932468877997,153.44056089675232,275.7057658657942,232,140,200,677,372,232,140,305,105,200,960.0,0.0,29,18,4,900.0,0.8668511904761904,fallback: No module named 'cvxpy',heuristic,,677,mobility_and_training_history_only,False,False,False,dqn_discrete_history_policy,77,global_history,frsu_only_history
2026,0.5441453861128861,0.6750363901018923,dqn,DQN,400,400,400,0,0,9,10,0.6828193832599119,0.7003012048192772,41.475923405347864,42.81314306570158,26.913320659135778,33.1360439900986,66.65471523613249,33.598522616096844,25.92566229020357,33.31212654984007,149.38189426170453,72.79174479734564,162.84009928800216,200.29011124698633,182,283,199,681,465,182,283,216,17,199,369.83985765124555,30.0,21,49,5,600.0,1.3380952380952382,fallback: No module named 'cvxpy',heuristic,,681,mobility_and_training_history_only,False,False,False,dqn_discrete_history_policy,84,selected_hotspot_history,frsu_current_history
2026,0.5441453861128861,0.6750363901018923,dqn,DQN,400,400,400,1,10,19,10,0.41897810218978104,0.7,40.40806249594535,42.81314306570158,29.705886371818053,34.41946308812302,63.61700573720149,29.79938781632133,24.860473494704465,39.10793256984578,134.91144017612046,111.22368405067141,193.38212719466014,159.45694930929443,241,46,123,685,287,241,46,398,275,123,527.8398576512456,0.0,30,35,4,450.0,0.7852881170261697,fallback: No module named 'cvxpy',heuristic,,685,mobility_and_training_history_only,False,False,False,dqn_discrete_history_policy,68,selected_hotspot_history,frsu_current_history
2026,0.5441453861128861,0.6750363901018923,dqn,DQN,400,400,400,2,20,29,10,0.32890855457227136,0.7433333333333333,39.47817538882917,42.81314306570158,27.966255952144575,34.4689431930411,70.95997948078944,31.962219759113946,24.650860494972054,26.462946953511818,138.45404512242385,83.42057145824359,193.32288546753398,266.43604147187597,201,22,77,678,223,201,22,455,378,77,725.4452018106233,30.0,25,17,4,800.0,1.0408404979785506,fallback: No module named 'cvxpy',heuristic,,678,mobility_and_training_history_only,False,False,False,dqn_discrete_history_policy,68,selected_hotspot_history,frsu_current_history
2026,0.5441453861128861,0.6750363901018923,dqn,DQN,400,400,400,3,30,39,10,0.5434462444771723,0.6684782608695652,43.827381380054206,42.81314306570158,30.279114882128113,31.497038527779367,70.2874807650035,29.162093220544627,27.242065872636598,28.708426225905608,165.8354965178741,119.87562407908544,126.75187092380754,253.66149152849636,240,129,183,679,369,240,129,310,127,183,823.4452018106233,0.0,27,17,4,750.0,0.7483965777822441,fallback: No module named 'cvxpy',heuristic,,679,mobility_and_training_history_only,False,False,False,dqn_discrete_history_policy,76,global_history,frsu_current_history
2026,0.5441453861128861,0.6750363901018923,dqn,DQN,400,400,400,4,40,49,10,0.513235294117647,0.6415441176470589,40.953682592631374,42.81314306570158,26.92505820779306,28.25362309237497,64.8008898062771,33.195180065913455,30.855870922064756,39.393286709806944,109.81762461254351,67.24654933353759,75.92698608449875,177.7736475532884,164,185,195,680,349,164,185,331,136,195,8.358532466763677,30.0,19,18,1,250.0,1.1527992988706797,fallback: No module named 'cvxpy',heuristic,,680,mobility_and_training_history_only,False,False,False,dqn_discrete_history_policy,30,global_history,frsu_current_plus_frsu_only_history
2026,0.5441453861128861,0.6750363901018923,dqn,DQN,400,400,400,5,50,59,10,0.6511627906976745,0.6511627906976745,43.39787525078395,42.81314306570158,30.466620564549054,31.708644343481694,66.5891742003196,28.5409412027527,27.378381583599992,32.78175297011732,148.80984758395172,112.59797830419636,137.23532919491961,197.6193568519852,265,183,240,688,448,265,183,240,0,240,304.794387066386,26.43585459962232,34,34,7,300.0,1.122288669697969,fallback: No module named 'cvxpy',heuristic,,688,mobility_and_training_history_only,False,False,False,dqn_discrete_history_policy,114,mrsu_current_history,frsu_current_plus_frsu_only_history
2026,0.5441453861128861,0.6750363901018923,dqn,DQN,400,400,400,6,60,69,10,0.5636094674556213,0.6603119584055459,42.99334236541207,42.81314306570158,30.927733267012133,34.58526417571127,65.77561763978557,28.432046561695127,24.581028493736753,35.50307128392777,153.2727959583331,127.98747200496861,192.62985547390244,190.55127872032418,345,36,196,676,381,345,36,295,99,196,604.6279800033924,30.0,40,40,5,650.0,1.1772536913715212,fallback: No module named 'cvxpy',heuristic,,676,mobility_and_training_history_only,False,False,False,dqn_discrete_history_policy,82,mrsu_current_history,frsu_current_plus_frsu_only_history
2026,0.5441453861128861,0.6750363901018923,dqn,DQN,400,400,400,7,70,79,10,0.6424418604651163,0.6636636636636637,44.77726283726084,42.81314306570158,30.775742014103606,28.98225755337386,73.3260258587761,28.526823450720954,30.152546515843635,26.99873778744976,177.66222904200816,124.20043921547669,89.32756035045712,301.0572833848839,327,115,224,688,442,327,115,246,22,224,904.6279800033924,30.0,36,36,5,550.0,1.968949612390148,fallback: No module named 'cvxpy',heuristic,,688,mobility_and_training_history_only,False,False,False,dqn_discrete_history_policy,82,mrsu_current_history,frsu_current_plus_frsu_only_history
2026,0.5441453861128861,0.6750363901018923,dqn,DQN,400,400,400,8,80,89,10,0.6862170087976539,0.6862170087976539,44.132001243523476,42.81314306570158,30.77575991700125,31.408596061533316,72.79094244880122,28.255936156244122,28.31690661565912,28.106690514281908,181.37983749994484,119.95947089687938,141.34156185467594,297.1165788648256,282,186,214,682,468,282,186,214,0,214,204.6279800033924,30.0,26,25,1,850.0,1.8966707008255221,fallback: No module named 'cvxpy',heuristic,,682,mobility_and_training_history_only,False,False,False,dqn_discrete_history_policy,28,global_history,frsu_current_history
2026,0.5441453861128861,0.6750363901018923,dqn,DQN,400,400,400,9,90,99,10,0.41063515509601184,0.6731234866828087,44.29580251984585,42.81314306570158,33.326529735046485,34.20171875425008,66.51485481673191,25.630853340944533,24.899600891075167,30.68485523585223,179.1992301184796,167.62873225505984,187.53266925017493,194.62200046891758,221,57,135,677,278,221,57,399,264,135,504.6279800033924,30.0,20,18,7,750.0,1.488065258648651,fallback: No module named 'cvxpy',heuristic,,677,mobility_and_training_history_only,False,False,False,dqn_discrete_history_policy,124,global_history,frsu_current_history
