seed,average_chr,method,method_label,rsu_cache_capacity,mrsu_cache_capacity,frsu_cache_capacity,round,physical_tick_start,physical_tick_end,decision_interval_ticks,chr,round_delay_ms,average_delay_ms,mrsu_average_delay_ms,frsu_average_delay_ms,mbs_average_delay_ms,mrsu_average_rate_mbps,frsu_average_rate_mbps,mbs_average_rate_mbps,mrsu_latency_request_count,frsu_latency_request_count,mbs_latency_request_count,request_count,hit_count,mrsu_hit_count,frsu_hit_count,mbs_miss_count,not_covered_count,not_cached_count,mrsu_position,mrsu_speed,mrsu_covered_count,frsu_covered_count,selected_hotspot_id,selected_hotspot_position,lambda_smooth,path_plan_status,path_plan_solver,decision_request_count,evaluation_request_count,decision_request_source,uses_proposed_miss_feedback,decision_policy,fallback_to_topk,fallback_reason,solver_status
7,0.15133848629493685,cp_sat,CP-SAT,50,50,50,0,0,9,10,0.11127596439169139,71.78114690329342,64.83818783095633,27.236781391915184,33.392606060789646,76.72132433882456,33.43034394324776,25.560662036862354,23.19484004320105,13,62,599,674,75,13,62,599,285,314,344.7276573241671,30.0,16,25,7,50.0,2.2247058823529406,fallback: No module named 'cvxpy',heuristic,680,674,predicted_history_signal_no_proposed_feedback,False,cp_sat,False,,OPTIMAL
7,0.15133848629493685,cp_sat,CP-SAT,50,50,50,1,10,19,10,0.06323529411764706,70.58509282082298,64.83818783095633,31.954785595765454,23.179266365111435,73.41321137399086,26.807821320332007,38.42105264388313,28.142630904696684,27,16,637,680,43,27,16,637,525,112,644.7276573241671,30.0,12,12,6,200.0,2.0824422807727005,fallback: No module named 'cvxpy',heuristic,680,680,predicted_history_signal_no_proposed_feedback,False,cp_sat,False,,OPTIMAL
7,0.15133848629493685,cp_sat,CP-SAT,50,50,50,2,20,29,10,0.12081513828238719,63.31378091176448,64.83818783095633,33.86205130234099,31.75583421099349,67.54228562423505,25.17193738932746,27.007987296307615,30.74704261131425,31,52,604,687,83,31,52,604,181,423,944.7276573241671,30.0,20,29,7,350.0,1.8800893395962297,fallback: No module named 'cvxpy',heuristic,680,687,predicted_history_signal_no_proposed_feedback,False,cp_sat,False,,OPTIMAL
7,0.15133848629493685,cp_sat,CP-SAT,50,50,50,3,30,39,10,0.21005917159763313,55.76980196321742,64.83818783095633,30.597906318906922,29.843508702380827,62.61885237391022,28.629419435461767,30.418027828107142,44.04436308186244,32,110,534,676,142,32,110,534,3,531,244.727657324167,30.0,21,43,0,250.0,1.2556775748903473,fallback: No module named 'cvxpy',heuristic,680,676,predicted_history_signal_no_proposed_feedback,False,cp_sat,False,,OPTIMAL
7,0.15133848629493685,cp_sat,CP-SAT,50,50,50,4,40,49,10,0.19236417033773862,60.1540010170544,64.83818783095633,28.80025179338761,29.185082136353397,67.5603211590896,30.393107863396263,31.090443890772825,36.64854297402431,43,88,550,681,131,43,88,550,153,397,544.727657324167,30.0,31,38,7,700.0,1.556559927831524,fallback: No module named 'cvxpy',heuristic,680,681,predicted_history_signal_no_proposed_feedback,False,cp_sat,False,,OPTIMAL
7,0.15133848629493685,cp_sat,CP-SAT,50,50,50,5,50,59,10,0.19005847953216373,66.51022317297662,64.83818783095633,30.775785464316012,34.03248196041644,74.44879351308897,28.423693384838067,25.137044178427164,25.543047837800554,54,76,554,684,130,54,76,554,77,477,844.727657324167,30.0,41,31,7,850.0,1.3336187513609359,fallback: No module named 'cvxpy',heuristic,680,684,predicted_history_signal_no_proposed_feedback,False,cp_sat,False,,OPTIMAL
7,0.15133848629493685,cp_sat,CP-SAT,50,50,50,6,60,69,10,0.11641791044776119,70.91801545876795,64.83818783095633,31.875209206911133,33.4490566873009,76.0089984622089,27.31313997136634,25.931269723484682,24.77569226462588,58,20,592,670,78,58,20,592,0,592,144.727657324167,30.0,40,17,4,750.0,2.0945011043021124,fallback: No module named 'cvxpy',heuristic,680,670,predicted_history_signal_no_proposed_feedback,False,cp_sat,False,,OPTIMAL
7,0.15133848629493685,cp_sat,CP-SAT,50,50,50,7,70,79,10,0.13478260869565217,68.41008007545634,64.83818783095633,30.527335016518464,32.36676066643389,74.22514100055447,28.87677665986779,26.60686214076733,25.321398414736134,65,28,597,690,93,65,28,597,141,456,242.727657324167,0.0,32,19,6,150.0,0.9539128690079945,fallback: No module named 'cvxpy',heuristic,680,690,predicted_history_signal_no_proposed_feedback,False,cp_sat,False,,OPTIMAL
7,0.15133848629493685,cp_sat,CP-SAT,50,50,50,8,80,89,10,0.16568047337278108,62.29104864865784,64.83818783095633,29.154048458072054,27.878994244852564,68.98222183623473,31.02295521571171,32.0369375151869,31.556786057933277,63,49,564,676,112,63,49,564,53,511,250.0,0.0,41,23,4,250.0,0.9344540454785829,fallback: No module named 'cvxpy',heuristic,680,676,predicted_history_signal_no_proposed_feedback,False,cp_sat,False,,OPTIMAL
7,0.15133848629493685,cp_sat,CP-SAT,50,50,50,9,90,99,10,0.20869565217391303,58.78033502868402,64.83818783095633,30.631956521532736,30.87520407125682,66.16443296477256,29.18060666332497,28.36029709298978,33.54495735403996,55,89,546,690,144,55,89,546,4,542,250.0,0.0,34,35,3,250.0,0.9147058823529411,fallback: No module named 'cvxpy',heuristic,680,690,predicted_history_signal_no_proposed_feedback,False,cp_sat,False,,OPTIMAL
7,0.23518947597325468,cp_sat,CP-SAT,100,100,100,0,0,9,10,0.17210682492581603,69.26574733746295,61.86427350753794,26.740758405761408,33.6285792153323,77.25434783964393,33.83018881720292,25.364530353003605,22.76459741689405,47,69,558,674,116,47,69,558,285,273,348.4156263150512,30.0,16,25,7,50.0,2.0967647058823524,fallback: No module named 'cvxpy',heuristic,680,674,predicted_history_signal_no_proposed_feedback,False,cp_sat,False,,OPTIMAL
7,0.23518947597325468,cp_sat,CP-SAT,100,100,100,1,10,19,10,0.08823529411764706,70.15599471548747,61.86427350753794,32.10995424717912,23.984708661178313,73.94271147804635,26.65183602222947,37.1077200604618,27.322686662998333,52,8,620,680,60,52,8,620,525,95,648.4156263150512,30.0,12,12,7,100.0,1.8182361563786684,fallback: No module named 'cvxpy',heuristic,680,680,predicted_history_signal_no_proposed_feedback,False,cp_sat,False,,OPTIMAL
7,0.23518947597325468,cp_sat,CP-SAT,100,100,100,2,20,29,10,0.21251819505094613,60.31219324335981,61.86427350753794,34.04757053847586,31.82987362798003,67.8183669952704,25.008210414904113,26.973617359389518,30.436004137232665,44,102,541,687,146,44,102,541,176,365,948.4156263150512,30.0,21,29,7,350.0,1.7400008622610215,fallback: No module named 'cvxpy',heuristic,680,687,predicted_history_signal_no_proposed_feedback,False,cp_sat,False,,OPTIMAL
7,0.23518947597325468,cp_sat,CP-SAT,100,100,100,3,30,39,10,0.3165680473372781,52.28566646746609,61.86427350753794,29.961708121314814,29.1543594351981,62.93376269004816,29.578701524928448,31.462660272129497,43.44172382856573,38,176,462,676,214,38,176,462,3,459,248.4156263150512,30.0,22,43,6,500.0,1.5052949799080806,fallback: No module named 'cvxpy',heuristic,680,676,predicted_history_signal_no_proposed_feedback,False,cp_sat,False,,OPTIMAL
7,0.23518947597325468,cp_sat,CP-SAT,100,100,100,4,40,49,10,0.3142437591776799,56.21895750308569,61.86427350753794,29.365917078355853,30.068818130416073,68.3059596408661,29.767432522072546,30.035641815431568,36.1549960022093,69,145,467,681,214,69,145,467,153,314,536.8967199824237,22.32072911158167,31,38,1,500.0,1.0417655681433744,fallback: No module named 'cvxpy',heuristic,680,681,predicted_history_signal_no_proposed_feedback,False,cp_sat,False,,OPTIMAL
7,0.23518947597325468,cp_sat,CP-SAT,100,100,100,5,50,59,10,0.2982456140350877,62.127005842939695,61.86427350753794,29.29950111332087,34.03984601088757,74.88373341009942,30.368572649905268,25.135793300289517,25.386498779275666,83,121,480,684,204,83,121,480,94,386,825.5630061868526,30.0,40,31,7,500.0,2.050563675787555,fallback: No module named 'cvxpy',heuristic,680,684,predicted_history_signal_no_proposed_feedback,False,cp_sat,False,,OPTIMAL
7,0.23518947597325468,cp_sat,CP-SAT,100,100,100,6,60,69,10,0.19402985074626866,67.21685281539493,61.86427350753794,31.155923053162155,33.96126334788443,75.74753059417884,27.917421873813105,25.344471121663442,25.14920551447874,101,29,540,670,130,101,29,540,0,540,125.56300618685259,30.0,40,17,5,700.0,1.923532797839445,fallback: No module named 'cvxpy',heuristic,680,670,predicted_history_signal_no_proposed_feedback,False,cp_sat,False,,OPTIMAL
7,0.23518947597325468,cp_sat,CP-SAT,100,100,100,7,70,79,10,0.19130434782608696,66.28538247104352,61.86427350753794,30.35942367482326,32.23126338647052,74.59614149837115,28.572598177758124,26.71785963839782,25.110320447241534,76,56,558,690,132,76,56,558,139,419,223.5630061868526,0.0,33,19,6,150.0,0.8376504448982682,fallback: No module named 'cvxpy',heuristic,680,690,predicted_history_signal_no_proposed_feedback,False,cp_sat,False,,OPTIMAL
7,0.23518947597325468,cp_sat,CP-SAT,100,100,100,8,80,89,10,0.257396449704142,59.26678610809455,61.86427350753794,29.403026115853905,28.40801417467594,69.78446587245476,30.415891088412828,31.242962780629725,30.45512129778252,90,84,502,676,174,90,84,502,53,449,259.5630061868526,0.0,40,23,4,250.0,0.8123092684276798,fallback: No module named 'cvxpy',heuristic,680,676,predicted_history_signal_no_proposed_feedback,False,cp_sat,False,,OPTIMAL
7,0.23518947597325468,cp_sat,CP-SAT,100,100,100,9,90,99,10,0.3072463768115942,55.62994475443887,61.86427350753794,29.937672725449357,30.91452172711177,66.76326064969616,29.38493172782538,28.279245452199568,32.69857418915108,84,128,478,690,212,84,128,478,39,439,323.5630061868526,0.0,32,35,1,300.0,0.8128622096041505,fallback: No module named 'cvxpy',heuristic,680,690,predicted_history_signal_no_proposed_feedback,False,cp_sat,False,,OPTIMAL
7,0.2971885489303039,cp_sat,CP-SAT,150,150,150,0,0,9,10,0.22403560830860533,66.85711971147863,59.38371590440479,25.581384439815945,34.08023520886956,77.66919270139338,36.47578716107789,24.986984108062103,22.43274339944408,83,68,523,674,151,83,68,523,285,238,367.3412204234122,30.0,16,25,0,750.0,1.4170588235294117,fallback: No module named 'cvxpy',heuristic,680,674,predicted_history_signal_no_proposed_feedback,False,cp_sat,False,,OPTIMAL
7,0.2971885489303039,cp_sat,CP-SAT,150,150,150,1,10,19,10,0.1,69.98293958260953,59.38371590440479,32.83734459401351,24.49415787924847,74.20565652089039,26.005114531078803,36.51170286028845,26.86094345689238,61,7,612,680,68,61,7,612,525,87,667.3412204234122,30.0,12,12,7,100.0,1.7201034722730937,fallback: No module named 'cvxpy',heuristic,680,680,predicted_history_signal_no_proposed_feedback,False,cp_sat,False,,OPTIMAL
7,0.2971885489303039,cp_sat,CP-SAT,150,150,150,2,20,29,10,0.29112081513828236,57.56947153834284,59.38371590440479,33.82341400215694,31.572292395191237,67.8668921889776,25.20525455182727,27.23793756569316,30.314911074708572,82,118,487,687,200,82,118,487,170,317,967.3412204234122,30.0,19,29,7,350.0,1.6418681781554463,fallback: No module named 'cvxpy',heuristic,680,687,predicted_history_signal_no_proposed_feedback,False,cp_sat,False,,OPTIMAL
7,0.2971885489303039,cp_sat,CP-SAT,150,150,150,3,30,39,10,0.386094674556213,49.75570486227377,59.38371590440479,29.067521975167086,28.342142146913588,63.04823952705365,30.087679648849313,32.855525365863045,43.49832961110948,100,161,415,676,261,100,161,415,34,381,267.3412204234123,30.0,22,43,6,500.0,1.4012799428613287,fallback: No module named 'cvxpy',heuristic,680,676,predicted_history_signal_no_proposed_feedback,False,cp_sat,False,,OPTIMAL
7,0.2971885489303039,cp_sat,CP-SAT,150,150,150,4,40,49,10,0.36123348017621143,54.6383258244518,59.38371590440479,28.600528720675825,31.780130009158967,68.68337218698044,31.078087133889507,27.900163077965228,35.72000861235029,153,93,435,681,246,153,93,435,153,282,527.3412204234123,14.0,31,38,0,450.0,0.8315740605083876,fallback: No module named 'cvxpy',heuristic,680,681,predicted_history_signal_no_proposed_feedback,False,cp_sat,False,,OPTIMAL
7,0.2971885489303039,cp_sat,CP-SAT,150,150,150,5,50,59,10,0.34502923976608185,59.769112635847904,59.38371590440479,29.240916678932937,33.68059854806776,75.18695986932983,30.20930998616395,25.527719506873847,24.981997976743735,169,67,448,684,236,169,67,448,161,287,800.0,28.83005707777761,37,31,4,800.0,1.0573975899201522,fallback: No module named 'cvxpy',heuristic,680,684,predicted_history_signal_no_proposed_feedback,False,cp_sat,False,,OPTIMAL
7,0.2971885489303039,cp_sat,CP-SAT,150,150,150,6,60,69,10,0.2626865671641791,64.34887685037137,59.38371590440479,31.251017613712545,33.14924050239825,75.9371712077633,27.669073418809898,26.4840674816391,24.90535205914917,123,53,494,670,176,123,53,494,0,494,89.14893617021266,22.765957446808507,40,17,7,50.0,1.1058823529411763,fallback: No module named 'cvxpy',heuristic,680,670,predicted_history_signal_no_proposed_feedback,False,cp_sat,False,,OPTIMAL
7,0.2971885489303039,cp_sat,CP-SAT,150,150,150,7,70,79,10,0.3217391304347826,60.023240424052744,59.38371590440479,29.729051152610335,32.297059805312365,74.19053465078403,29.879342714246775,26.715718686817418,25.573705033928142,185,37,468,690,222,185,37,468,67,401,142.97872340425516,0.0,37,19,2,100.0,0.6935181476846058,fallback: No module named 'cvxpy',heuristic,680,690,predicted_history_signal_no_proposed_feedback,False,cp_sat,False,,OPTIMAL
7,0.2971885489303039,cp_sat,CP-SAT,150,150,150,8,80,89,10,0.2973372781065089,57.87471876521397,59.38371590440479,30.96581941314284,28.627515842842907,69.77832012236722,28.14904870152662,30.980825663739502,30.385983946998802,96,105,475,676,201,96,105,475,19,456,150.0,0.0,37,23,2,150.0,0.6944217772215271,fallback: No module named 'cvxpy',heuristic,680,676,predicted_history_signal_no_proposed_feedback,False,cp_sat,False,,OPTIMAL
7,0.2971885489303039,cp_sat,CP-SAT,150,150,150,9,90,99,10,0.3826086956521739,53.19607339816902,59.38371590440479,32.92102468586791,31.176865497560396,66.33818444417572,26.190183972011592,28.19798195978577,33.33359238787604,123,141,426,690,264,123,141,426,3,423,150.0,0.0,30,35,6,150.0,0.7573529411764706,fallback: No module named 'cvxpy',heuristic,680,690,predicted_history_signal_no_proposed_feedback,False,cp_sat,False,,OPTIMAL
7,0.38312002354333374,cp_sat,CP-SAT,200,200,200,0,0,9,10,0.25370919881305637,65.55824649610429,55.655815282971574,25.275071384932794,34.39833470616312,77.83818368289229,36.94286309432522,24.724268139295454,22.35086698159321,93,78,503,674,171,93,78,503,285,218,369.6584938704028,30.0,16,25,0,750.0,1.3435294117647059,fallback: No module named 'cvxpy',heuristic,680,674,predicted_history_signal_no_proposed_feedback,False,cp_sat,False,,OPTIMAL
7,0.38312002354333374,cp_sat,CP-SAT,200,200,200,1,10,19,10,0.11176470588235295,69.77645451723701,55.655815282971574,32.851559311496985,23.655279571738784,74.46831027030906,25.995504309261673,37.06438621587082,26.46813881184568,73,3,604,680,76,73,3,604,525,79,669.6584938704028,30.0,12,12,7,800.0,1.2991498403214174,fallback: No module named 'cvxpy',heuristic,680,680,predicted_history_signal_no_proposed_feedback,False,cp_sat,False,,OPTIMAL
7,0.38312002354333374,cp_sat,CP-SAT,200,200,200,2,20,29,10,0.35807860262008734,55.07691116835458,55.655815282971574,33.68120646324444,31.4972958631372,67.69037853722484,25.314874556506194,27.30399072157997,30.428245246548865,109,137,441,687,246,109,137,441,170,271,969.6584938704028,30.0,19,29,7,250.0,1.475032193262594,fallback: No module named 'cvxpy',heuristic,680,687,predicted_history_signal_no_proposed_feedback,False,cp_sat,False,,OPTIMAL
7,0.38312002354333374,cp_sat,CP-SAT,200,200,200,3,30,39,10,0.44970414201183434,47.667314196329514,55.655815282971574,29.068799023389047,27.884360416066144,63.442400219177216,30.023955662152918,33.45272846100156,43.0446813783291,123,181,372,676,304,123,181,372,34,338,269.6584938704027,30.0,22,43,6,500.0,1.3247380756155351,fallback: No module named 'cvxpy',heuristic,680,676,predicted_history_signal_no_proposed_feedback,False,cp_sat,False,,OPTIMAL
7,0.38312002354333374,cp_sat,CP-SAT,200,200,200,4,40,49,10,0.40381791483113066,53.09968095125506,55.655815282971574,28.494160758363325,32.704089073124244,68.96754689413348,30.906678949451106,26.88426243069752,35.521697216676245,198,77,406,681,275,198,77,406,153,253,569.6584938704027,30.0,33,38,7,700.0,1.2344439579684767,fallback: No module named 'cvxpy',heuristic,680,681,predicted_history_signal_no_proposed_feedback,False,cp_sat,False,,OPTIMAL
7,0.38312002354333374,cp_sat,CP-SAT,200,200,200,5,50,59,10,0.4722222222222222,53.57404834054129,55.655815282971574,30.032311048902393,34.36312781925633,74.07386207182309,29.821825614628626,24.74128170048503,25.876642178639013,276,47,361,684,323,276,47,361,42,319,869.6584938704027,30.0,43,31,7,500.0,1.8609145462037706,fallback: No module named 'cvxpy',heuristic,680,684,predicted_history_signal_no_proposed_feedback,False,cp_sat,False,,OPTIMAL
7,0.38312002354333374,cp_sat,CP-SAT,200,200,200,6,60,69,10,0.4253731343283582,56.25071893895464,55.655815282971574,29.963554437974448,32.55269829355821,75.3267207130094,29.192536008684552,27.075648403548843,25.696263822931204,228,57,385,670,285,228,57,385,14,371,27.658493870402708,0.0,36,17,3,950.0,0.7235616050273,fallback: No module named 'cvxpy',heuristic,680,670,predicted_history_signal_no_proposed_feedback,False,cp_sat,False,,OPTIMAL
7,0.38312002354333374,cp_sat,CP-SAT,200,200,200,7,70,79,10,0.45072463768115945,54.01575062541602,55.655815282971574,30.09810721674019,31.586120614919057,73.47327707390282,29.240531963603935,27.515495135757515,26.279402493694224,268,43,379,690,311,268,43,379,0,379,58.683012259194584,0.0,41,19,1,50.0,0.5922792520861235,fallback: No module named 'cvxpy',heuristic,680,690,predicted_history_signal_no_proposed_feedback,False,cp_sat,False,,OPTIMAL
7,0.38312002354333374,cp_sat,CP-SAT,200,200,200,8,80,89,10,0.4289940828402367,51.82880450279138,55.655815282971574,30.549101882153455,27.763364178634593,68.58835811486783,28.63975433813125,32.01975200353804,32.38198802776862,183,107,386,676,290,183,107,386,1,385,122.68301225919458,0.0,31,23,1,100.0,0.6566532605336352,fallback: No module named 'cvxpy',heuristic,680,676,predicted_history_signal_no_proposed_feedback,False,cp_sat,False,,OPTIMAL
7,0.38312002354333374,cp_sat,CP-SAT,200,200,200,9,90,99,10,0.47681159420289854,49.868040014113184,55.655815282971574,32.625665992420494,31.251730190934374,66.14908568601992,26.46175150359974,28.19879518823306,33.71753963120443,180,149,361,690,329,180,149,361,3,358,158.68301225919458,0.0,29,35,6,150.0,0.7193356134748116,fallback: No module named 'cvxpy',heuristic,680,690,predicted_history_signal_no_proposed_feedback,False,cp_sat,False,,OPTIMAL
7,0.4090603936046442,cp_sat,CP-SAT,250,250,250,0,0,9,10,0.3026706231454006,63.50803278804986,54.959508627533985,25.53934368631572,34.505920749902984,78.21382195792252,36.73328177842077,24.636121852256615,22.106965196902618,111,93,470,674,204,111,93,470,285,185,371.496062992126,30.0,16,25,0,750.0,1.27,fallback: No module named 'cvxpy',heuristic,680,674,predicted_history_signal_no_proposed_feedback,False,cp_sat,False,,OPTIMAL
7,0.4090603936046442,cp_sat,CP-SAT,250,250,250,1,10,19,10,0.12205882352941176,69.55456598215622,54.959508627533985,32.84315520721555,22.832268722965154,74.69203477158432,26.00488019737017,38.43015606798365,26.1504738005206,81,2,597,680,83,81,2,597,525,72,671.496062992126,30.0,12,12,7,800.0,1.2967610004631773,fallback: No module named 'cvxpy',heuristic,680,680,predicted_history_signal_no_proposed_feedback,False,cp_sat,False,,OPTIMAL
7,0.4090603936046442,cp_sat,CP-SAT,250,250,250,2,20,29,10,0.4148471615720524,53.30606124459427,54.959508627533985,33.72376115219371,31.39547186488994,68.13888455168875,25.2811701139124,27.41045845839599,29.882095705118413,121,164,402,687,285,121,164,402,170,232,971.496062992126,30.0,19,29,7,250.0,1.472643353404354,fallback: No module named 'cvxpy',heuristic,680,687,predicted_history_signal_no_proposed_feedback,False,cp_sat,False,,OPTIMAL
7,0.4090603936046442,cp_sat,CP-SAT,250,250,250,3,30,39,10,0.5,46.00467316193776,54.959508627533985,29.905055481694532,27.40281484040048,63.66634047328467,29.829795599677304,34.02836994173171,42.46730767575333,127,211,338,676,338,127,211,338,34,304,224.0157480314956,12.503937007873901,18,43,7,150.0,0.8658786475220008,fallback: No module named 'cvxpy',heuristic,680,676,predicted_history_signal_no_proposed_feedback,False,cp_sat,False,,OPTIMAL
7,0.4090603936046442,cp_sat,CP-SAT,250,250,250,4,40,49,10,0.4390602055800294,52.47326106480731,54.959508627533985,29.089794393468754,33.49274918362742,69.5081602999193,30.301230699114015,26.209455617636596,34.573716364929425,189,110,382,681,299,189,110,382,153,229,483.12300324532566,30.0,28,38,7,700.0,1.2878971746178793,fallback: No module named 'cvxpy',heuristic,680,681,predicted_history_signal_no_proposed_feedback,False,cp_sat,False,,OPTIMAL
7,0.4090603936046442,cp_sat,CP-SAT,250,250,250,5,50,59,10,0.34941520467836257,59.19283681383383,54.959508627533985,28.633656489963453,34.33352587372665,75.47743322634481,30.86308165441991,24.742120705433447,24.81536616026416,229,10,445,684,239,229,10,445,197,248,783.1230032453257,30.0,34,31,7,850.0,1.1107636251928412,fallback: No module named 'cvxpy',heuristic,680,684,predicted_history_signal_no_proposed_feedback,False,cp_sat,False,,OPTIMAL
7,0.4090603936046442,cp_sat,CP-SAT,250,250,250,6,60,69,10,0.5059701492537313,52.42919928826771,54.959508627533985,30.623052433493413,31.46853278010909,74.6576557521869,28.5479477382006,28.473000500025037,26.433825398106162,298,41,331,670,339,298,41,331,14,317,73.09353993006994,23.093539930069884,40,17,7,50.0,1.0572342134281354,fallback: No module named 'cvxpy',heuristic,680,670,predicted_history_signal_no_proposed_feedback,False,cp_sat,False,,OPTIMAL
7,0.4090603936046442,cp_sat,CP-SAT,250,250,250,7,70,79,10,0.4405797101449275,54.864883397662744,54.959508627533985,30.02725353214539,31.088399097944443,74.33265679113453,29.21114630933762,28.365187615141437,25.397766422051234,270,34,386,690,304,270,34,386,93,293,177.43876041958038,0.0,35,19,2,100.0,0.6026254569144385,fallback: No module named 'cvxpy',heuristic,680,690,predicted_history_signal_no_proposed_feedback,False,cp_sat,False,,OPTIMAL
7,0.4090603936046442,cp_sat,CP-SAT,250,250,250,8,80,89,10,0.5029585798816568,49.778361287165076,54.959508627533985,29.927822580685767,30.361523176033156,69.791641722487,29.66222890484646,28.909793579424065,30.753176929910985,283,57,336,676,340,283,57,336,23,313,209.12247916083925,0.0,40,23,0,200.0,0.5028590232192515,fallback: No module named 'cvxpy',heuristic,680,676,predicted_history_signal_no_proposed_feedback,False,cp_sat,False,,OPTIMAL
7,0.4090603936046442,cp_sat,CP-SAT,250,250,250,9,90,99,10,0.5130434782608696,48.529994454039155,54.959508627533985,30.282119268812277,32.93869912720795,66.68805854536922,28.81463265882999,26.022137682391065,33.12985781502155,219,135,336,690,354,219,135,336,35,301,273.12247916083925,0.0,30,35,3,250.0,0.6354937182673794,fallback: No module named 'cvxpy',heuristic,680,690,predicted_history_signal_no_proposed_feedback,False,cp_sat,False,,OPTIMAL
7,0.4551339049700286,cp_sat,CP-SAT,300,300,300,0,0,9,10,0.3293768545994065,62.408081335510666,53.24869128755192,25.353893617925873,34.580130828292916,78.54564707678666,36.9631130082797,24.573808920077603,21.866669920831647,121,101,452,674,222,121,101,452,285,167,371.53257593322513,30.0,16,25,0,750.0,1.268529411764706,fallback: No module named 'cvxpy',heuristic,680,674,predicted_history_signal_no_proposed_feedback,False,cp_sat,False,,OPTIMAL
7,0.4551339049700286,cp_sat,CP-SAT,300,300,300,1,10,19,10,0.1338235294117647,69.30329064817887,53.24869128755192,32.80269610359475,22.832268722965154,74.97645696111336,26.03622857883633,38.43015606798365,25.7030774792209,89,2,589,680,91,89,2,589,525,64,671.5325759332252,30.0,12,12,7,800.0,1.2967135336397486,fallback: No module named 'cvxpy',heuristic,680,680,predicted_history_signal_no_proposed_feedback,False,cp_sat,False,,OPTIMAL
7,0.4551339049700286,cp_sat,CP-SAT,300,300,300,2,20,29,10,0.45997088791848617,51.768490196312456,53.24869128755192,33.729417627592596,31.420957234077818,68.25331446194085,25.27427004921733,27.389882561300585,29.718762942407352,136,180,371,687,316,136,180,371,170,201,971.5325759332252,30.0,19,29,7,250.0,1.4725958865809248,fallback: No module named 'cvxpy',heuristic,680,687,predicted_history_signal_no_proposed_feedback,False,cp_sat,False,,OPTIMAL
7,0.4551339049700286,cp_sat,CP-SAT,300,300,300,3,30,39,10,0.5636094674556213,43.868091665281746,53.24869128755192,29.81659736182813,27.321455687512557,64.07973199798964,30.039253754880765,34.21457650998571,41.49606553079475,137,244,295,676,381,137,244,295,34,261,223.86969626709924,12.46742406677481,18,43,7,150.0,0.8658311806985719,fallback: No module named 'cvxpy',heuristic,680,676,predicted_history_signal_no_proposed_feedback,False,cp_sat,False,,OPTIMAL
7,0.4551339049700286,cp_sat,CP-SAT,300,300,300,4,40,49,10,0.47577092511013214,51.276942553208166,53.24869128755192,29.100802319298946,34.0209728516685,69.80447659811495,30.287659820439202,25.47011942308716,34.275003801042786,208,116,357,681,324,208,116,357,153,204,482.7875196495473,30.0,28,38,7,700.0,1.2880870419115946,fallback: No module named 'cvxpy',heuristic,680,681,predicted_history_signal_no_proposed_feedback,False,cp_sat,False,,OPTIMAL
7,0.4551339049700286,cp_sat,CP-SAT,300,300,300,5,50,59,10,0.42251461988304095,56.35645144680136,53.24869128755192,28.85123171361571,34.22215544522328,76.22217537589023,30.578928362806646,24.842274409844578,24.02131135506841,270,19,395,684,289,270,19,395,197,198,782.7875196495472,30.0,34,31,6,800.0,1.0270821068085296,fallback: No module named 'cvxpy',heuristic,680,684,predicted_history_signal_no_proposed_feedback,False,cp_sat,False,,OPTIMAL
7,0.4551339049700286,cp_sat,CP-SAT,300,300,300,6,60,69,10,0.5522388059701493,50.462704255585216,53.24869128755192,30.71579321429491,30.972803822179724,74.77610617591503,28.423882266210295,29.010110015022036,26.30882360756004,322,48,300,670,370,322,48,300,14,286,73.4305836282208,23.43058362822078,40,17,7,50.0,1.0576703421026474,fallback: No module named 'cvxpy',heuristic,680,670,predicted_history_signal_no_proposed_feedback,False,cp_sat,False,,OPTIMAL
7,0.4551339049700286,cp_sat,CP-SAT,300,300,300,7,70,79,10,0.48985507246376814,52.80921106114525,53.24869128755192,29.883981309504893,31.198607697224148,74.65457886968808,29.382498952609488,28.27380409496662,25.08228091170613,293,45,352,690,338,293,45,352,93,259,175.4164982306752,0.0,35,19,2,100.0,0.6021873001068423,fallback: No module named 'cvxpy',heuristic,680,690,predicted_history_signal_no_proposed_feedback,False,cp_sat,False,,OPTIMAL
7,0.4551339049700286,cp_sat,CP-SAT,300,300,300,8,80,89,10,0.5488165680473372,47.93513860612396,53.24869128755192,29.804061699595596,31.276099517403967,69.70490680635781,29.97408755812744,27.837916057500493,30.924228134158103,312,59,305,676,371,312,59,305,23,282,211.4164982306752,0.0,40,23,0,200.0,0.5054879640648281,fallback: No module named 'cvxpy',heuristic,680,676,predicted_history_signal_no_proposed_feedback,False,cp_sat,False,,OPTIMAL
7,0.4551339049700286,cp_sat,CP-SAT,300,300,300,9,90,99,10,0.5753623188405798,46.35955252846594,53.24869128755192,30.32108567020012,32.851775465760056,66.83846489152171,28.81809040747022,26.195128229608777,32.70480667194162,252,145,293,690,397,252,145,293,35,258,269.75050530797444,0.0,30,35,3,250.0,0.6325114934765927,fallback: No module named 'cvxpy',heuristic,680,690,predicted_history_signal_no_proposed_feedback,False,cp_sat,False,,OPTIMAL
7,0.4936458663268053,cp_sat,CP-SAT,350,350,350,0,0,9,10,0.3516320474777448,61.524845203463606,51.824793922914125,25.347876081937358,34.600466070891265,78.77347587403314,36.9516724176069,24.55671681569977,21.720937554562425,125,112,437,674,237,125,112,437,285,152,371.53257593322513,30.0,16,25,0,750.0,1.268529411764706,fallback: No module named 'cvxpy',heuristic,680,674,predicted_history_signal_no_proposed_feedback,False,cp_sat,False,,OPTIMAL
7,0.4936458663268053,cp_sat,CP-SAT,350,350,350,1,10,19,10,0.1426470588235294,69.13618539492555,51.824793922914125,32.850752007564395,22.832268722965154,75.20775315674926,25.993537112916783,38.43015606798365,25.299330021794507,95,2,583,680,97,95,2,583,525,58,671.5325759332252,30.0,12,12,7,800.0,1.2967135336397486,fallback: No module named 'cvxpy',heuristic,680,680,predicted_history_signal_no_proposed_feedback,False,cp_sat,False,,OPTIMAL
7,0.4936458663268053,cp_sat,CP-SAT,350,350,350,2,20,29,10,0.49344978165938863,50.71865043570336,51.824793922914125,33.77360063119369,31.460514125834184,68.52159225258234,25.23717116444057,27.35632428228003,29.416334164442286,144,195,348,687,339,144,195,348,170,178,971.5325759332252,30.0,19,29,7,250.0,1.4725958865809248,fallback: No module named 'cvxpy',heuristic,680,687,predicted_history_signal_no_proposed_feedback,False,cp_sat,False,,OPTIMAL
7,0.4936458663268053,cp_sat,CP-SAT,350,350,350,3,30,39,10,0.6079881656804734,42.384956209709465,51.824793922914125,29.85934682719318,27.46115893353572,64.22775479016508,29.94869553201674,34.03656652099697,41.32068690429444,144,267,265,676,411,144,267,265,34,231,223.86969626709924,12.46742406677481,18,43,7,150.0,0.8658311806985719,fallback: No module named 'cvxpy',heuristic,680,676,predicted_history_signal_no_proposed_feedback,False,cp_sat,False,,OPTIMAL
7,0.4936458663268053,cp_sat,CP-SAT,350,350,350,4,40,49,10,0.5139500734214391,50.10675764082619,51.824793922914125,29.041744859541833,34.37082506856013,70.4167476346307,30.36378491275884,24.906542201972247,33.64519642366032,228,122,331,681,350,228,122,331,153,178,482.7875196495473,30.0,28,38,7,700.0,1.2880870419115946,fallback: No module named 'cvxpy',heuristic,680,681,predicted_history_signal_no_proposed_feedback,False,cp_sat,False,,OPTIMAL
7,0.4936458663268053,cp_sat,CP-SAT,350,350,350,5,50,59,10,0.4517543859649123,55.00693855012636,51.824793922914125,28.781773330234984,34.22215544522328,76.34082866415746,30.65598874446089,24.842274409844578,24.0158188665541,290,19,375,684,309,290,19,375,197,178,782.7875196495472,30.0,34,31,6,800.0,1.0270821068085296,fallback: No module named 'cvxpy',heuristic,680,684,predicted_history_signal_no_proposed_feedback,False,cp_sat,False,,OPTIMAL
7,0.4936458663268053,cp_sat,CP-SAT,350,350,350,6,60,69,10,0.6194029850746269,47.54104730755589,51.824793922914125,30.6869753990901,30.272785961780517,75.06605522447578,28.44589421958073,29.840767239762258,25.883446316745736,356,59,255,670,415,356,59,255,14,241,73.4305836282208,23.43058362822078,40,17,7,50.0,1.0576703421026474,fallback: No module named 'cvxpy',heuristic,680,670,predicted_history_signal_no_proposed_feedback,False,cp_sat,False,,OPTIMAL
7,0.4936458663268053,cp_sat,CP-SAT,350,350,350,7,70,79,10,0.5362318840579711,50.81745461847086,51.824793922914125,29.80186059422625,31.493799176692992,74.85236980549328,29.482942337564758,27.990317594919844,24.972654233206224,320,50,320,690,370,320,50,320,93,227,175.4164982306752,0.0,35,19,2,100.0,0.6021873001068423,fallback: No module named 'cvxpy',heuristic,680,690,predicted_history_signal_no_proposed_feedback,False,cp_sat,False,,OPTIMAL
7,0.4936458663268053,cp_sat,CP-SAT,350,350,350,8,80,89,10,0.599112426035503,46.200647922774515,51.824793922914125,29.8870074565938,31.518447565661866,70.19552697009124,29.869318142348842,27.607629720907152,30.288195754427175,341,64,271,676,405,341,64,271,23,248,211.4164982306752,0.0,40,23,0,200.0,0.5054879640648281,fallback: No module named 'cvxpy',heuristic,680,676,predicted_history_signal_no_proposed_feedback,False,cp_sat,False,,OPTIMAL
7,0.4936458663268053,cp_sat,CP-SAT,350,350,350,9,90,99,10,0.6202898550724638,44.85691412193008,51.824793922914125,30.327998837251283,32.996101674583265,67.0636328862153,28.813049315302568,26.064263263636093,32.35329823724936,278,150,262,690,428,278,150,262,35,227,269.75050530797444,0.0,30,35,3,250.0,0.6325114934765927,fallback: No module named 'cvxpy',heuristic,680,690,predicted_history_signal_no_proposed_feedback,False,cp_sat,False,,OPTIMAL
7,0.5277201869712076,cp_sat,CP-SAT,400,400,400,0,0,9,10,0.37091988130563797,60.662008469982354,50.550972685725405,25.237032825256097,34.75862919061428,79.01178092728446,37.07370078147019,24.42334675676499,21.541960207224935,137,113,424,674,250,137,113,424,285,139,371.53257593322513,30.0,16,25,0,750.0,1.268529411764706,fallback: No module named 'cvxpy',heuristic,680,674,predicted_history_signal_no_proposed_feedback,False,cp_sat,False,,OPTIMAL
7,0.5277201869712076,cp_sat,CP-SAT,400,400,400,1,10,19,10,0.1514705882352941,68.94007070606543,50.550972685725405,32.752415287738444,0.0,75.39991214122604,26.08167493573754,0.0,25.053479692069978,103,0,577,680,103,103,0,577,525,52,671.5325759332252,30.0,12,12,7,800.0,1.2967135336397486,fallback: No module named 'cvxpy',heuristic,680,680,predicted_history_signal_no_proposed_feedback,False,cp_sat,False,,OPTIMAL
7,0.5277201869712076,cp_sat,CP-SAT,400,400,400,2,20,29,10,0.5211062590975255,49.804023269540124,50.550972685725405,33.80365744849933,31.431360273758322,68.70014540306369,25.211587979501065,27.39020831831797,29.178611078543106,152,206,329,687,358,152,206,329,170,159,971.5325759332252,30.0,19,29,7,250.0,1.4725958865809248,fallback: No module named 'cvxpy',heuristic,680,687,predicted_history_signal_no_proposed_feedback,False,cp_sat,False,,OPTIMAL
7,0.5277201869712076,cp_sat,CP-SAT,400,400,400,3,30,39,10,0.6597633136094675,40.70270015127402,50.550972685725405,29.899217958924147,27.462936727097365,64.78744929218173,29.87328485329789,34.04546086617277,40.24780814627977,150,296,230,676,446,150,296,230,34,196,223.86969626709924,12.46742406677481,18,43,7,150.0,0.8658311806985719,fallback: No module named 'cvxpy',heuristic,680,676,predicted_history_signal_no_proposed_feedback,False,cp_sat,False,,OPTIMAL
7,0.5277201869712076,cp_sat,CP-SAT,400,400,400,4,40,49,10,0.5477239353891337,48.99542122098603,50.550972685725405,28.982556782755218,34.7736742736044,70.80627927014365,30.443163844140884,24.410585783983265,32.98511219203901,244,129,308,681,373,244,129,308,153,155,482.7875196495473,30.0,28,38,7,700.0,1.2880870419115946,fallback: No module named 'cvxpy',heuristic,680,681,predicted_history_signal_no_proposed_feedback,False,cp_sat,False,,OPTIMAL
7,0.5277201869712076,cp_sat,CP-SAT,400,400,400,5,50,59,10,0.47514619883040937,54.09309454935636,50.550972685725405,28.83075093615125,34.3738022217575,76.65409914149991,30.61288033072317,24.714381825911524,23.734558749969143,305,20,359,684,325,305,20,359,197,162,782.7875196495472,30.0,34,31,7,850.0,1.1111997538673533,fallback: No module named 'cvxpy',heuristic,680,684,predicted_history_signal_no_proposed_feedback,False,cp_sat,False,,OPTIMAL
7,0.5277201869712076,cp_sat,CP-SAT,400,400,400,6,60,69,10,0.6656716417910448,45.37764430449774,50.550972685725405,30.66008345964266,29.85958781168363,74.8993513193677,28.489285353438465,30.378431872520174,25.954316242455217,385,61,224,670,446,385,61,224,14,210,73.4305836282208,23.43058362822078,40,17,7,50.0,1.0576703421026474,fallback: No module named 'cvxpy',heuristic,680,670,predicted_history_signal_no_proposed_feedback,False,cp_sat,False,,OPTIMAL
7,0.5277201869712076,cp_sat,CP-SAT,400,400,400,7,70,79,10,0.5869565217391305,48.7411248402151,50.550972685725405,29.79139774504026,31.539718063396624,75.34455816187447,29.484206302399812,27.913156104714897,24.63986991137508,352,53,285,690,405,352,53,285,93,192,175.4164982306752,0.0,35,19,2,100.0,0.6021873001068423,fallback: No module named 'cvxpy',heuristic,680,690,predicted_history_signal_no_proposed_feedback,False,cp_sat,False,,OPTIMAL
7,0.5277201869712076,cp_sat,CP-SAT,400,400,400,8,80,89,10,0.6375739644970414,44.763916191911505,50.550972685725405,29.961590582612335,31.859454243511127,70.33914279580543,29.78222395451002,27.241446757140668,30.083302011706603,371,60,245,676,431,371,60,245,23,222,211.4164982306752,0.0,40,23,0,200.0,0.5054879640648281,fallback: No module named 'cvxpy',heuristic,680,676,predicted_history_signal_no_proposed_feedback,False,cp_sat,False,,OPTIMAL
7,0.5277201869712076,cp_sat,CP-SAT,400,400,400,9,90,99,10,0.6608695652173913,43.47076416571797,50.550972685725405,30.299403744193754,33.191405375320016,67.19767055942832,28.832602281216253,25.781911818527398,32.38262416051816,299,157,234,690,456,299,157,234,35,199,269.75050530797444,0.0,30,35,3,250.0,0.6325114934765927,fallback: No module named 'cvxpy',heuristic,680,690,predicted_history_signal_no_proposed_feedback,False,cp_sat,False,,OPTIMAL
42,0.12872297887423823,cp_sat,CP-SAT,50,50,50,0,0,9,10,0.05891016200294551,73.51351672934125,66.71994409036137,33.751844081888954,30.6327576998465,76.16358990071134,25.200136479407576,28.199381680821528,24.297711970760588,7,33,639,679,40,7,33,639,451,188,364.05053598774884,30.0,4,17,7,550.0,1.5364705882352943,fallback: No module named 'cvxpy',heuristic,680,679,predicted_history_signal_no_proposed_feedback,False,cp_sat,False,,OPTIMAL
42,0.12872297887423823,cp_sat,CP-SAT,50,50,50,1,10,19,10,0.06567164179104477,73.93121989442652,66.71994409036137,28.07778657712966,34.568420628070754,76.91567114488885,31.018987924130485,24.56387106119227,22.21884884552355,21,23,626,670,44,21,23,626,514,112,664.0505359877488,30.0,13,13,0,0.0,1.697322538510044,fallback: No module named 'cvxpy',heuristic,680,670,predicted_history_signal_no_proposed_feedback,False,cp_sat,False,,OPTIMAL
42,0.12872297887423823,cp_sat,CP-SAT,50,50,50,2,20,29,10,0.07851851851851852,68.79710838706458,66.71994409036137,29.976506411622168,32.090674776676714,72.00300365032311,29.122197075234897,26.77308947249316,26.348085517187037,23,30,622,675,53,23,30,622,201,421,961.0309284979608,26.98039251021193,20,13,7,950.0,1.3246754796865146,fallback: No module named 'cvxpy',heuristic,680,675,predicted_history_signal_no_proposed_feedback,False,cp_sat,False,,OPTIMAL
42,0.12872297887423823,cp_sat,CP-SAT,50,50,50,3,30,39,10,0.17271407837445574,59.38249236100797,66.71994409036137,29.711334868951543,29.139404996123076,65.6512477156466,29.885063038483136,29.89612895735089,36.14399540615308,45,74,570,689,119,45,74,570,0,570,257.8175026505553,26.786574152594596,40,33,0,250.0,1.2447774400114746,fallback: No module named 'cvxpy',heuristic,680,689,predicted_history_signal_no_proposed_feedback,False,cp_sat,False,,OPTIMAL
42,0.12872297887423823,cp_sat,CP-SAT,50,50,50,4,40,49,10,0.1943620178041543,56.806200718547,66.71994409036137,31.254185450104348,28.769020708294452,63.32309148334506,27.87891239824964,30.907259487426447,38.611889333183115,54,77,543,674,131,54,77,543,62,481,385.8175026505553,0.0,39,40,3,300.0,0.9474843053778075,fallback: No module named 'cvxpy',heuristic,680,674,predicted_history_signal_no_proposed_feedback,False,cp_sat,False,,OPTIMAL
42,0.12872297887423823,cp_sat,CP-SAT,50,50,50,5,50,59,10,0.20950965824665677,60.75515171206803,66.71994409036137,33.57004302548126,31.90504374362605,68.2481597172173,25.513463159316146,27.37740191408135,31.210945414883394,49,92,532,673,141,49,92,532,83,449,401.8175026505553,0.0,36,42,5,400.0,0.9302019524366311,fallback: No module named 'cvxpy',heuristic,680,673,predicted_history_signal_no_proposed_feedback,False,cp_sat,False,,OPTIMAL
42,0.12872297887423823,cp_sat,CP-SAT,50,50,50,6,60,69,10,0.119533527696793,68.45017849997554,66.71994409036137,29.007322592430995,33.14341307841091,73.43522038437246,30.511550880617893,26.05142715972786,26.34686532391706,28,54,604,686,82,28,54,604,326,278,581.4417594088688,21.99480694999756,18,29,5,550.0,1.0911666583189839,fallback: No module named 'cvxpy',heuristic,680,686,predicted_history_signal_no_proposed_feedback,False,cp_sat,False,,OPTIMAL
42,0.12872297887423823,cp_sat,CP-SAT,50,50,50,7,70,79,10,0.13556851311953352,71.1441430629732,66.71994409036137,28.938570465628832,33.89063561667827,77.59621211614696,31.309610627885377,25.168941834884844,22.68836571206845,73,20,593,686,93,73,20,593,105,488,873.4707387341178,30.0,40,16,7,0.0,1.4926551245331763,fallback: No module named 'cvxpy',heuristic,680,686,predicted_history_signal_no_proposed_feedback,False,cp_sat,False,,OPTIMAL
42,0.12872297887423823,cp_sat,CP-SAT,50,50,50,8,80,89,10,0.11842105263157894,69.547220248304,66.71994409036137,30.678376853653944,31.04908067240229,74.75057995679978,28.512343976799983,28.734939164230273,25.017257130968222,52,29,603,684,81,52,29,603,33,570,975.1755675952929,0.0,39,12,0,900.0,0.9094880396456468,fallback: No module named 'cvxpy',heuristic,680,684,predicted_history_signal_no_proposed_feedback,False,cp_sat,False,,OPTIMAL
42,0.12872297887423823,cp_sat,CP-SAT,50,50,50,9,90,99,10,0.13402061855670103,64.87811469656658,66.71994409036137,33.336956518394956,30.747622345133394,69.99728041012057,25.755519855072563,28.810909829293514,28.31566563939856,37,54,588,679,91,37,54,588,0,588,11.175567595292932,0.0,34,21,5,0.0,0.9234482327143545,fallback: No module named 'cvxpy',heuristic,680,679,predicted_history_signal_no_proposed_feedback,False,cp_sat,False,,OPTIMAL
42,0.22046569274203023,cp_sat,CP-SAT,100,100,100,0,0,9,10,0.08836524300441827,72.65781335734826,63.38598631185524,34.11230859044927,30.76352197727369,76.58880948673155,24.920427283938807,28.018040370053736,23.812463388464995,24,36,619,679,60,24,36,619,451,168,368.72990353697753,30.0,7,17,4,600.0,1.3720588235294118,fallback: No module named 'cvxpy',heuristic,680,679,predicted_history_signal_no_proposed_feedback,False,cp_sat,False,,OPTIMAL
42,0.22046569274203023,cp_sat,CP-SAT,100,100,100,1,10,19,10,0.08955223880597014,72.77595876295372,63.38598631185524,27.501836309127786,34.596917480112715,77.13610089059581,31.71937527758471,24.54219790837823,22.06316343548609,52,8,610,670,60,52,8,610,514,96,668.7299035369775,30.0,13,13,5,50.0,1.6724158312842823,fallback: No module named 'cvxpy',heuristic,680,670,predicted_history_signal_no_proposed_feedback,False,cp_sat,False,,OPTIMAL
42,0.22046569274203023,cp_sat,CP-SAT,100,100,100,2,20,29,10,0.14666666666666667,65.94086916828488,63.38598631185524,29.738680123994875,32.107144799754415,71.96574835395893,30.170748860307846,26.72598703466333,26.334135819061103,51,48,576,675,99,51,48,576,184,392,968.7299035369775,30.0,22,13,1,150.0,1.3271217136372233,fallback: No module named 'cvxpy',heuristic,680,675,predicted_history_signal_no_proposed_feedback,False,cp_sat,False,,OPTIMAL
42,0.22046569274203023,cp_sat,CP-SAT,100,100,100,3,30,39,10,0.3193033381712627,54.40832992619414,63.38598631185524,30.429791004952932,28.776429182722378,66.01583838790114,29.11350651378247,30.294000012039273,35.85144507152385,118,102,469,689,220,118,102,469,0,469,268.7299035369774,30.0,41,33,7,400.0,1.372415831284282,fallback: No module named 'cvxpy',heuristic,680,689,predicted_history_signal_no_proposed_feedback,False,cp_sat,False,,OPTIMAL
42,0.22046569274203023,cp_sat,CP-SAT,100,100,100,4,40,49,10,0.34124629080118696,52.506243695374366,63.38598631185524,31.94079453024959,29.753103041866932,63.80498444527713,27.106748198235803,29.641590350699758,38.26047895199763,99,131,444,674,230,99,131,444,74,370,396.7299035369774,0.0,38,40,3,300.0,0.7818275959901646,fallback: No module named 'cvxpy',heuristic,680,674,predicted_history_signal_no_proposed_feedback,False,cp_sat,False,,OPTIMAL
42,0.22046569274203023,cp_sat,CP-SAT,100,100,100,5,50,59,10,0.34175334323922735,56.43991186674301,63.38598631185524,32.83764581873511,32.50866687224912,68.80381722819163,26.219308094436904,26.73592645229664,30.682992656938687,82,148,443,673,230,82,148,443,83,360,400.0,0.0,37,42,5,400.0,0.776309948931341,fallback: No module named 'cvxpy',heuristic,680,673,predicted_history_signal_no_proposed_feedback,False,cp_sat,False,,OPTIMAL
42,0.22046569274203023,cp_sat,CP-SAT,100,100,100,6,60,69,10,0.19970845481049562,65.63767124144978,63.38598631185524,30.555017810130963,32.47837819825852,74.12960474050462,28.53279667980853,26.800242000189602,25.67607182015617,62,75,549,686,137,62,75,549,326,223,600.0,28.0,21,29,2,600.0,0.9967647058823529,fallback: No module named 'cvxpy',heuristic,680,686,predicted_history_signal_no_proposed_feedback,False,cp_sat,False,,OPTIMAL
42,0.22046569274203023,cp_sat,CP-SAT,100,100,100,7,70,79,10,0.22157434402332363,67.51123560705618,63.38598631185524,29.741958299125525,33.44102903156978,77.96417588666358,29.42480508606674,25.54621344110078,22.36535859732505,109,43,534,686,152,109,43,534,102,432,900.0,30.0,41,16,6,0.0,1.3258823529411765,fallback: No module named 'cvxpy',heuristic,680,686,predicted_history_signal_no_proposed_feedback,False,cp_sat,False,,OPTIMAL
42,0.22046569274203023,cp_sat,CP-SAT,100,100,100,8,80,89,10,0.20906432748538012,65.5339133410598,63.38598631185524,29.394247206960888,30.251259324217276,75.02159311992973,30.10380397647379,29.778051376662837,24.653115262508095,102,41,541,684,143,102,41,541,0,541,200.0,30.0,41,12,7,800.0,1.9494117647058824,fallback: No module named 'cvxpy',heuristic,680,684,predicted_history_signal_no_proposed_feedback,False,cp_sat,False,,OPTIMAL
42,0.22046569274203023,cp_sat,CP-SAT,100,100,100,9,90,99,10,0.24742268041237114,60.496594374281955,63.38598631185524,27.742330866080252,31.085768538031186,70.76131368668443,31.764128157405334,28.44451837605369,27.486715303834664,91,77,511,679,168,91,77,511,92,419,298.0,0.0,38,21,2,200.0,0.7338235294117647,fallback: No module named 'cvxpy',heuristic,680,679,predicted_history_signal_no_proposed_feedback,False,cp_sat,False,,OPTIMAL
42,0.27985391967621204,cp_sat,CP-SAT,150,150,150,0,0,9,10,0.1251840942562592,71.4964910902214,60.97633706790637,34.21266772562475,31.02547844296746,77.07853771142166,24.842484218023554,27.709612696720875,23.296395087591065,39,46,594,679,85,39,46,594,451,143,368.71116348832226,30.0,7,17,3,700.0,1.3726470588235293,fallback: No module named 'cvxpy',heuristic,680,679,predicted_history_signal_no_proposed_feedback,False,cp_sat,False,,OPTIMAL
42,0.27985391967621204,cp_sat,CP-SAT,150,150,150,1,10,19,10,0.10746268656716418,72.0160804150304,60.97633706790637,27.959350892379117,34.596917480112715,77.26507153993379,31.157988838353855,24.54219790837823,21.980472742416843,67,5,598,670,72,67,5,598,514,84,668.7111634883222,30.0,13,13,5,50.0,1.5989107815828283,fallback: No module named 'cvxpy',heuristic,680,670,predicted_history_signal_no_proposed_feedback,False,cp_sat,False,,OPTIMAL
42,0.27985391967621204,cp_sat,CP-SAT,150,150,150,2,20,29,10,0.2311111111111111,62.15296573193012,60.97633706790637,29.548846177369413,31.72891849906423,71.70101642790273,30.41200953511533,27.07431582722561,26.469852404478264,96,60,519,675,156,96,60,519,184,335,968.7111634883222,30.0,22,13,0,100.0,1.1371460757004752,fallback: No module named 'cvxpy',heuristic,680,675,predicted_history_signal_no_proposed_feedback,False,cp_sat,False,,OPTIMAL
42,0.27985391967621204,cp_sat,CP-SAT,150,150,150,3,30,39,10,0.41364296081277213,50.775356295761654,60.97633706790637,30.61142865244738,28.540993992454837,65.54826690705812,28.949010945379538,30.546991420701943,36.456018149213165,178,107,404,689,285,178,107,404,0,404,268.7111634883222,30.0,41,33,7,400.0,1.298910781582828,fallback: No module named 'cvxpy',heuristic,680,689,predicted_history_signal_no_proposed_feedback,False,cp_sat,False,,OPTIMAL
42,0.27985391967621204,cp_sat,CP-SAT,150,150,150,4,40,49,10,0.4124629080118694,50.57935080424358,60.97633706790637,32.072764308321176,30.339293521213747,64.05286805790075,27.015091059711636,28.989865033599468,38.08214927126681,168,110,396,674,278,168,110,396,74,322,396.7111634883222,0.0,38,40,3,300.0,0.6789107815828281,fallback: No module named 'cvxpy',heuristic,680,674,predicted_history_signal_no_proposed_feedback,False,cp_sat,False,,OPTIMAL
42,0.27985391967621204,cp_sat,CP-SAT,150,150,150,5,50,59,10,0.40416047548291234,54.44216848878854,60.97633706790637,32.952658867272596,32.60987306293763,69.13228601753887,26.1272019559492,26.578662930579387,30.401296631825797,139,133,401,673,272,139,133,401,83,318,400.0,0.0,37,42,6,400.0,0.702804899229887,fallback: No module named 'cvxpy',heuristic,680,673,predicted_history_signal_no_proposed_feedback,False,cp_sat,False,,OPTIMAL
42,0.27985391967621204,cp_sat,CP-SAT,150,150,150,6,60,69,10,0.21574344023323616,65.10516731177295,60.97633706790637,29.645022995475795,33.0189802016213,74.43982572441277,29.900178324338178,26.313478545136544,25.261904538019245,81,67,538,686,148,81,67,538,326,212,552.6530612244896,27.755102040816325,17,29,7,900.0,1.4411764705882355,fallback: No module named 'cvxpy',heuristic,680,686,predicted_history_signal_no_proposed_feedback,False,cp_sat,False,,OPTIMAL
42,0.27985391967621204,cp_sat,CP-SAT,150,150,150,7,70,79,10,0.3206997084548105,62.57214332734344,60.97633706790637,30.604247256517713,32.24054967948959,77.57298725992796,28.596739599479086,26.59859071538075,22.567763528288832,194,26,466,686,220,194,26,466,120,346,852.6530612244896,30.0,38,16,2,900.0,1.0765510204081634,fallback: No module named 'cvxpy',heuristic,680,686,predicted_history_signal_no_proposed_feedback,False,cp_sat,False,,OPTIMAL
42,0.27985391967621204,cp_sat,CP-SAT,150,150,150,8,80,89,10,0.25584795321637427,63.01718621336117,60.97633706790637,27.500241438437175,30.852037533615643,74.89906348419177,32.487459076507875,29.021424923108,24.804914776917094,125,50,509,684,175,125,50,509,0,509,152.65306122448965,30.0,39,12,7,800.0,1.9286098439375752,fallback: No module named 'cvxpy',heuristic,680,684,predicted_history_signal_no_proposed_feedback,False,cp_sat,False,,OPTIMAL
42,0.27985391967621204,cp_sat,CP-SAT,150,150,150,9,90,99,10,0.3122238586156112,57.70161176417201,60.97633706790637,27.430388901846335,31.63823634206623,70.85790547551836,32.18028320094189,27.634976615775972,27.48263704104511,147,65,467,679,212,147,65,467,79,388,280.65306122448965,0.0,38,21,2,200.0,0.6850804321728694,fallback: No module named 'cvxpy',heuristic,680,679,predicted_history_signal_no_proposed_feedback,False,cp_sat,False,,OPTIMAL
42,0.34446383736983005,cp_sat,CP-SAT,200,200,200,0,0,9,10,0.14727540500736377,70.77552456672184,58.342937901017535,34.186222024848796,31.13872079491339,77.39493358968147,24.863067572392048,27.60956684470105,22.991533011800417,43,57,579,679,100,43,57,579,451,128,370.79012904686437,30.0,7,17,3,700.0,1.2991176470588235,fallback: No module named 'cvxpy',heuristic,680,679,predicted_history_signal_no_proposed_feedback,False,cp_sat,False,,OPTIMAL
42,0.34446383736983005,cp_sat,CP-SAT,200,200,200,1,10,19,10,0.1208955223880597,71.43127857776639,58.342937901017535,27.758546522822694,34.596917480112715,77.39076552618961,31.405187890059945,24.54219790837823,21.893984270227126,77,4,589,670,81,77,4,589,514,75,670.7901290468644,30.0,13,13,5,50.0,1.5226787145920173,fallback: No module named 'cvxpy',heuristic,680,670,predicted_history_signal_no_proposed_feedback,False,cp_sat,False,,OPTIMAL
42,0.34446383736983005,cp_sat,CP-SAT,200,200,200,2,20,29,10,0.30518518518518517,58.965710138733996,58.342937901017535,29.65942499704758,31.806476452512676,71.49463525606348,30.17195544839558,26.979806059279625,26.590687099220165,131,75,469,675,206,131,75,469,184,285,970.7901290468644,30.0,22,13,2,50.0,1.0209140087096644,fallback: No module named 'cvxpy',heuristic,680,675,predicted_history_signal_no_proposed_feedback,False,cp_sat,False,,OPTIMAL
42,0.34446383736983005,cp_sat,CP-SAT,200,200,200,3,30,39,10,0.4847605224963715,48.06084186831669,58.342937901017535,30.689385101698477,27.304604850300713,65.25327004416144,28.765461607134824,32.04448072753909,36.738344058253425,245,89,355,689,334,245,89,355,0,355,266.7901290468644,26.0,41,33,0,250.0,0.8703257734155467,fallback: No module named 'cvxpy',heuristic,680,689,predicted_history_signal_no_proposed_feedback,False,cp_sat,False,,OPTIMAL
42,0.34446383736983005,cp_sat,CP-SAT,200,200,200,4,40,49,10,0.46142433234421365,49.21448316129621,58.342937901017535,31.868220102029372,32.11940770049472,64.01983196558352,27.204833203401183,26.94238746991846,38.33149760825429,230,81,363,674,311,230,81,363,74,289,394.7901290468644,0.0,38,40,3,300.0,0.6078787145920175,fallback: No module named 'cvxpy',heuristic,680,674,predicted_history_signal_no_proposed_feedback,False,cp_sat,False,,OPTIMAL
42,0.34446383736983005,cp_sat,CP-SAT,200,200,200,5,50,59,10,0.4472511144130758,53.082876831136254,58.342937901017535,32.82881583075346,33.71666787556204,69.29940106202068,26.29608244720833,25.512084233779436,30.31252411129805,229,72,372,673,301,229,72,372,83,289,400.0,0.0,37,42,6,400.0,0.6317728322390763,fallback: No module named 'cvxpy',heuristic,680,673,predicted_history_signal_no_proposed_feedback,False,cp_sat,False,,OPTIMAL
42,0.34446383736983005,cp_sat,CP-SAT,200,200,200,6,60,69,10,0.2565597667638484,63.62895658998979,58.342937901017535,29.841877317926922,33.86660600427714,74.72850603146469,29.437300392577093,25.40748671887377,24.980398411226336,105,71,510,686,176,105,71,510,326,184,560.8602150537635,29.247311827956995,18,29,7,900.0,1.3676470588235294,fallback: No module named 'cvxpy',heuristic,680,686,predicted_history_signal_no_proposed_feedback,False,cp_sat,False,,OPTIMAL
42,0.34446383736983005,cp_sat,CP-SAT,200,200,200,7,70,79,10,0.3877551020408163,59.21846048979681,58.342937901017535,30.46979181082376,31.56672795883623,77.3711038457458,28.816386166918324,27.232812420176124,22.658501494397274,245,21,420,686,266,245,21,420,120,300,856.8602150537635,26.0,38,16,0,850.0,0.9082346616065781,fallback: No module named 'cvxpy',heuristic,680,686,predicted_history_signal_no_proposed_feedback,False,cp_sat,False,,OPTIMAL
42,0.34446383736983005,cp_sat,CP-SAT,200,200,200,8,80,89,10,0.4064327485380117,55.63685411826921,58.342937901017535,27.44345897094965,30.860086178026695,74.36103287114243,32.03600521185992,28.7530320970487,25.273142318639263,209,69,406,684,278,209,69,406,33,373,72.86021505376357,6.0,36,12,1,0.0,0.743434661606578,fallback: No module named 'cvxpy',heuristic,680,684,predicted_history_signal_no_proposed_feedback,False,cp_sat,False,,OPTIMAL
42,0.34446383736983005,cp_sat,CP-SAT,200,200,200,9,90,99,10,0.4270986745213549,53.58568001015146,58.342937901017535,31.737175812305665,30.290292819458962,70.09693758584832,27.349806680905544,29.195107095441667,28.360610064832557,230,60,389,679,290,230,60,389,24,365,114.86021505376357,0.0,39,21,0,100.0,0.5529287792536368,fallback: No module named 'cvxpy',heuristic,680,679,predicted_history_signal_no_proposed_feedback,False,cp_sat,False,,OPTIMAL
42,0.38673892508674784,cp_sat,CP-SAT,250,250,250,0,0,9,10,0.16789396170839468,70.14207743024876,56.631926425651216,34.07088106729262,31.00409022816757,77.79468796702157,24.953554775747723,27.736430812489576,22.587344438230563,45,69,565,679,114,45,69,565,451,114,374.3001261034048,30.0,7,17,5,600.0,1.1661764705882354,fallback: No module named 'cvxpy',heuristic,680,679,predicted_history_signal_no_proposed_feedback,False,cp_sat,False,,OPTIMAL
42,0.38673892508674784,cp_sat,CP-SAT,250,250,250,1,10,19,10,0.1328358208955224,70.89731432200627,56.631926425651216,27.639583979286204,34.596917480112715,77.48778936503486,31.59120494504176,24.54219790837823,21.831441472618014,86,3,581,670,89,86,3,581,514,67,674.3001261034049,30.0,13,13,5,50.0,1.4769392478302796,fallback: No module named 'cvxpy',heuristic,680,670,predicted_history_signal_no_proposed_feedback,False,cp_sat,False,,OPTIMAL
42,0.38673892508674784,cp_sat,CP-SAT,250,250,250,2,20,29,10,0.35555555555555557,57.16469325993816,56.631926425651216,29.71934468903697,31.9648381970858,71.79074913628622,30.06300436657034,26.840335328180387,26.270189169002325,140,100,435,675,240,140,100,435,184,251,970.4458991370104,26.14577303360555,22,13,7,950.0,1.0378216007714558,fallback: No module named 'cvxpy',heuristic,680,675,predicted_history_signal_no_proposed_feedback,False,cp_sat,False,,OPTIMAL
42,0.38673892508674784,cp_sat,CP-SAT,250,250,250,3,30,39,10,0.548621190130624,45.93267653422312,56.631926425651216,30.861465231485425,27.018821727846447,65.39982675375133,28.613135284206034,32.4309031828797,36.28387010017781,285,93,311,689,378,285,93,311,0,311,269.95498754322966,30.0,42,33,7,400.0,1.189302684063063,fallback: No module named 'cvxpy',heuristic,680,689,predicted_history_signal_no_proposed_feedback,False,cp_sat,False,,OPTIMAL
42,0.38673892508674784,cp_sat,CP-SAT,250,250,250,4,40,49,10,0.47774480712166173,48.636767241517354,56.631926425651216,31.805235211748553,33.382315997001726,63.7112089944927,27.266507088482662,25.760964742406475,38.897270305324604,250,72,352,674,322,250,72,352,74,278,397.95498754322966,0.0,38,40,4,300.0,0.5625879279585073,fallback: No module named 'cvxpy',heuristic,680,674,predicted_history_signal_no_proposed_feedback,False,cp_sat,False,,OPTIMAL
42,0.38673892508674784,cp_sat,CP-SAT,250,250,250,5,50,59,10,0.4962852897473997,51.41253035970422,56.631926425651216,32.821567510567654,34.23465013781655,69.39581939047619,26.30668257620109,24.979707244901714,30.26512211587861,254,80,339,673,334,254,80,339,83,256,400.0,0.0,37,42,6,400.0,0.6055996926643897,fallback: No module named 'cvxpy',heuristic,680,673,predicted_history_signal_no_proposed_feedback,False,cp_sat,False,,OPTIMAL
42,0.38673892508674784,cp_sat,CP-SAT,250,250,250,6,60,69,10,0.2725947521865889,62.99899439719249,56.631926425651216,29.898414604336494,34.63205494491262,74.85321740623189,29.141010850541573,24.55888270144377,24.841905025856715,129,58,499,686,187,129,58,499,326,173,590.0,22.0,20,29,5,550.0,0.7508823529411764,fallback: No module named 'cvxpy',heuristic,680,686,predicted_history_signal_no_proposed_feedback,False,cp_sat,False,,OPTIMAL
42,0.38673892508674784,cp_sat,CP-SAT,250,250,250,7,70,79,10,0.45481049562682213,55.80177265915751,56.631926425651216,29.96394125576312,31.45525898382087,77.2725901072052,29.2818037115203,27.301506082241954,22.679311010746737,291,21,374,686,312,291,21,374,105,269,886.0,30.0,40,16,3,900.0,0.903,fallback: No module named 'cvxpy',heuristic,680,686,predicted_history_signal_no_proposed_feedback,False,cp_sat,False,,OPTIMAL
42,0.38673892508674784,cp_sat,CP-SAT,250,250,250,8,80,89,10,0.489766081871345,52.33989027413589,56.631926425651216,28.576659043995136,30.76257778142136,74.73022238499433,30.947008025043765,28.916761021306474,25.164248762456587,268,67,349,684,335,268,67,349,0,349,186.0,30.0,40,12,7,800.0,1.797023529411765,fallback: No module named 'cvxpy',heuristic,680,684,predicted_history_signal_no_proposed_feedback,False,cp_sat,False,,OPTIMAL
42,0.38673892508674784,cp_sat,CP-SAT,250,250,250,9,90,99,10,0.47128129602356406,51.211872765611446,56.631926425651216,27.891712983968716,32.735285643698006,71.44547903602027,31.71620617364912,26.122384605600303,26.998827866578686,279,41,359,679,320,279,41,359,79,280,284.0,0.0,39,21,3,200.0,0.5093764705882352,fallback: No module named 'cvxpy',heuristic,680,679,predicted_history_signal_no_proposed_feedback,False,cp_sat,False,,OPTIMAL
42,0.43117132455609675,cp_sat,CP-SAT,300,300,300,0,0,9,10,0.18998527245949925,69.43436946247003,54.771356199322746,34.083787246649855,30.894571367934695,78.20696950569578,24.943507310514505,27.82636444424836,22.194603892383412,46,83,550,679,129,46,83,550,451,99,374.3001261034048,30.0,7,17,5,600.0,1.1661764705882354,fallback: No module named 'cvxpy',heuristic,680,679,predicted_history_signal_no_proposed_feedback,False,cp_sat,False,,OPTIMAL
42,0.43117132455609675,cp_sat,CP-SAT,300,300,300,1,10,19,10,0.14029850746268657,70.58495578604784,54.771356199322746,27.624899816048327,34.596917480112715,77.55948566137381,31.610208427839286,24.54219790837823,21.782137125529548,91,3,576,670,94,91,3,576,514,62,674.3001261034049,30.0,13,13,5,50.0,1.4769392478302796,fallback: No module named 'cvxpy',heuristic,680,670,predicted_history_signal_no_proposed_feedback,False,cp_sat,False,,OPTIMAL
42,0.43117132455609675,cp_sat,CP-SAT,300,300,300,2,20,29,10,0.4014814814814815,55.237985484773006,54.771356199322746,29.85995565090689,32.08182052291248,71.65090400998365,29.806354099338087,26.734807890562738,26.35774432732677,160,111,404,675,271,160,111,404,184,220,970.4458991370104,26.14577303360555,22,13,7,950.0,1.0378216007714558,fallback: No module named 'cvxpy',heuristic,680,675,predicted_history_signal_no_proposed_feedback,False,cp_sat,False,,OPTIMAL
42,0.43117132455609675,cp_sat,CP-SAT,300,300,300,3,30,39,10,0.5849056603773585,44.082234158430545,54.771356199322746,31.28973826043328,27.448119331298187,64.75417393441835,27.84728906243063,31.72081064125173,36.9330060847593,206,197,286,689,403,206,197,286,0,286,128.44589913701043,0.0,26,33,5,50.0,0.7004791546512982,fallback: No module named 'cvxpy',heuristic,680,689,predicted_history_signal_no_proposed_feedback,False,cp_sat,False,,OPTIMAL
42,0.43117132455609675,cp_sat,CP-SAT,300,300,300,4,40,49,10,0.5801186943620178,43.84871993469334,54.771356199322746,30.456341912977038,30.961900358802975,61.958956501510905,29.052932886026436,27.92843911193371,41.45276271374089,171,220,283,674,391,171,220,283,0,283,330.44589913701043,30.0,26,40,2,350.0,0.7953732722983571,fallback: No module named 'cvxpy',heuristic,680,674,predicted_history_signal_no_proposed_feedback,False,cp_sat,False,,OPTIMAL
42,0.43117132455609675,cp_sat,CP-SAT,300,300,300,5,50,59,10,0.5185735512630015,50.68828983689956,54.771356199322746,31.75275361512555,34.610590986554946,69.63834172728446,27.21471700746309,24.611671227867326,29.90078985384435,185,164,324,673,349,185,164,324,83,241,428.44589913701043,0.0,29,42,7,350.0,0.7401262134748274,fallback: No module named 'cvxpy',heuristic,680,673,predicted_history_signal_no_proposed_feedback,False,cp_sat,False,,OPTIMAL
42,0.43117132455609675,cp_sat,CP-SAT,300,300,300,6,60,69,10,0.31341107871720114,61.64186837304502,54.771356199322746,30.66529498051558,34.05053256824428,75.45848745573299,28.37166175179479,25.15791681726694,24.17918313879349,170,45,471,686,215,170,45,471,326,145,594.4679913672061,30.0,22,29,7,900.0,1.3233144487689452,fallback: No module named 'cvxpy',heuristic,680,686,predicted_history_signal_no_proposed_feedback,False,cp_sat,False,,OPTIMAL
42,0.43117132455609675,cp_sat,CP-SAT,300,300,300,7,70,79,10,0.4897959183673469,54.174509770200764,54.771356199322746,30.03226704076164,31.70152418037152,77.24136874985939,29.22088317960336,27.082030544780636,22.680262921733913,313,23,350,686,336,313,23,350,105,245,882.4679913672061,22.0,40,16,0,850.0,0.8086621994579263,fallback: No module named 'cvxpy',heuristic,680,686,predicted_history_signal_no_proposed_feedback,False,cp_sat,False,,OPTIMAL
42,0.43117132455609675,cp_sat,CP-SAT,300,300,300,8,80,89,10,0.5511695906432749,48.94255003381659,54.771356199322746,26.759103170100285,31.159684147774158,74.879705078288,33.85402651074664,28.31669887989263,25.079677086568765,286,91,307,684,377,286,91,307,0,307,94.4679913672062,6.0,38,12,2,0.0,0.6557327876932204,fallback: No module named 'cvxpy',heuristic,680,684,predicted_history_signal_no_proposed_feedback,False,cp_sat,False,,OPTIMAL
42,0.43117132455609675,cp_sat,CP-SAT,300,300,300,9,90,99,10,0.5419734904270986,49.30959156072837,54.771356199322746,32.055622485132666,30.016834132930633,70.23719963561899,27.05411914699156,29.474122691671138,27.96610319007471,290,78,311,679,368,290,78,311,24,287,101.5320086327938,0.0,39,21,0,100.0,0.4498386700461614,fallback: No module named 'cvxpy',heuristic,680,679,predicted_history_signal_no_proposed_feedback,False,cp_sat,False,,OPTIMAL
42,0.4690888635650706,cp_sat,CP-SAT,350,350,350,0,0,9,10,0.203240058910162,69.00574236938729,53.29175762538127,34.08058637801819,30.887414265898695,78.44577382391536,24.94607424658076,27.829107120630525,21.95728131638344,48,90,541,679,138,48,90,541,451,90,374.3001261034048,30.0,7,17,5,600.0,1.1661764705882354,fallback: No module named 'cvxpy',heuristic,680,679,predicted_history_signal_no_proposed_feedback,False,cp_sat,False,,OPTIMAL
42,0.4690888635650706,cp_sat,CP-SAT,350,350,350,1,10,19,10,0.14776119402985075,70.24948989356288,53.29175762538127,27.635401506709087,34.596917480112715,77.6257302338871,31.59784924752738,24.54219790837823,21.737692794531156,98,1,571,670,99,98,1,571,514,57,674.3001261034049,30.0,13,13,5,50.0,1.4769392478302796,fallback: No module named 'cvxpy',heuristic,680,670,predicted_history_signal_no_proposed_feedback,False,cp_sat,False,,OPTIMAL
42,0.4690888635650706,cp_sat,CP-SAT,350,350,350,2,20,29,10,0.4414814814814815,53.58924035843979,53.29175762538127,29.926443580154128,32.17118475296813,71.56710512460907,29.741417098378612,26.65327281682676,26.395517877937245,176,122,377,675,298,176,122,377,184,193,970.4458991370104,26.14577303360555,22,13,7,950.0,1.0378216007714558,fallback: No module named 'cvxpy',heuristic,680,675,predicted_history_signal_no_proposed_feedback,False,cp_sat,False,,OPTIMAL
42,0.4690888635650706,cp_sat,CP-SAT,350,350,350,3,30,39,10,0.6298984034833092,42.670090576468574,53.29175762538127,31.347548458666235,27.416963054347782,65.27005028807251,27.8065431584358,31.767393023461757,36.39375060370275,218,216,255,689,434,218,216,255,0,255,128.44589913701043,0.0,26,33,5,50.0,0.7004791546512982,fallback: No module named 'cvxpy',heuristic,680,689,predicted_history_signal_no_proposed_feedback,False,cp_sat,False,,OPTIMAL
42,0.4690888635650706,cp_sat,CP-SAT,350,350,350,4,40,49,10,0.629080118694362,42.335803123985286,53.29175762538127,30.557785302288778,30.939457291318153,61.95102299193884,28.911879406616077,27.95329693592855,41.512871503680756,188,236,250,674,424,188,236,250,0,250,330.44589913701043,30.0,26,40,2,350.0,0.7953732722983571,fallback: No module named 'cvxpy',heuristic,680,674,predicted_history_signal_no_proposed_feedback,False,cp_sat,False,,OPTIMAL
42,0.4690888635650706,cp_sat,CP-SAT,350,350,350,5,50,59,10,0.5601783060921248,49.295930362078344,53.29175762538127,31.85030556754123,34.69308047561688,69.83483218176501,27.124298960842793,24.54099182622369,29.795707246415542,202,175,296,673,377,202,175,296,83,213,428.44589913701043,0.0,29,42,7,350.0,0.7401262134748274,fallback: No module named 'cvxpy',heuristic,680,673,predicted_history_signal_no_proposed_feedback,False,cp_sat,False,,OPTIMAL
42,0.4690888635650706,cp_sat,CP-SAT,350,350,350,6,60,69,10,0.3323615160349854,60.94236604465187,53.29175762538127,30.65772654493541,34.22815815373654,75.65995982615952,28.37008702800374,24.970515800501293,23.94810828197808,182,46,458,686,228,182,46,458,326,132,594.4679913672061,30.0,22,29,7,900.0,1.3233144487689452,fallback: No module named 'cvxpy',heuristic,680,686,predicted_history_signal_no_proposed_feedback,False,cp_sat,False,,OPTIMAL
42,0.4690888635650706,cp_sat,CP-SAT,350,350,350,7,70,79,10,0.5335276967930029,51.99401474008928,53.29175762538127,30.028962773362796,31.53461536238301,77.01302931153755,29.2154278545791,27.236955125943883,22.796909784222102,344,22,320,686,366,344,22,320,105,215,882.4679913672061,22.0,40,16,0,850.0,0.8086621994579263,fallback: No module named 'cvxpy',heuristic,680,686,predicted_history_signal_no_proposed_feedback,False,cp_sat,False,,OPTIMAL
42,0.4690888635650706,cp_sat,CP-SAT,350,350,350,8,80,89,10,0.6257309941520468,45.48776111114356,53.29175762538127,26.649822936138087,31.053968391790406,75.10723644019137,34.038291118220556,28.566497797740602,24.553846262391122,319,109,256,684,428,319,109,256,0,256,94.4679913672062,6.0,38,12,2,0.0,0.6557327876932204,fallback: No module named 'cvxpy',heuristic,680,684,predicted_history_signal_no_proposed_feedback,False,cp_sat,False,,OPTIMAL
42,0.4690888635650706,cp_sat,CP-SAT,350,350,350,9,90,99,10,0.5876288659793815,47.60607932287418,53.29175762538127,32.05782531276769,30.20827661214488,70.33702249068372,27.038564679749786,29.22234873906332,27.860385464580258,312,87,280,679,399,312,87,280,24,256,101.5320086327938,0.0,39,21,0,100.0,0.4498386700461614,fallback: No module named 'cvxpy',heuristic,680,679,predicted_history_signal_no_proposed_feedback,False,cp_sat,False,,OPTIMAL
42,0.5090683418975794,cp_sat,CP-SAT,400,400,400,0,0,9,10,0.22238586156111928,68.3833273098622,51.72485595846135,34.09483178915575,30.86227153308027,78.795422554139,24.934927994063337,27.848361455534167,21.605629070816814,52,99,528,679,151,52,99,528,451,77,374.3001261034048,30.0,7,17,5,600.0,1.1661764705882354,fallback: No module named 'cvxpy',heuristic,680,679,predicted_history_signal_no_proposed_feedback,False,cp_sat,False,,OPTIMAL
42,0.5090683418975794,cp_sat,CP-SAT,400,400,400,1,10,19,10,0.16417910447761194,69.56522848739743,51.72485595846135,27.6034766834981,34.596917480112715,77.79522716174084,31.619036996685704,24.54219790837823,21.62128282457179,109,1,560,670,110,109,1,560,514,46,674.3001261034049,30.0,13,13,5,50.0,1.4769392478302796,fallback: No module named 'cvxpy',heuristic,680,670,predicted_history_signal_no_proposed_feedback,False,cp_sat,False,,OPTIMAL
42,0.5090683418975794,cp_sat,CP-SAT,400,400,400,2,20,29,10,0.482962962962963,51.964663872881665,51.72485595846135,29.937502603573467,32.12468232755067,71.68160069697791,29.66765816754478,26.695510953780175,26.197331349505756,189,137,349,675,326,189,137,349,184,165,970.4458991370104,26.14577303360555,22,13,7,950.0,1.0378216007714558,fallback: No module named 'cvxpy',heuristic,680,675,predicted_history_signal_no_proposed_feedback,False,cp_sat,False,,OPTIMAL
42,0.5090683418975794,cp_sat,CP-SAT,400,400,400,3,30,39,10,0.6850507982583455,40.566943791328384,51.72485595846135,31.35068973926407,27.312752492128087,64.93041546833255,27.775589928585077,31.888805618903493,36.535762507230594,240,232,217,689,472,240,232,217,0,217,128.44589913701043,0.0,26,33,5,50.0,0.7004791546512982,fallback: No module named 'cvxpy',heuristic,680,689,predicted_history_signal_no_proposed_feedback,False,cp_sat,False,,OPTIMAL
42,0.5090683418975794,cp_sat,CP-SAT,400,400,400,4,40,49,10,0.6810089020771514,40.54614108788682,51.72485595846135,30.569470769428676,31.003293664990238,61.32862022699623,28.88414814311975,27.89582727794903,42.783309272791236,203,256,215,674,459,203,256,215,0,215,330.44589913701043,30.0,26,40,2,350.0,0.7953732722983571,fallback: No module named 'cvxpy',heuristic,680,674,predicted_history_signal_no_proposed_feedback,False,cp_sat,False,,OPTIMAL
42,0.5090683418975794,cp_sat,CP-SAT,400,400,400,5,50,59,10,0.5943536404160475,48.17620023810235,51.72485595846135,31.896552242727736,34.823913566536206,70.09903598852111,27.07789759118755,24.412043281801168,29.62824201682536,220,180,273,673,400,220,180,273,83,190,428.44589913701043,0.0,29,42,7,350.0,0.7401262134748274,fallback: No module named 'cvxpy',heuristic,680,673,predicted_history_signal_no_proposed_feedback,False,cp_sat,False,,OPTIMAL
42,0.5090683418975794,cp_sat,CP-SAT,400,400,400,6,60,69,10,0.35714285714285715,60.16750265233711,51.72485595846135,30.855092189720775,34.71976763382507,76.04905705803374,28.160754777954665,24.455188513690615,23.480379689889556,199,46,441,686,245,199,46,441,326,115,594.4679913672061,30.0,22,29,7,900.0,1.3233144487689452,fallback: No module named 'cvxpy',heuristic,680,686,predicted_history_signal_no_proposed_feedback,False,cp_sat,False,,OPTIMAL
42,0.5090683418975794,cp_sat,CP-SAT,400,400,400,7,70,79,10,0.5743440233236151,50.02411988558049,51.72485595846135,30.095859271798915,31.706897721281507,76.79224261140692,29.118783388580162,27.055957239933885,22.86822796101631,372,22,292,686,394,372,22,292,105,187,882.4679913672061,22.0,40,16,0,850.0,0.8086621994579263,fallback: No module named 'cvxpy',heuristic,680,686,predicted_history_signal_no_proposed_feedback,False,cp_sat,False,,OPTIMAL
42,0.5090683418975794,cp_sat,CP-SAT,400,400,400,8,80,89,10,0.6871345029239766,42.575066095584894,51.72485595846135,26.425756400160168,31.00512844834938,75.43250612815748,34.387168178520845,28.627701777212653,24.079952177859397,348,122,214,684,470,348,122,214,0,214,94.4679913672062,6.0,38,12,2,0.0,0.6557327876932204,fallback: No module named 'cvxpy',heuristic,680,684,predicted_history_signal_no_proposed_feedback,False,cp_sat,False,,OPTIMAL
42,0.5090683418975794,cp_sat,CP-SAT,400,400,400,9,90,99,10,0.6421207658321061,45.56577525405246,51.72485595846135,32.103566973085194,29.99863150126358,70.54310727184992,26.968598100811683,29.361639443406876,27.57794733177415,341,95,243,679,436,341,95,243,24,219,101.5320086327938,0.0,39,21,0,100.0,0.4498386700461614,fallback: No module named 'cvxpy',heuristic,680,679,predicted_history_signal_no_proposed_feedback,False,cp_sat,False,,OPTIMAL
2026,0.15962084549539385,cp_sat,CP-SAT,50,50,50,0,0,9,10,0.21145374449339208,59.0432123859213,64.51626940756441,27.182332070944238,31.299097323759216,66.5903022974497,33.37927937102047,27.98604593000528,33.751759590209105,14,130,537,681,144,14,130,537,17,520,353.5021097046414,19.873417721518983,21,49,3,300.0,1.185,fallback: No module named 'cvxpy',heuristic,680,681,predicted_history_signal_no_proposed_feedback,False,cp_sat,False,,OPTIMAL
2026,0.15962084549539385,cp_sat,CP-SAT,50,50,50,1,10,19,10,0.15766423357664233,66.80137021235853,64.51626940756441,27.803458851961363,31.010802503947925,73.68390687271192,32.21369382904092,28.768784671300853,28.80587395425527,33,75,577,685,108,33,75,577,275,302,589.4664918161812,11.757311111875808,30,35,1,500.0,1.0963296103251425,fallback: No module named 'cvxpy',heuristic,680,685,predicted_history_signal_no_proposed_feedback,False,cp_sat,False,,OPTIMAL
2026,0.15962084549539385,cp_sat,CP-SAT,50,50,50,2,20,29,10,0.12979351032448377,68.98400013530123,64.51626940756441,28.686738799886232,34.06056934335557,74.72119349328842,31.206276993992443,25.01872120561164,23.650406139073663,58,30,590,678,88,58,30,590,287,303,847.2731486922821,30.0,35,17,0,850.0,1.2239876782860233,fallback: No module named 'cvxpy',heuristic,680,678,predicted_history_signal_no_proposed_feedback,False,cp_sat,False,,OPTIMAL
2026,0.15962084549539385,cp_sat,CP-SAT,50,50,50,3,30,39,10,0.1251840942562592,67.35626767085463,64.51626940756441,31.444977301160137,32.230248761622676,72.45410650275647,27.63531859614864,26.66310492252273,26.515851715162313,54,31,594,679,85,54,31,594,0,594,137.87667127002373,23.735681718494376,40,17,3,100.0,1.277074318464739,fallback: No module named 'cvxpy',heuristic,680,679,predicted_history_signal_no_proposed_feedback,False,cp_sat,False,,OPTIMAL
2026,0.15962084549539385,cp_sat,CP-SAT,50,50,50,4,40,49,10,0.15,62.44817848339749,64.51626940756441,29.865100012147938,28.513060507847673,68.29170025543809,29.851249384692803,30.71794597760671,33.50929757229316,62,40,578,680,102,62,40,578,68,510,196.5550798624957,0.0,37,18,6,150.0,0.978995621466616,fallback: No module named 'cvxpy',heuristic,680,680,predicted_history_signal_no_proposed_feedback,False,cp_sat,False,,OPTIMAL
2026,0.15962084549539385,cp_sat,CP-SAT,50,50,50,5,50,59,10,0.19476744186046513,59.71724597333637,64.51626940756441,31.671961800374977,30.472036391574385,66.67403678900581,27.63218184901752,28.766810929554055,32.853461768031295,54,80,554,688,134,54,80,554,0,554,200.0,0.0,36,34,3,200.0,0.9633019255905202,fallback: No module named 'cvxpy',heuristic,680,688,predicted_history_signal_no_proposed_feedback,False,cp_sat,False,,OPTIMAL
2026,0.15962084549539385,cp_sat,CP-SAT,50,50,50,6,60,69,10,0.1893491124260355,60.53669683487466,64.51626940756441,28.83151575345759,30.490177399184095,67.64263784855069,31.359408317683716,28.958018574173252,33.54699186403829,29,99,548,676,128,29,99,548,81,467,379.1228070175439,30.0,27,40,2,400.0,1.2070588235294117,fallback: No module named 'cvxpy',heuristic,680,676,predicted_history_signal_no_proposed_feedback,False,cp_sat,False,,OPTIMAL
2026,0.15962084549539385,cp_sat,CP-SAT,50,50,50,7,70,79,10,0.16715116279069767,65.79276454586258,64.51626940756441,28.265293635656022,31.887176048114934,72.87567118354002,31.524222899018625,27.20368934050691,27.42152392320124,44,71,573,688,115,44,71,573,253,320,679.1228070175439,30.0,35,36,2,750.0,1.4409638802889575,fallback: No module named 'cvxpy',heuristic,680,688,predicted_history_signal_no_proposed_feedback,False,cp_sat,False,,OPTIMAL
2026,0.15962084549539385,cp_sat,CP-SAT,50,50,50,8,80,89,10,0.12756598240469208,67.80718654991831,64.51626940756441,30.261211202401004,31.88926411349776,73.19859823132087,28.95248030540721,27.953887259296383,27.527130214035523,51,36,595,682,87,51,36,595,69,526,979.1228070175439,30.0,37,25,7,550.0,2.1056697626418988,fallback: No module named 'cvxpy',heuristic,680,682,predicted_history_signal_no_proposed_feedback,False,cp_sat,False,,OPTIMAL
2026,0.15962084549539385,cp_sat,CP-SAT,50,50,50,9,90,99,10,0.1432791728212703,66.7023320225741,64.51626940756441,30.08771002611154,32.63555532951829,72.69841964301905,29.25206082854875,26.25115234586463,26.184742278100895,68,29,580,677,97,68,29,580,0,580,77.12280701754389,0.0,36,18,0,0.0,0.9550815273477813,fallback: No module named 'cvxpy',heuristic,680,677,predicted_history_signal_no_proposed_feedback,False,cp_sat,False,,OPTIMAL
2026,0.24225095914482725,cp_sat,CP-SAT,100,100,100,0,0,9,10,0.33480176211453744,54.96681699150658,61.642787587046925,27.099640178597,31.60519202755683,67.1427191315438,33.31349043544053,27.611073249075815,32.9033649332751,42,186,453,681,228,42,186,453,17,436,371.0006838386141,30.0,21,49,6,450.0,1.2902941176470586,fallback: No module named 'cvxpy',heuristic,680,681,predicted_history_signal_no_proposed_feedback,False,cp_sat,False,,OPTIMAL
2026,0.24225095914482725,cp_sat,CP-SAT,100,100,100,1,10,19,10,0.24817518248175183,63.969075521998136,61.642787587046925,30.38878964775281,30.881458388580626,74.94286003595091,29.41755071026971,28.819771506976586,27.530743443945234,54,116,515,685,170,54,116,515,275,240,490.99521312970114,0.0,29,35,7,400.0,0.892110875715684,fallback: No module named 'cvxpy',heuristic,680,685,predicted_history_signal_no_proposed_feedback,False,cp_sat,False,,OPTIMAL
2026,0.24225095914482725,cp_sat,CP-SAT,100,100,100,2,20,29,10,0.14454277286135694,68.53327370136718,61.642787587046925,28.58416435778347,34.14994809133253,75.00500643826078,31.16466083180456,24.917967322325694,23.43232457164721,69,29,580,678,98,69,29,580,413,167,680.0396914884142,22.076441731302957,20,17,3,650.0,1.0096473994019768,fallback: No module named 'cvxpy',heuristic,680,678,predicted_history_signal_no_proposed_feedback,False,cp_sat,False,,OPTIMAL
2026,0.24225095914482725,cp_sat,CP-SAT,100,100,100,3,30,39,10,0.17083946980854198,65.14778873688323,61.642787587046925,28.416604491990405,32.63797295589702,72.30345855374416,31.59233992195174,26.258830832603362,26.618158097020178,61,55,563,679,116,61,55,563,105,458,972.3734778719777,30.0,32,17,7,150.0,1.4668307540062377,fallback: No module named 'cvxpy',heuristic,680,679,predicted_history_signal_no_proposed_feedback,False,cp_sat,False,,OPTIMAL
2026,0.24225095914482725,cp_sat,CP-SAT,100,100,100,4,40,49,10,0.225,59.50482119275974,61.642787587046925,30.496957665800785,28.50624725715265,68.10777606797762,28.731678957671022,30.61135398089327,33.91242051727042,105,48,527,680,153,105,48,527,19,508,272.3734778719777,30.0,39,18,2,300.0,1.2465027140605467,fallback: No module named 'cvxpy',heuristic,680,680,predicted_history_signal_no_proposed_feedback,False,cp_sat,False,,OPTIMAL
2026,0.24225095914482725,cp_sat,CP-SAT,100,100,100,5,50,59,10,0.27761627906976744,57.063087823994664,61.642787587046925,28.836614062407996,30.70513748512584,67.47833187801982,30.964802198368243,28.394913802374198,31.988153176942888,76,115,497,688,191,76,115,497,104,393,381.7591327681339,0.0,34,34,5,300.0,0.8917968317076054,fallback: No module named 'cvxpy',heuristic,680,688,predicted_history_signal_no_proposed_feedback,False,cp_sat,False,,OPTIMAL
2026,0.24225095914482725,cp_sat,CP-SAT,100,100,100,6,60,69,10,0.32840236686390534,56.19171403345006,61.642787587046925,31.318240558518454,30.299496970618076,68.70456670117534,27.83412272466524,29.417276939126822,32.01863002802213,66,156,454,676,222,66,156,454,94,360,402.2408672318661,0.0,36,40,2,400.0,0.8457719509308377,fallback: No module named 'cvxpy',heuristic,680,676,predicted_history_signal_no_proposed_feedback,False,cp_sat,False,,OPTIMAL
2026,0.24225095914482725,cp_sat,CP-SAT,100,100,100,7,70,79,10,0.2369186046511628,63.98415782477742,61.642787587046925,30.467563191125787,32.32792637694046,74.02173335613072,28.55876267170705,26.729695168765634,26.281482857158814,59,104,525,688,163,59,104,525,274,251,587.5298001343448,22.376885367801705,28,36,5,550.0,1.0494398137750447,fallback: No module named 'cvxpy',heuristic,680,688,predicted_history_signal_no_proposed_feedback,False,cp_sat,False,,OPTIMAL
2026,0.24225095914482725,cp_sat,CP-SAT,100,100,100,8,80,89,10,0.2287390029325513,63.7224161501121,61.642787587046925,29.133582581643438,31.120915468301742,73.72756203086307,31.12542951971794,28.67808946131956,26.85028123921128,89,67,526,682,156,89,67,526,224,302,881.5308297554244,30.0,36,25,4,950.0,1.2976818480606458,fallback: No module named 'cvxpy',heuristic,680,682,predicted_history_signal_no_proposed_feedback,False,cp_sat,False,,OPTIMAL
2026,0.24225095914482725,cp_sat,CP-SAT,100,100,100,9,90,99,10,0.2274741506646972,63.358578248245045,61.642787587046925,30.613136694141446,32.805723919010106,72.75329211643759,29.05487210134039,26.11931648151485,26.096042031577625,95,59,523,677,154,95,59,523,0,523,181.5308297554243,30.0,36,18,6,700.0,1.9390099213179484,fallback: No module named 'cvxpy',heuristic,680,677,predicted_history_signal_no_proposed_feedback,False,cp_sat,False,,OPTIMAL
2026,0.339185302204123,cp_sat,CP-SAT,150,150,150,0,0,9,10,0.4155653450807636,52.303853177562274,57.82721787233793,28.11410359915958,32.32555766821241,67.45128292955151,32.42816905321629,26.84876039158919,32.4093663019454,89,194,398,681,283,89,194,398,17,381,374.62321792260695,30.0,23,49,0,500.0,1.1552941176470588,fallback: No module named 'cvxpy',heuristic,680,681,predicted_history_signal_no_proposed_feedback,False,cp_sat,False,,OPTIMAL
2026,0.339185302204123,cp_sat,CP-SAT,150,150,150,1,10,19,10,0.310948905109489,61.20278666200867,57.82721787233793,29.471582503832874,31.362924433245656,75.38191699709765,29.88131984833507,28.075437888941963,27.30289315986226,178,35,472,685,213,178,35,472,274,198,674.623217922607,30.0,36,35,5,800.0,1.3191662872888463,fallback: No module named 'cvxpy',heuristic,680,685,predicted_history_signal_no_proposed_feedback,False,cp_sat,False,,OPTIMAL
2026,0.339185302204123,cp_sat,CP-SAT,150,150,150,2,20,29,10,0.3613569321533923,58.93803003506573,57.82721787233793,31.358603701666272,34.32722026986114,74.30991568948662,27.72361087241396,24.78603073468354,23.88106391417658,211,34,433,678,245,211,34,433,143,290,974.623217922607,30.0,42,17,5,600.0,1.9603427578770816,fallback: No module named 'cvxpy',heuristic,680,678,predicted_history_signal_no_proposed_feedback,False,cp_sat,False,,OPTIMAL
2026,0.339185302204123,cp_sat,CP-SAT,150,150,150,3,30,39,10,0.2768777614138439,61.55442937038728,57.82721787233793,30.26873356025686,32.36940321103234,73.16553572952746,29.104330209732424,26.50856282382963,25.866193255045108,102,86,491,679,188,102,86,491,49,442,72.62321792260695,0.0,36,17,0,0.0,0.6638721696417873,fallback: No module named 'cvxpy',heuristic,680,679,predicted_history_signal_no_proposed_feedback,False,cp_sat,False,,OPTIMAL
2026,0.339185302204123,cp_sat,CP-SAT,150,150,150,4,40,49,10,0.31029411764705883,55.96688464445228,57.82721787233793,30.655533109245383,28.099754751227575,67.6976079077439,28.4358993389988,31.02063047761799,34.522904789013715,148,63,469,680,211,148,63,469,19,450,181.58161765376923,19.810618132938597,37,18,3,50.0,2.0191192284653168,fallback: No module named 'cvxpy',heuristic,680,680,predicted_history_signal_no_proposed_feedback,False,cp_sat,False,,OPTIMAL
2026,0.339185302204123,cp_sat,CP-SAT,150,150,150,5,50,59,10,0.35901162790697677,54.510780402308704,57.82721787233793,30.709818575791765,30.70293398051018,67.8437102623426,28.24727043091656,28.498865292459943,31.391828173264212,104,143,441,688,247,104,143,441,60,381,316.06656271727803,0.0,33,34,6,250.0,0.8727674264618646,fallback: No module named 'cvxpy',heuristic,680,688,predicted_history_signal_no_proposed_feedback,False,cp_sat,False,,OPTIMAL
2026,0.339185302204123,cp_sat,CP-SAT,150,150,150,6,60,69,10,0.3831360946745562,54.516336923047156,57.82721787233793,30.77241892980959,29.942981551197615,69.57405153050998,28.346282960170534,29.861742098717233,30.763429949920887,103,156,417,676,259,103,156,417,94,323,425.77638358417516,19.947240157617653,33,40,7,250.0,2.0052899390557744,fallback: No module named 'cvxpy',heuristic,680,676,predicted_history_signal_no_proposed_feedback,False,cp_sat,False,,OPTIMAL
2026,0.339185302204123,cp_sat,CP-SAT,150,150,150,7,70,79,10,0.32122093023255816,60.31187547853372,57.82721787233793,29.673810808461976,31.8813661463048,74.56974907565551,29.84688543344762,27.111117168933205,25.85577081360926,170,51,467,688,221,170,51,467,238,229,715.9142230539203,30.0,37,36,2,750.0,1.1714907013405722,fallback: No module named 'cvxpy',heuristic,680,688,predicted_history_signal_no_proposed_feedback,False,cp_sat,False,,OPTIMAL
2026,0.339185302204123,cp_sat,CP-SAT,150,150,150,8,80,89,10,0.32404692082111436,59.436800691834776,57.82721787233793,29.823156303197138,30.77903243964691,73.438455904552,30.067006352372147,29.05819195288066,27.04737074414449,127,94,461,682,221,127,94,461,66,395,15.914223053920296,30.0,38,25,7,550.0,1.8887232747357858,fallback: No module named 'cvxpy',heuristic,680,682,predicted_history_signal_no_proposed_feedback,False,cp_sat,False,,OPTIMAL
2026,0.339185302204123,cp_sat,CP-SAT,150,150,150,9,90,99,10,0.3293943870014771,59.515475867635004,57.82721787233793,30.950995090813475,33.064587246638624,73.17360767548784,28.078055674958303,25.896910705407493,25.748646780430438,143,80,454,677,223,143,80,454,25,429,143.9142230539203,0.0,34,18,4,50.0,0.8193115100299035,fallback: No module named 'cvxpy',heuristic,680,677,predicted_history_signal_no_proposed_feedback,False,cp_sat,False,,OPTIMAL
2026,0.39281640594000694,cp_sat,CP-SAT,200,200,200,0,0,9,10,0.4654919236417034,50.490038829783074,55.666763127941024,27.890295177009676,32.82773776341217,67.62157600474322,32.802391577369775,26.33886149940638,32.218623374367674,129,188,364,681,317,129,188,364,17,347,374.98842294828916,30.0,23,49,6,450.0,1.143235294117647,fallback: No module named 'cvxpy',heuristic,680,681,predicted_history_signal_no_proposed_feedback,False,cp_sat,False,,OPTIMAL
2026,0.39281640594000694,cp_sat,CP-SAT,200,200,200,1,10,19,10,0.3343065693430657,60.37395742148394,55.666763127941024,29.536262828253243,30.31082335384548,75.81966489787781,29.7757228591826,29.20825424128113,26.909816014469154,205,24,456,685,229,205,24,456,274,182,674.9884229482891,30.0,36,35,5,800.0,1.2451621089907534,fallback: No module named 'cvxpy',heuristic,680,685,predicted_history_signal_no_proposed_feedback,False,cp_sat,False,,OPTIMAL
2026,0.39281640594000694,cp_sat,CP-SAT,200,200,200,2,20,29,10,0.4056047197640118,56.79945406564313,55.666763127941024,31.34222804749202,33.75586385490014,74.0332593545294,27.741130536894147,25.28246267474241,24.031391389039616,252,23,403,678,275,252,23,403,143,260,974.9884229482891,30.0,42,17,5,600.0,1.8878091678142832,fallback: No module named 'cvxpy',heuristic,680,678,predicted_history_signal_no_proposed_feedback,False,cp_sat,False,,OPTIMAL
2026,0.39281640594000694,cp_sat,CP-SAT,200,200,200,3,30,39,10,0.4374079528718704,54.07246913177658,55.666763127941024,29.990675185891774,32.13547573860469,72.30727319942518,29.410054885308764,26.743113842033747,26.56257288149494,210,87,382,679,297,210,87,382,49,333,72.9884229482891,0.0,36,17,0,0.0,0.5898679913436947,fallback: No module named 'cvxpy',heuristic,680,679,predicted_history_signal_no_proposed_feedback,False,cp_sat,False,,OPTIMAL
2026,0.39281640594000694,cp_sat,CP-SAT,200,200,200,4,40,49,10,0.4102941176470588,51.767792525734095,55.666763127941024,30.620779962118647,27.516160258099934,67.00751982030263,28.472443028865893,31.713831691153214,35.55302513034257,211,68,401,680,279,211,68,401,19,382,185.8363193309401,20.51779934230019,37,18,3,50.0,1.9495268148731064,fallback: No module named 'cvxpy',heuristic,680,680,predicted_history_signal_no_proposed_feedback,False,cp_sat,False,,OPTIMAL
2026,0.39281640594000694,cp_sat,CP-SAT,200,200,200,5,50,59,10,0.4694767441860465,50.158541461775606,55.666763127941024,30.28160074788288,32.1812742625482,67.12372236267291,29.567872653324905,26.85224643007247,32.40792406138964,203,120,365,688,323,203,120,365,13,352,228.425316042441,0.0,35,34,4,200.0,0.7140010201638956,fallback: No module named 'cvxpy',heuristic,680,688,predicted_history_signal_no_proposed_feedback,False,cp_sat,False,,OPTIMAL
2026,0.39281640594000694,cp_sat,CP-SAT,200,200,200,6,60,69,10,0.4275147928994083,53.38173249562537,55.666763127941024,31.530586131759314,33.01788821220154,69.20758942808192,27.921670518257155,26.19469567633554,31.354815699069196,161,128,387,676,289,161,128,387,81,306,257.149367915118,0.0,28,40,7,250.0,0.7589294420860032,fallback: No module named 'cvxpy',heuristic,680,676,predicted_history_signal_no_proposed_feedback,False,cp_sat,False,,OPTIMAL
2026,0.39281640594000694,cp_sat,CP-SAT,200,200,200,7,70,79,10,0.3081395348837209,61.63133566146103,55.666763127941024,29.141735384834067,34.072843485468866,74.99303039229505,30.20666506973743,25.020346292341706,25.2552006916238,105,107,476,688,212,105,107,476,274,202,449.1383761682398,30.0,19,36,5,550.0,1.0909999393574055,fallback: No module named 'cvxpy',heuristic,680,688,predicted_history_signal_no_proposed_feedback,False,cp_sat,False,,OPTIMAL
2026,0.39281640594000694,cp_sat,CP-SAT,200,200,200,8,80,89,10,0.29178885630498536,61.94099287489566,55.666763127941024,30.8813869245979,32.14981462288305,74.69053715137625,28.15205035165331,27.456916713231706,25.568812016130998,181,18,483,682,199,181,18,483,326,157,749.1383761682398,30.0,30,25,7,0.0,1.4587671698048177,fallback: No module named 'cvxpy',heuristic,680,682,predicted_history_signal_no_proposed_feedback,False,cp_sat,False,,OPTIMAL
2026,0.39281640594000694,cp_sat,CP-SAT,200,200,200,9,90,99,10,0.37813884785819796,55.98946468833308,55.666763127941024,28.751327300667285,32.47353250945296,71.79196711894323,30.69088955443206,26.385059097720195,26.741896180929345,170,86,421,677,256,170,86,421,103,318,49.1383761682398,30.0,34,18,6,700.0,1.9890612874518763,fallback: No module named 'cvxpy',heuristic,680,677,predicted_history_signal_no_proposed_feedback,False,cp_sat,False,,OPTIMAL
2026,0.45008552834218996,cp_sat,CP-SAT,250,250,250,0,0,9,10,0.540381791483113,47.65584133829032,53.6475051318382,27.811768844955427,33.27116369013342,67.56822883954385,33.10493860105975,25.970319805528597,32.32023529754621,172,196,313,681,368,172,196,313,17,296,378.80396732788796,30.0,24,49,0,500.0,1.0082352941176471,fallback: No module named 'cvxpy',heuristic,680,681,predicted_history_signal_no_proposed_feedback,False,cp_sat,False,,OPTIMAL
2026,0.45008552834218996,cp_sat,CP-SAT,250,250,250,1,10,19,10,0.37372262773722625,59.31194457191819,53.6475051318382,29.771061676652288,32.123703452939864,76.7207099568519,29.127388233431855,27.28955795842894,25.88730858170582,216,40,429,685,256,216,40,429,275,154,618.8039673278879,10.0,32,35,5,550.0,0.9093195483560985,fallback: No module named 'cvxpy',heuristic,680,685,predicted_history_signal_no_proposed_feedback,False,cp_sat,False,,OPTIMAL
2026,0.45008552834218996,cp_sat,CP-SAT,250,250,250,2,20,29,10,0.3672566371681416,57.722115496042726,53.6475051318382,29.16025964487195,34.503181394187116,74.16297789161163,30.813226105635714,24.63398281502918,23.87473836705611,238,11,429,678,249,238,11,429,260,169,878.8039673278879,30.0,37,17,1,900.0,0.9111430777678632,fallback: No module named 'cvxpy',heuristic,680,678,predicted_history_signal_no_proposed_feedback,False,cp_sat,False,,OPTIMAL
2026,0.45008552834218996,cp_sat,CP-SAT,250,250,250,3,30,39,10,0.5419734904270986,49.95397520119945,53.6475051318382,31.399052877362262,31.90981678341936,71.77332571878577,27.891439558099922,26.94551827435183,27.117418780920772,285,83,311,679,368,285,83,311,0,311,175.05088324250437,26.24691591461637,41,17,7,150.0,1.0657901365913927,fallback: No module named 'cvxpy',heuristic,680,679,predicted_history_signal_no_proposed_feedback,False,cp_sat,False,,OPTIMAL
2026,0.45008552834218996,cp_sat,CP-SAT,250,250,250,4,40,49,10,0.425,53.368931513939906,53.6475051318382,30.1092134506619,28.38799817510274,70.76339295374315,29.246774497276213,30.464582781258212,31.549587058481332,243,46,391,680,289,243,46,391,156,235,265.6947005449738,0.0,36,18,0,200.0,0.567727969431803,fallback: No module named 'cvxpy',heuristic,680,680,predicted_history_signal_no_proposed_feedback,False,cp_sat,False,,OPTIMAL
2026,0.45008552834218996,cp_sat,CP-SAT,250,250,250,5,50,59,10,0.5305232558139535,48.45563517528871,53.6475051318382,31.05551671897478,33.23205280462688,67.41076504389898,28.040400261411175,25.880578322869297,32.109582129007215,260,105,323,688,365,260,105,323,18,305,308.61059891005243,0.0,39,34,7,300.0,0.7651851245856516,fallback: No module named 'cvxpy',heuristic,680,688,predicted_history_signal_no_proposed_feedback,False,cp_sat,False,,OPTIMAL
2026,0.45008552834218996,cp_sat,CP-SAT,250,250,250,6,60,69,10,0.4896449704142012,51.2610868611026,53.6475051318382,30.598812064547204,33.92803798058239,69.96550063327581,28.7927763426473,25.315623995850622,30.53729586005469,215,116,345,676,331,215,116,345,94,251,372.61059891005243,0.0,33,40,6,350.0,0.7817473978875201,fallback: No module named 'cvxpy',heuristic,680,676,predicted_history_signal_no_proposed_feedback,False,cp_sat,False,,OPTIMAL
2026,0.45008552834218996,cp_sat,CP-SAT,250,250,250,7,70,79,10,0.3546511627906977,59.991326653674264,53.6475051318382,30.63622044329185,34.35556574295473,75.6040440112288,28.4567981685268,24.777668252479724,24.82720640474861,182,62,444,688,244,182,62,444,274,170,534.688624581139,29.46873194019755,27,36,7,850.0,1.3573709272992849,fallback: No module named 'cvxpy',heuristic,680,688,predicted_history_signal_no_proposed_feedback,False,cp_sat,False,,OPTIMAL
2026,0.45008552834218996,cp_sat,CP-SAT,250,250,250,8,80,89,10,0.3592375366568915,57.97345141220667,53.6475051318382,29.47720081501354,27.554882687223564,74.05078485214142,30.130439287308043,34.44366613261946,26.0777346152343,222,23,437,682,245,222,23,437,265,172,834.688624581139,30.0,34,25,7,0.0,1.3460812586327546,fallback: No module named 'cvxpy',heuristic,680,682,predicted_history_signal_no_proposed_feedback,False,cp_sat,False,,OPTIMAL
2026,0.45008552834218996,cp_sat,CP-SAT,250,250,250,9,90,99,10,0.518463810930576,50.70114441394157,53.6475051318382,30.666013674835764,32.76220163526864,71.5846989466404,28.24676535010585,26.14504105735835,27.01928124642398,244,107,326,677,351,244,107,326,0,326,110.68862458113904,18.0,35,18,2,50.0,0.9460812586327546,fallback: No module named 'cvxpy',heuristic,680,677,predicted_history_signal_no_proposed_feedback,False,cp_sat,False,,OPTIMAL
2026,0.5078751422702332,cp_sat,CP-SAT,300,300,300,0,0,9,10,0.5888399412628488,45.84727123639832,51.26239331662955,27.769118899201423,33.743879811650636,67.29937415577875,33.126336091843356,25.439805004103047,32.652593576340465,193,208,280,681,401,193,208,280,17,263,378.80396732788796,30.0,24,49,0,500.0,1.0082352941176471,fallback: No module named 'cvxpy',heuristic,680,681,predicted_history_signal_no_proposed_feedback,False,cp_sat,False,,OPTIMAL
2026,0.5078751422702332,cp_sat,CP-SAT,300,300,300,1,10,19,10,0.3897810218978102,58.82587320474705,51.26239331662955,29.745455847952694,32.62787402337998,77.15291717591622,29.146930460149495,26.58746409285398,25.32324940217372,231,36,418,685,267,231,36,418,275,143,618.8039673278879,10.0,32,35,5,550.0,0.9093195483560985,fallback: No module named 'cvxpy',heuristic,680,685,predicted_history_signal_no_proposed_feedback,False,cp_sat,False,,OPTIMAL
2026,0.5078751422702332,cp_sat,CP-SAT,300,300,300,2,20,29,10,0.39823008849557523,56.37625928716622,51.26239331662955,29.27773866105801,34.84591422761659,74.19992390607983,30.667220571415402,24.356183540406267,23.820393062466266,262,8,408,678,270,262,8,408,260,148,878.8039673278879,30.0,37,17,1,900.0,0.9111430777678632,fallback: No module named 'cvxpy',heuristic,680,678,predicted_history_signal_no_proposed_feedback,False,cp_sat,False,,OPTIMAL
2026,0.5078751422702332,cp_sat,CP-SAT,300,300,300,3,30,39,10,0.6067746686303387,47.296101028601946,51.26239331662955,31.47962147782657,31.680490986994556,71.63660263018187,27.81700422502013,27.146925218138474,27.23860261910833,325,87,267,679,412,325,87,267,0,267,175.05088324250437,26.24691591461637,41,17,7,150.0,1.0657901365913927,fallback: No module named 'cvxpy',heuristic,680,679,predicted_history_signal_no_proposed_feedback,False,cp_sat,False,,OPTIMAL
2026,0.5078751422702332,cp_sat,CP-SAT,300,300,300,4,40,49,10,0.45441176470588235,52.382991179608595,51.26239331662955,30.073075192339147,28.390245279862338,71.17775410670474,29.29462947790435,30.427830709687672,31.243723212780612,262,47,371,680,309,262,47,371,156,215,265.6947005449738,0.0,36,18,0,200.0,0.567727969431803,fallback: No module named 'cvxpy',heuristic,680,680,predicted_history_signal_no_proposed_feedback,False,cp_sat,False,,OPTIMAL
2026,0.5078751422702332,cp_sat,CP-SAT,300,300,300,5,50,59,10,0.5755813953488372,46.879847169317465,51.26239331662955,31.10213858130391,33.61108015549669,67.27171852778599,27.972683951339544,25.466780899272287,32.455168494710925,279,117,292,688,396,279,117,292,18,274,308.61059891005243,0.0,39,34,7,300.0,0.7651851245856516,fallback: No module named 'cvxpy',heuristic,680,688,predicted_history_signal_no_proposed_feedback,False,cp_sat,False,,OPTIMAL
2026,0.5078751422702332,cp_sat,CP-SAT,300,300,300,6,60,69,10,0.5192307692307693,50.13958846697636,51.26239331662955,30.42724578899932,34.029268792546006,70.0989408348051,28.62255115945042,25.297257268608995,30.524717724713483,231,120,325,676,351,231,120,325,94,231,420.8059794983274,20.39916010695909,33,40,4,300.0,1.9608650449463436,fallback: No module named 'cvxpy',heuristic,680,676,predicted_history_signal_no_proposed_feedback,False,cp_sat,False,,OPTIMAL
2026,0.5078751422702332,cp_sat,CP-SAT,300,300,300,7,70,79,10,0.4316860465116279,56.33718737660655,51.26239331662955,29.811137423956396,32.77558933769877,76.30416944823642,29.617492240883916,26.10238355844929,24.246197980554214,273,24,391,688,297,273,24,391,238,153,710.5403302322748,30.0,37,36,7,850.0,1.2947169325345271,fallback: No module named 'cvxpy',heuristic,680,688,predicted_history_signal_no_proposed_feedback,False,cp_sat,False,,OPTIMAL
2026,0.5078751422702332,cp_sat,CP-SAT,300,300,300,8,80,89,10,0.5351906158357771,49.85704467747882,51.26239331662955,30.699590346542866,27.38640602639415,72.69918869893867,28.633622947616793,32.90359191784952,27.618270917409635,290,75,317,682,365,290,75,317,66,251,10.540330232274755,30.0,38,25,6,600.0,1.8901211001098077,fallback: No module named 'cvxpy',heuristic,680,682,predicted_history_signal_no_proposed_feedback,False,cp_sat,False,,OPTIMAL
2026,0.5078751422702332,cp_sat,CP-SAT,300,300,300,9,90,99,10,0.5790251107828656,48.62105873516871,51.26239331662955,31.12042162047015,33.325203905930444,71.95718305742524,27.836263276342425,25.685139698621793,26.720595054434984,297,95,285,677,392,297,95,285,21,264,138.54033023227475,0.0,35,18,2,50.0,0.717474041286278,fallback: No module named 'cvxpy',heuristic,680,677,predicted_history_signal_no_proposed_feedback,False,cp_sat,False,,OPTIMAL
2026,0.5491237031771408,cp_sat,CP-SAT,350,350,350,0,0,9,10,0.6358296622613803,44.232538612477285,49.7063136709769,27.832997130018896,33.88841501189675,67.34736530844536,33.03123548061933,25.26295372288095,32.74279033556821,207,226,248,681,433,207,226,248,17,231,378.80396732788796,30.0,24,49,0,500.0,1.0082352941176471,fallback: No module named 'cvxpy',heuristic,680,681,predicted_history_signal_no_proposed_feedback,False,cp_sat,False,,OPTIMAL
2026,0.5491237031771408,cp_sat,CP-SAT,350,350,350,1,10,19,10,0.4145985401459854,57.95123584626328,49.7063136709769,29.78117153424656,33.10043720176662,77.62894781031461,29.116789529039938,26.144136753208954,24.90694894646644,251,33,401,685,284,251,33,401,275,126,618.8039673278879,10.0,32,35,5,550.0,0.9093195483560985,fallback: No module named 'cvxpy',heuristic,680,685,predicted_history_signal_no_proposed_feedback,False,cp_sat,False,,OPTIMAL
2026,0.5491237031771408,cp_sat,CP-SAT,350,350,350,2,20,29,10,0.41887905604719766,55.351932297602325,49.7063136709769,29.272128132619518,34.86055407317443,74.09383757448785,30.66892667393813,24.345298567350593,23.860847076680564,280,4,394,678,284,280,4,394,260,134,878.8039673278879,30.0,37,17,1,900.0,0.9111430777678632,fallback: No module named 'cvxpy',heuristic,680,678,predicted_history_signal_no_proposed_feedback,False,cp_sat,False,,OPTIMAL
2026,0.5491237031771408,cp_sat,CP-SAT,350,350,350,3,30,39,10,0.6597938144329897,45.14296324391351,49.7063136709769,31.477545862675218,31.60129427091278,71.59791293422354,27.820689638794235,27.215369623401454,27.31220728831689,359,89,231,679,448,359,89,231,0,231,175.05088324250437,26.24691591461637,41,17,7,150.0,1.0657901365913927,fallback: No module named 'cvxpy',heuristic,680,679,predicted_history_signal_no_proposed_feedback,False,cp_sat,False,,OPTIMAL
2026,0.5491237031771408,cp_sat,CP-SAT,350,350,350,4,40,49,10,0.49558823529411766,51.00952746054311,49.7063136709769,30.133702990546716,28.49921576242737,71.74414479614194,29.21381217946995,30.25798079023999,30.83190348498579,290,47,343,680,337,290,47,343,156,187,265.6947005449738,0.0,36,18,0,200.0,0.567727969431803,fallback: No module named 'cvxpy',heuristic,680,680,predicted_history_signal_no_proposed_feedback,False,cp_sat,False,,OPTIMAL
2026,0.5491237031771408,cp_sat,CP-SAT,350,350,350,5,50,59,10,0.627906976744186,45.186686085213296,49.7063136709769,31.108150171967843,33.72912276842993,67.66444366319874,27.991948288521304,25.35003026310317,31.977875935380627,307,125,256,688,432,307,125,256,18,238,308.61059891005243,0.0,39,34,7,300.0,0.7651851245856516,fallback: No module named 'cvxpy',heuristic,680,688,predicted_history_signal_no_proposed_feedback,False,cp_sat,False,,OPTIMAL
2026,0.5491237031771408,cp_sat,CP-SAT,350,350,350,6,60,69,10,0.5606508875739645,48.82022222767625,49.7063136709769,30.456174407383422,34.111682860591536,70.66673244123562,28.59417459289364,25.210116088511025,29.79336199333736,250,129,297,676,379,250,129,297,94,203,420.8059794983274,20.39916010695909,33,40,4,300.0,1.9608650449463436,fallback: No module named 'cvxpy',heuristic,680,676,predicted_history_signal_no_proposed_feedback,False,cp_sat,False,,OPTIMAL
2026,0.5491237031771408,cp_sat,CP-SAT,350,350,350,7,70,79,10,0.46075581395348836,55.18746638115961,49.7063136709769,29.75633207808943,32.93152063039293,76.73730631235874,29.68012008893119,25.977689555997525,23.91490867597223,296,21,371,688,317,296,21,371,238,133,710.5403302322748,30.0,37,36,7,850.0,1.2947169325345271,fallback: No module named 'cvxpy',heuristic,680,688,predicted_history_signal_no_proposed_feedback,False,cp_sat,False,,OPTIMAL
2026,0.5491237031771408,cp_sat,CP-SAT,350,350,350,8,80,89,10,0.5865102639296188,47.57887091687692,49.7063136709769,30.763125527314514,27.195170080836814,72.4178733305302,28.528150345099196,33.0691128493828,27.93264422261927,322,78,282,682,400,322,78,282,66,216,10.540330232274755,30.0,38,25,6,600.0,1.8901211001098077,fallback: No module named 'cvxpy',heuristic,680,682,predicted_history_signal_no_proposed_feedback,False,cp_sat,False,,OPTIMAL
2026,0.5491237031771408,cp_sat,CP-SAT,350,350,350,9,90,99,10,0.6307237813884786,46.53475347504351,49.7063136709769,31.204566421780115,33.46284516935946,71.79733523300501,27.74327088861714,25.56457934647431,26.85890089401962,325,102,250,677,427,325,102,250,21,229,138.54033023227475,0.0,35,18,2,50.0,0.717474041286278,fallback: No module named 'cvxpy',heuristic,680,677,predicted_history_signal_no_proposed_feedback,False,cp_sat,False,,OPTIMAL
2026,0.5539623051932773,cp_sat,CP-SAT,400,400,400,0,0,9,10,0.6857562408223201,42.34102080547455,49.40822046965175,27.192883026858095,33.23150007264163,67.38407268216315,33.02444582186913,25.85411726209734,32.71393486199972,183,284,214,681,467,183,284,214,17,197,365.9556313993173,30.0,21,49,7,650.0,1.465,fallback: No module named 'cvxpy',heuristic,680,681,predicted_history_signal_no_proposed_feedback,False,cp_sat,False,,OPTIMAL
2026,0.5539623051932773,cp_sat,CP-SAT,400,400,400,1,10,19,10,0.42773722627737226,57.91467292708057,49.40822046965175,30.291162122203858,34.67532567454124,77.98026517480335,29.5162770678481,24.510173520512442,24.554015594470034,241,52,392,685,293,241,52,392,275,117,493.9556313993173,0.0,28,35,7,400.0,0.7530812085926522,fallback: No module named 'cvxpy',heuristic,680,685,predicted_history_signal_no_proposed_feedback,False,cp_sat,False,,OPTIMAL
2026,0.5539623051932773,cp_sat,CP-SAT,400,400,400,2,20,29,10,0.2935103244837758,61.666558555820444,49.40822046965175,27.858219060769347,34.72406910338741,75.68352694711467,32.466052026871175,24.446837508883903,22.91625269689162,197,2,479,678,199,197,2,479,388,91,693.9588748733614,30.0,23,17,6,750.0,1.0181517968279463,fallback: No module named 'cvxpy',heuristic,680,678,predicted_history_signal_no_proposed_feedback,False,cp_sat,False,,OPTIMAL
2026,0.5539623051932773,cp_sat,CP-SAT,400,400,400,3,30,39,10,0.5949926362297496,46.898780584291785,49.40822046965175,29.73576416323189,31.41700318567225,71.26302207516083,29.39196788967283,27.307616653880004,27.028337880690504,265,139,275,679,404,265,139,275,92,183,993.9588748733614,30.0,33,17,7,150.0,1.3060887567822772,fallback: No module named 'cvxpy',heuristic,680,679,predicted_history_signal_no_proposed_feedback,False,cp_sat,False,,OPTIMAL
2026,0.5539623051932773,cp_sat,CP-SAT,400,400,400,4,40,49,10,0.6661764705882353,41.709176857545145,49.40822046965175,30.210499221651514,27.66524439160425,66.5732277165667,29.104300654716763,31.45670921103433,36.41044496486944,282,171,227,680,453,282,171,227,14,213,91.95887487336131,0.0,34,18,6,0.0,0.6990299332528653,fallback: No module named 'cvxpy',heuristic,680,680,predicted_history_signal_no_proposed_feedback,False,cp_sat,False,,OPTIMAL
2026,0.5539623051932773,cp_sat,CP-SAT,400,400,400,5,50,59,10,0.6729651162790697,42.64189835749827,49.40822046965175,30.5530806404179,32.02562182050474,66.26143034163843,28.410703226606277,27.045288752004137,33.3439045516217,271,192,225,688,463,271,192,225,0,225,293.9588748733613,30.0,34,34,2,350.0,0.9972181685469831,fallback: No module named 'cvxpy',heuristic,680,688,predicted_history_signal_no_proposed_feedback,False,cp_sat,False,,OPTIMAL
2026,0.5539623051932773,cp_sat,CP-SAT,400,400,400,6,60,69,10,0.5902366863905325,47.80842178156793,49.40822046965175,30.680091090087746,34.5759524215468,70.75070698781748,28.37032013307155,24.639478262551318,29.97231636683374,276,123,277,676,399,276,123,277,94,183,422.24675075983214,0.0,34,40,6,350.0,0.8007946391352184,fallback: No module named 'cvxpy',heuristic,680,676,predicted_history_signal_no_proposed_feedback,False,cp_sat,False,,OPTIMAL
2026,0.5539623051932773,cp_sat,CP-SAT,400,400,400,7,70,79,10,0.436046511627907,56.9888641728621,49.40822046965175,30.274655561929237,34.596754101433596,77.02037207252091,28.861751784444003,24.550241746001614,23.517784555298242,244,56,388,688,300,244,56,388,274,114,591.4746930023878,30.0,29,36,7,850.0,1.292843929894571,fallback: No module named 'cvxpy',heuristic,680,688,predicted_history_signal_no_proposed_feedback,False,cp_sat,False,,OPTIMAL
2026,0.5539623051932773,cp_sat,CP-SAT,400,400,400,8,80,89,10,0.4838709677419355,52.05334974791017,49.40822046965175,29.737235598540984,22.704199423379713,73.65403412077187,29.636438705257273,39.9420810949717,26.131513911493663,296,34,352,682,330,296,34,352,224,128,891.4746930023878,30.0,36,25,7,0.0,1.2722593696851312,fallback: No module named 'cvxpy',heuristic,680,682,predicted_history_signal_no_proposed_feedback,False,cp_sat,False,,OPTIMAL
2026,0.5539623051932773,cp_sat,CP-SAT,400,400,400,9,90,99,10,0.6883308714918759,43.988990993522805,49.40822046965175,30.97260451144182,33.39556137056042,71.49589506871204,28.545435376468394,25.631335854847944,27.09888220179671,358,108,211,677,466,358,108,211,0,211,191.47469300238777,30.0,37,18,7,750.0,1.8704946638027782,fallback: No module named 'cvxpy',heuristic,680,677,predicted_history_signal_no_proposed_feedback,False,cp_sat,False,,OPTIMAL
