seed,average_chr,method,method_label,rsu_cache_capacity,mrsu_cache_capacity,frsu_cache_capacity,round,physical_tick_start,physical_tick_end,decision_interval_ticks,chr,round_delay_ms,average_delay_ms,mrsu_average_delay_ms,frsu_average_delay_ms,mbs_average_delay_ms,mrsu_average_rate_mbps,frsu_average_rate_mbps,mbs_average_rate_mbps,mrsu_latency_request_count,frsu_latency_request_count,mbs_latency_request_count,request_count,hit_count,mrsu_hit_count,frsu_hit_count,mbs_miss_count,not_covered_count,not_cached_count,mrsu_position,mrsu_speed,mrsu_covered_count,frsu_covered_count,selected_hotspot_id,selected_hotspot_position,lambda_smooth,path_plan_status,path_plan_solver,decision_request_count,evaluation_request_count,decision_request_source,uses_proposed_miss_feedback,decision_policy,fallback_to_topk,fallback_reason,solver_status
7,0.16448076129159997,thompson_sampling,Thompson Sampling,50,50,50,0,0,9,10,0.04747774480712166,73.98967542217079,64.01311270951294,27.730553547862666,34.059091989987024,76.09827531490501,32.61852545584184,24.981956994695757,23.676906999751548,12,20,642,674,32,12,20,642,285,357,348.8842507428895,30.0,16,25,6,950.0,2.0785294117647055,fallback: No module named 'cvxpy',heuristic,680,674,predicted_history_signal_no_proposed_feedback,False,thompson_hotspot,,,
7,0.16448076129159997,thompson_sampling,Thompson Sampling,50,50,50,1,10,19,10,0.03823529411764706,71.21200421990571,64.01311270951294,32.15902040646378,22.038880644115682,72.88836308419971,26.630730803367936,40.86971766323212,29.060657034175794,18,8,654,680,26,18,8,654,525,129,648.8842507428894,30.0,12,12,1,950.0,1.6432151799165964,fallback: No module named 'cvxpy',heuristic,680,680,predicted_history_signal_no_proposed_feedback,False,thompson_hotspot,,,
7,0.16448076129159997,thompson_sampling,Thompson Sampling,50,50,50,2,20,29,10,0.1091703056768559,63.7132641671205,64.01311270951294,34.15658208493189,31.409868826248374,67.50595413443115,24.92019596012339,27.349556192824487,30.770940816606668,37,38,612,687,75,37,38,612,176,436,948.8842507428894,30.0,21,29,3,200.0,1.6267445916813024,fallback: No module named 'cvxpy',heuristic,680,687,predicted_history_signal_no_proposed_feedback,False,thompson_hotspot,,,
7,0.16448076129159997,thompson_sampling,Thompson Sampling,50,50,50,3,30,39,10,0.1952662721893491,56.04998241980853,64.01311270951294,30.247066264005884,28.49789166522026,62.60680042652586,29.011007628362258,32.45456784562872,43.63903156918052,40,92,544,676,132,40,92,544,3,541,215.90601230323819,16.808704624139466,18,43,7,150.0,1.2129210622695379,fallback: No module named 'cvxpy',heuristic,680,676,predicted_history_signal_no_proposed_feedback,False,thompson_hotspot,,,
7,0.16448076129159997,thompson_sampling,Thompson Sampling,50,50,50,4,40,49,10,0.21585903083700442,59.40286520515317,64.01311270951294,28.912511184221092,31.476589527730773,67.50337693197514,30.983183294340876,28.35190217779761,36.96019352012521,86,61,534,681,147,86,61,534,153,381,492.88909426412454,30.0,29,38,2,550.0,1.344616301652849,fallback: No module named 'cvxpy',heuristic,680,681,predicted_history_signal_no_proposed_feedback,False,thompson_hotspot,,,
7,0.16448076129159997,thompson_sampling,Thompson Sampling,50,50,50,5,50,59,10,0.17690058479532164,66.75916875589357,64.01311270951294,28.52141112269617,34.26005869781943,74.68163393162769,30.87362766428374,24.850588479199192,25.33194356016008,92,29,563,684,121,92,29,563,231,332,737.4457270236963,11.518877586523928,31,31,0,650.0,1.0821853539272264,fallback: No module named 'cvxpy',heuristic,680,684,predicted_history_signal_no_proposed_feedback,False,thompson_hotspot,,,
7,0.16448076129159997,thompson_sampling,Thompson Sampling,50,50,50,6,60,69,10,0.16567164179104477,67.99509362678789,64.01311270951294,29.66329980995365,31.38466757447002,75.54500732692792,29.53103515480008,28.35298111690326,24.993606121851066,91,20,559,670,111,91,20,559,176,383,853.5967477158875,0.0,30,17,1,800.0,0.9769087901633122,fallback: No module named 'cvxpy',heuristic,680,670,predicted_history_signal_no_proposed_feedback,False,thompson_hotspot,,,
7,0.16448076129159997,thompson_sampling,Thompson Sampling,50,50,50,7,70,79,10,0.21594202898550724,64.13803317020937,64.01311270951294,29.34578244504306,31.651722048914845,73.51151619693776,29.919315770909304,27.483323253022338,25.973262127539606,100,49,541,690,149,100,49,541,26,515,18.693032374810173,30.0,30,19,6,150.0,1.332383051498758,fallback: No module named 'cvxpy',heuristic,680,690,predicted_history_signal_no_proposed_feedback,False,thompson_hotspot,,,
7,0.16448076129159997,thompson_sampling,Thompson Sampling,50,50,50,8,80,89,10,0.24260355029585798,59.12019180841409,64.01311270951294,29.955636736179454,28.429160965615054,68.59314486652214,29.483912177821733,31.332761934746312,32.010399707890556,120,44,512,676,164,120,44,512,19,493,299.1123695317875,20.20966857848867,36,23,4,250.0,1.2256990579127467,fallback: No module named 'cvxpy',heuristic,680,676,predicted_history_signal_no_proposed_feedback,False,thompson_hotspot,,,
7,0.16448076129159997,thompson_sampling,Thompson Sampling,50,50,50,9,90,99,10,0.23768115942028986,57.90353436240874,64.01311270951294,31.45819942893666,32.07206948788571,66.11850452886644,27.898481495229394,26.93140260236295,33.70891368799074,138,26,526,690,164,138,26,526,120,406,579.8634196507453,30.0,38,35,7,100.0,2.0088009784322054,fallback: No module named 'cvxpy',heuristic,680,690,predicted_history_signal_no_proposed_feedback,False,thompson_hotspot,,,
7,0.22176092309522732,thompson_sampling,Thompson Sampling,100,100,100,0,0,9,10,0.07566765578635015,72.95768465002674,62.038334488382155,25.928157167971417,33.707846787331,76.39552757802987,34.77017993355719,25.281148686345176,23.428172724510162,18,33,623,674,51,18,33,623,285,338,363.15937149270485,30.0,16,25,6,650.0,1.5723529411764705,fallback: No module named 'cvxpy',heuristic,680,674,predicted_history_signal_no_proposed_feedback,False,thompson_hotspot,,,
7,0.22176092309522732,thompson_sampling,Thompson Sampling,100,100,100,1,10,19,10,0.05,70.84130371896681,62.038334488382155,32.68880823758765,23.46347631094118,73.09210168974062,26.155952183295042,38.531275723232056,28.821581002355696,17,17,646,680,34,17,17,646,525,121,663.1593714927048,30.0,12,12,2,850.0,1.362304581765366,fallback: No module named 'cvxpy',heuristic,680,680,predicted_history_signal_no_proposed_feedback,False,thompson_hotspot,,,
7,0.22176092309522732,thompson_sampling,Thompson Sampling,100,100,100,2,20,29,10,0.18777292576419213,61.19668102277793,62.038334488382155,34.05413057491645,31.589609166316574,67.82049141534698,25.006266559464535,27.220839465140457,30.40959979287873,50,79,558,687,129,50,79,558,176,382,963.1593714927048,30.0,20,29,2,150.0,1.3696575229418366,fallback: No module named 'cvxpy',heuristic,680,687,predicted_history_signal_no_proposed_feedback,False,thompson_hotspot,,,
7,0.22176092309522732,thompson_sampling,Thompson Sampling,100,100,100,3,30,39,10,0.27514792899408286,53.45159609164702,62.038334488382155,29.101149066218856,28.60899864684147,62.82640191137778,30.072800950468448,32.44600624061496,43.39544399263429,55,131,490,676,186,55,131,490,34,456,263.15937149270485,30.0,21,43,6,500.0,1.486128111177131,fallback: No module named 'cvxpy',heuristic,680,676,predicted_history_signal_no_proposed_feedback,False,thompson_hotspot,,,
7,0.22176092309522732,thompson_sampling,Thompson Sampling,100,100,100,4,40,49,10,0.2657856093979442,57.48678917689358,62.038334488382155,28.309137218791335,31.617673315349567,67.55281877124287,31.730358657627246,28.411975665428507,37.00847737854218,106,75,500,681,181,106,75,500,153,347,563.1593714927048,30.0,32,38,6,650.0,1.2970104641183071,fallback: No module named 'cvxpy',heuristic,680,681,predicted_history_signal_no_proposed_feedback,False,thompson_hotspot,,,
7,0.22176092309522732,thompson_sampling,Thompson Sampling,100,100,100,5,50,59,10,0.32748538011695905,59.90053541518244,62.038334488382155,30.172749970874104,33.170729520856916,74.12249788708621,29.589609035638496,26.10384412553133,25.589640978174643,185,39,460,684,224,185,39,460,42,418,863.1593714927048,30.0,43,31,7,500.0,2.0164222288241893,fallback: No module named 'cvxpy',heuristic,680,684,predicted_history_signal_no_proposed_feedback,False,thompson_hotspot,,,
7,0.22176092309522732,thompson_sampling,Thompson Sampling,100,100,100,6,60,69,10,0.29253731343283584,62.546708993051155,62.038334488382155,30.262415754992986,32.901364359602994,75.72374289160915,29.752993580539105,26.709008157210082,25.250604984045466,165,31,474,670,196,165,31,474,0,474,163.15937149270485,30.0,39,17,2,800.0,1.9649516405888952,fallback: No module named 'cvxpy',heuristic,680,670,predicted_history_signal_no_proposed_feedback,False,thompson_hotspot,,,
7,0.22176092309522732,thompson_sampling,Thompson Sampling,100,100,100,7,70,79,10,0.21304347826086956,65.86734169372959,62.038334488382155,32.00774164424161,33.088874890564746,74.99990512298785,26.957941869646845,26.122036126231986,24.647829001635355,130,17,543,690,147,130,17,543,266,277,463.15937149270485,30.0,25,19,3,950.0,1.7905398758830133,fallback: No module named 'cvxpy',heuristic,680,690,predicted_history_signal_no_proposed_feedback,False,thompson_hotspot,,,
7,0.22176092309522732,thompson_sampling,Thompson Sampling,100,100,100,8,80,89,10,0.20118343195266272,62.05008597425051,62.038334488382155,33.69970655106963,29.760936268618533,69.50382435146902,25.353862418388797,29.528457738970356,30.526361158367596,93,43,540,676,136,93,43,540,346,194,763.1593714927048,30.0,21,23,0,200.0,1.6799516405888952,fallback: No module named 'cvxpy',heuristic,680,676,predicted_history_signal_no_proposed_feedback,False,thompson_hotspot,,,
7,0.22176092309522732,thompson_sampling,Thompson Sampling,100,100,100,9,90,99,10,0.3289855072463768,54.22453308293931,62.038334488382155,32.03600194885155,30.55307545624529,65.63161610392841,27.492506524686878,28.77711727612024,34.1362176778828,62,165,463,690,227,62,165,463,6,457,63.15937149270485,30.0,17,35,2,400.0,1.5881869347065425,fallback: No module named 'cvxpy',heuristic,680,690,predicted_history_signal_no_proposed_feedback,False,thompson_hotspot,,,
7,0.2658035955627927,thompson_sampling,Thompson Sampling,150,150,150,0,0,9,10,0.10682492581602374,71.77935372699535,60.21674104642603,26.23598409833143,33.6957773613999,76.64399214875547,34.39578483093004,25.299308564654787,23.233435358880737,25,47,602,674,72,25,47,602,285,317,365.03139717425427,30.0,16,25,6,650.0,1.4988235294117647,fallback: No module named 'cvxpy',heuristic,680,674,predicted_history_signal_no_proposed_feedback,False,thompson_hotspot,,,
7,0.2658035955627927,thompson_sampling,Thompson Sampling,150,150,150,1,10,19,10,0.075,70.33768247396367,60.21674104642603,33.0428032944481,22.99008300912662,73.66525087392615,25.829307170231854,38.831667309535575,27.762521100125348,32,19,629,680,51,32,19,629,525,104,665.0313971742543,30.0,12,12,2,0.0,1.4534003601440577,fallback: No module named 'cvxpy',heuristic,680,680,predicted_history_signal_no_proposed_feedback,False,thompson_hotspot,,,
7,0.2658035955627927,thompson_sampling,Thompson Sampling,150,150,150,2,20,29,10,0.2081513828238719,60.444143970376494,60.21674104642603,33.9713397149337,31.59306677027923,67.77459288365581,25.079485476909323,27.228609262233242,30.462903831758542,58,85,544,687,143,58,85,544,170,374,965.0313971742543,30.0,20,29,4,300.0,1.5431062424969988,fallback: No module named 'cvxpy',heuristic,680,687,predicted_history_signal_no_proposed_feedback,False,thompson_hotspot,,,
7,0.2658035955627927,thompson_sampling,Thompson Sampling,150,150,150,3,30,39,10,0.2958579881656805,52.742891380280554,60.21674104642603,29.397377917312866,29.03412549140947,62.65190138109333,29.63552995297541,31.81311961738662,44.052140036596704,69,131,476,676,200,69,131,476,34,442,265.0313971742544,30.0,21,43,4,400.0,1.2684003601440577,fallback: No module named 'cvxpy',heuristic,680,676,predicted_history_signal_no_proposed_feedback,False,thompson_hotspot,,,
7,0.2658035955627927,thompson_sampling,Thompson Sampling,150,150,150,4,40,49,10,0.30983847283406757,56.29503617670374,60.21674104642603,28.25751779272493,30.54935266500567,68.50174523836678,31.260065039087497,30.06940300367278,35.119012307892916,133,78,470,681,211,133,78,470,153,317,541.0313971742544,18.0,31,38,1,500.0,0.915753301320528,fallback: No module named 'cvxpy',heuristic,680,681,predicted_history_signal_no_proposed_feedback,False,thompson_hotspot,,,
7,0.2658035955627927,thompson_sampling,Thompson Sampling,150,150,150,5,50,59,10,0.28362573099415206,62.80815000415311,60.21674104642603,29.858313750186895,32.98859063352937,75.57889761085866,29.832210311422653,26.35011917096494,24.43982162831611,151,43,490,684,194,151,43,490,231,259,661.0313971742544,0.0,30,31,3,600.0,0.7796003601440575,fallback: No module named 'cvxpy',heuristic,680,684,predicted_history_signal_no_proposed_feedback,False,thompson_hotspot,,,
7,0.2658035955627927,thompson_sampling,Thompson Sampling,150,150,150,6,60,69,10,0.23582089552238805,64.81269669983384,60.21674104642603,29.832056017135464,30.456669034381676,75.58066494492549,29.264592093099115,29.746340201128703,24.920307261308526,136,22,512,670,158,136,22,512,207,305,855.8242068309896,30.0,29,17,3,950.0,1.0683062424969987,fallback: No module named 'cvxpy',heuristic,680,670,predicted_history_signal_no_proposed_feedback,False,thompson_hotspot,,,
7,0.2658035955627927,thompson_sampling,Thompson Sampling,150,150,150,7,70,79,10,0.336231884057971,58.74323175087589,60.21674104642603,28.052454580216136,31.966002786036224,73.57188296114703,32.55020531557133,27.090725815751085,25.913523867591376,148,84,458,690,232,148,84,458,26,432,43.824206830989624,2.0,30,19,3,950.0,0.816546178178537,fallback: No module named 'cvxpy',heuristic,680,690,predicted_history_signal_no_proposed_feedback,False,thompson_hotspot,,,
7,0.2658035955627927,thompson_sampling,Thompson Sampling,150,150,150,8,80,89,10,0.40088757396449703,52.615596211260936,60.21674104642603,29.05819334502474,28.013243072502107,68.66251153651402,30.63455921525239,31.903573763614308,31.99634235606732,161,110,405,676,271,161,110,405,19,386,175.52773481837352,22.309732361342522,30,23,6,0.0,1.9694991193550075,fallback: No module named 'cvxpy',heuristic,680,676,predicted_history_signal_no_proposed_feedback,False,thompson_hotspot,,,
7,0.2658035955627927,thompson_sampling,Thompson Sampling,150,150,150,9,90,99,10,0.4057971014492754,51.80314361460657,60.21674104642603,28.80697587390037,32.94650430241646,66.4679132225592,30.45581504924938,26.020876857017463,33.290572375056,177,103,410,690,280,177,103,410,57,353,329.83746717971604,0.0,29,35,3,250.0,0.7865198270890557,fallback: No module named 'cvxpy',heuristic,680,690,predicted_history_signal_no_proposed_feedback,False,thompson_hotspot,,,
7,0.28752052876016265,thompson_sampling,Thompson Sampling,200,200,200,0,0,9,10,0.1172106824925816,71.42539753372832,59.49394467899909,26.425007107029177,33.66283714154222,76.77985385633178,33.83988806651858,25.32594960526465,23.122761953900593,28,51,595,674,79,28,51,595,285,310,352.1857636281724,30.0,16,25,6,50.0,1.9585294117647054,fallback: No module named 'cvxpy',heuristic,680,674,predicted_history_signal_no_proposed_feedback,False,thompson_hotspot,,,
7,0.28752052876016265,thompson_sampling,Thompson Sampling,200,200,200,1,10,19,10,0.09411764705882353,69.7473619916353,59.49394467899909,31.816750367328794,23.72792325306949,74.05587871753607,26.90916107592513,37.914342569133495,27.152625234953007,36,28,616,680,64,36,28,616,525,91,652.1857636281725,30.0,12,12,2,0.0,1.3965702719892583,fallback: No module named 'cvxpy',heuristic,680,680,predicted_history_signal_no_proposed_feedback,False,thompson_hotspot,,,
7,0.28752052876016265,thompson_sampling,Thompson Sampling,200,200,200,2,20,29,10,0.19359534206695778,60.889130243150724,59.49394467899909,34.15120256840321,31.99697271563452,67.58035852913488,24.928453951180963,26.847081479078053,30.707194050176554,63,70,554,687,133,63,70,554,176,378,952.1857636281725,30.0,21,29,6,350.0,1.5880408602245524,fallback: No module named 'cvxpy',heuristic,680,687,predicted_history_signal_no_proposed_feedback,False,thompson_hotspot,,,
7,0.28752052876016265,thompson_sampling,Thompson Sampling,200,200,200,3,30,39,10,0.2958579881656805,52.609880103557906,59.49394467899909,29.13243731526276,28.999975680206312,62.50718899136398,30.29876433627931,31.76406081933798,44.56827119115926,82,118,476,676,200,82,118,476,34,442,252.18576362817248,30.0,21,43,3,450.0,1.2692173308127874,fallback: No module named 'cvxpy',heuristic,680,676,predicted_history_signal_no_proposed_feedback,False,thompson_hotspot,,,
7,0.28752052876016265,thompson_sampling,Thompson Sampling,200,200,200,4,40,49,10,0.3274596182085169,55.76350342477097,59.49394467899909,28.52333610665513,31.4985408220123,68.56550730500999,30.894286221841508,28.53341609065655,35.18324599556178,152,71,458,681,223,152,71,458,153,305,540.1857636281725,22.0,31,38,1,500.0,0.8589232131657286,fallback: No module named 'cvxpy',heuristic,680,681,predicted_history_signal_no_proposed_feedback,False,thompson_hotspot,,,
7,0.28752052876016265,thompson_sampling,Thompson Sampling,200,200,200,5,50,59,10,0.32748538011695905,61.56839021844423,59.49394467899909,31.731828964571346,32.87635864275966,75.98802155545997,27.434567409139866,26.54064832956103,24.20175421366371,180,44,460,684,224,180,44,460,231,229,590.1857636281725,0.0,31,31,5,550.0,0.6568761543421993,fallback: No module named 'cvxpy',heuristic,680,684,predicted_history_signal_no_proposed_feedback,False,thompson_hotspot,,,
7,0.28752052876016265,thompson_sampling,Thompson Sampling,200,200,200,6,60,69,10,0.21343283582089553,66.44433174179021,59.49394467899909,29.15839145177887,29.28705664644351,76.55395636274345,31.03642346635883,31.626728194401192,23.91998223588682,111,32,527,670,143,111,32,527,343,184,753.4427091154826,13.81423637182752,23,17,5,700.0,0.7824643896363168,fallback: No module named 'cvxpy',heuristic,680,670,predicted_history_signal_no_proposed_feedback,False,thompson_hotspot,,,
7,0.28752052876016265,thompson_sampling,Thompson Sampling,200,200,200,7,70,79,10,0.3652173913043478,57.67571033072803,59.49394467899909,29.715169936464758,31.49343282787521,73.40532002230388,29.4672922650022,27.58205474247933,25.873796546386547,164,88,438,690,252,164,88,438,87,351,968.6996546027926,10.0,28,19,4,900.0,0.8169950663851668,fallback: No module named 'cvxpy',heuristic,680,690,predicted_history_signal_no_proposed_feedback,False,thompson_hotspot,,,
7,0.28752052876016265,thompson_sampling,Thompson Sampling,200,200,200,8,80,89,10,0.4408284023668639,50.613646550218874,59.49394467899909,29.01343931892693,28.243661888128234,67.88064579447403,30.587834719575003,31.53665882908009,33.012791656339964,181,117,378,676,298,181,117,378,1,377,179.87490999141232,30.0,30,23,7,950.0,1.9742198607810755,fallback: No module named 'cvxpy',heuristic,680,676,predicted_history_signal_no_proposed_feedback,False,thompson_hotspot,,,
7,0.28752052876016265,thompson_sampling,Thompson Sampling,200,200,200,9,90,99,10,0.5,48.484416885067525,59.49394467899909,28.71398544581545,32.73887714794972,66.6682243489855,30.556204026177706,26.250843032999118,33.39502773815689,209,136,345,690,345,209,136,345,57,288,337.8749099914123,0.0,29,35,3,250.0,0.7073390875993991,fallback: No module named 'cvxpy',heuristic,680,690,predicted_history_signal_no_proposed_feedback,False,thompson_hotspot,,,
7,0.36144231485504213,thompson_sampling,Thompson Sampling,250,250,250,0,0,9,10,0.142433234421365,70.49928160171041,56.950616468923265,26.275526336482976,33.55682272863887,77.0759622687352,33.97893608595014,25.414673844156184,22.872364274973336,35,61,578,674,96,35,61,578,285,293,352.1857636281724,30.0,16,25,6,50.0,1.9585294117647054,fallback: No module named 'cvxpy',heuristic,680,674,predicted_history_signal_no_proposed_feedback,False,thompson_hotspot,,,
7,0.36144231485504213,thompson_sampling,Thompson Sampling,250,250,250,1,10,19,10,0.08676470588235294,69.94880862193094,56.950616468923265,32.20385176380603,23.745219871813628,73.8617870760971,26.60054862667897,37.41148351937324,27.614178867067555,35,24,621,680,59,35,24,621,525,96,652.1857636281725,30.0,12,12,2,0.0,1.3362761543421993,fallback: No module named 'cvxpy',heuristic,680,680,predicted_history_signal_no_proposed_feedback,False,thompson_hotspot,,,
7,0.36144231485504213,thompson_sampling,Thompson Sampling,250,250,250,2,20,29,10,0.24163027656477437,59.32251894592423,56.950616468923265,34.22587155769011,31.390923151666613,67.76495509897758,24.859959099115432,27.416609776257467,30.428958005535915,84,82,521,687,166,84,82,521,176,345,952.1857636281725,30.0,21,29,5,300.0,1.49362909551867,fallback: No module named 'cvxpy',heuristic,680,687,predicted_history_signal_no_proposed_feedback,False,thompson_hotspot,,,
7,0.36144231485504213,thompson_sampling,Thompson Sampling,250,250,250,3,30,39,10,0.386094674556213,49.76391865793174,56.950616468923265,30.482149194677294,28.869466074944008,62.63274831040998,28.68177558655347,32.10044537803899,43.914425336265474,70,191,415,676,261,70,191,415,34,381,212.18576362817248,14.0,17,43,7,150.0,0.8909820366951404,fallback: No module named 'cvxpy',heuristic,680,676,predicted_history_signal_no_proposed_feedback,False,thompson_hotspot,,,
7,0.36144231485504213,thompson_sampling,Thompson Sampling,250,250,250,4,40,49,10,0.3920704845814978,54.010497616234744,56.950616468923265,28.04176776094946,31.57185020551066,69.75228781648342,31.777008992734995,28.16607083245838,33.087489200341864,149,118,414,681,267,149,118,414,153,261,488.1857636281725,30.0,28,38,2,550.0,0.9773938014010227,fallback: No module named 'cvxpy',heuristic,680,681,predicted_history_signal_no_proposed_feedback,False,thompson_hotspot,,,
7,0.36144231485504213,thompson_sampling,Thompson Sampling,250,250,250,5,50,59,10,0.3932748538011696,58.09667077142585,56.950616468923265,28.889037310591434,33.052515808125484,76.4670288560103,30.54196497826492,26.203530273263862,23.782447743943752,213,56,415,684,269,213,56,415,197,218,776.1857636281725,22.0,34,31,3,750.0,0.9182996837539639,fallback: No module named 'cvxpy',heuristic,680,684,predicted_history_signal_no_proposed_feedback,False,thompson_hotspot,,,
7,0.36144231485504213,thompson_sampling,Thompson Sampling,250,250,250,6,60,69,10,0.5328358208955224,51.66067290138814,56.950616468923265,30.36993750253128,30.885128397877008,75.84559649139183,28.851044121286524,29.18041093223302,25.161175430578016,297,60,313,670,357,297,60,313,18,295,21.256945487310077,11.81423637182752,39,17,4,950.0,0.8068408602245523,fallback: No module named 'cvxpy',heuristic,680,670,predicted_history_signal_no_proposed_feedback,False,thompson_hotspot,,,
7,0.36144231485504213,thompson_sampling,Thompson Sampling,250,250,250,7,70,79,10,0.49130434782608695,53.518191946474566,56.950616468923265,30.876695238738282,31.015045663283086,75.36394154924561,28.099283037416317,28.427524343901588,24.326724330619427,284,55,351,690,339,284,55,351,93,258,259.0278778209355,30.0,35,19,7,800.0,1.7211895002782613,fallback: No module named 'cvxpy',heuristic,680,690,predicted_history_signal_no_proposed_feedback,False,thompson_hotspot,,,
7,0.36144231485504213,thompson_sampling,Thompson Sampling,250,250,250,8,80,89,10,0.4378698224852071,53.805289864582605,56.950616468923265,30.225378967131107,32.08930065602899,72.0109325222458,29.713381539269427,27.081738830827778,27.904622581415392,263,33,380,676,296,263,33,380,212,168,559.0278778209355,30.0,31,23,3,50.0,1.6120872882445485,fallback: No module named 'cvxpy',heuristic,680,676,predicted_history_signal_no_proposed_feedback,False,thompson_hotspot,,,
7,0.36144231485504213,thompson_sampling,Thompson Sampling,250,250,250,9,90,99,10,0.5101449275362319,49.00182726026877,56.950616468923265,32.535169605440316,29.929106869060384,67.67716429075057,26.580479380624332,29.36693060665595,31.880753580258283,154,198,338,690,352,154,198,338,147,191,859.0278778209355,30.0,20,35,7,100.0,1.3650284647151367,fallback: No module named 'cvxpy',heuristic,680,690,predicted_history_signal_no_proposed_feedback,False,thompson_hotspot,,,
7,0.41411037115277677,thompson_sampling,Thompson Sampling,300,300,300,0,0,9,10,0.1543026706231454,70.02193437236068,55.11178618300407,26.09358369940191,33.520132888757736,77.20307353353425,34.30250094194288,25.448556876915774,22.767973656954418,40,64,570,674,104,40,64,570,285,285,352.1857636281724,30.0,16,25,6,50.0,1.9585294117647054,fallback: No module named 'cvxpy',heuristic,680,674,predicted_history_signal_no_proposed_feedback,False,thompson_hotspot,,,
7,0.41411037115277677,thompson_sampling,Thompson Sampling,300,300,300,1,10,19,10,0.10588235294117647,69.49516371669321,55.11178618300407,32.370262459856825,24.23670148963133,74.31961575869886,26.4111046552191,36.569556739870265,26.798995583058478,40,32,608,680,72,40,32,608,525,83,652.1857636281725,30.0,12,12,2,0.0,1.3362761543421993,fallback: No module named 'cvxpy',heuristic,680,680,predicted_history_signal_no_proposed_feedback,False,thompson_hotspot,,,
7,0.41411037115277677,thompson_sampling,Thompson Sampling,300,300,300,2,20,29,10,0.32751091703056767,56.45324442465169,55.11178618300407,34.295724172743796,31.600909694603978,67.9033658374419,24.794381875707433,27.215089756270835,30.271891299345693,112,113,462,687,225,112,113,462,176,286,952.1857636281725,30.0,21,29,3,200.0,1.2724526249304344,fallback: No module named 'cvxpy',heuristic,680,687,predicted_history_signal_no_proposed_feedback,False,thompson_hotspot,,,
7,0.41411037115277677,thompson_sampling,Thompson Sampling,300,300,300,3,30,39,10,0.47337278106508873,46.985477702154775,55.11178618300407,30.63609176333766,28.740000173953486,62.91188404364136,28.477289526846075,32.16942752077675,43.98619598424541,89,231,356,676,320,89,231,356,34,322,212.18576362817248,14.0,17,43,7,150.0,0.8909820366951404,fallback: No module named 'cvxpy',heuristic,680,676,predicted_history_signal_no_proposed_feedback,False,thompson_hotspot,,,
7,0.41411037115277677,thompson_sampling,Thompson Sampling,300,300,300,4,40,49,10,0.45080763582966227,52.46548588819592,55.11178618300407,28.501082434093334,32.38958683214452,70.55644629436092,30.651901660642626,27.32572594666026,31.96670681843745,155,152,374,681,307,155,152,374,153,221,464.1857636281725,18.0,24,38,3,400.0,0.8147467425774935,fallback: No module named 'cvxpy',heuristic,680,681,predicted_history_signal_no_proposed_feedback,False,thompson_hotspot,,,
7,0.41411037115277677,thompson_sampling,Thompson Sampling,300,300,300,5,50,59,10,0.4415204678362573,56.45022704005051,55.11178618300407,28.896215151598724,33.0079088162467,77.6202402636827,30.641055755204604,26.299845956177084,22.649650799490573,245,57,382,684,302,245,57,382,231,151,712.1857636281725,14.0,31,31,0,650.0,0.7165585072833757,fallback: No module named 'cvxpy',heuristic,680,684,predicted_history_signal_no_proposed_feedback,False,thompson_hotspot,,,
7,0.41411037115277677,thompson_sampling,Thompson Sampling,300,300,300,6,60,69,10,0.5,52.451295504070416,55.11178618300407,29.01622850824499,29.902507145738426,75.70910677239716,30.438445935406484,30.40506245221723,24.332810582069268,268,67,335,670,335,268,67,335,137,198,964.1857636281725,18.0,35,17,1,900.0,0.7809232131657288,fallback: No module named 'cvxpy',heuristic,680,670,predicted_history_signal_no_proposed_feedback,False,thompson_hotspot,,,
7,0.41411037115277677,thompson_sampling,Thompson Sampling,300,300,300,7,70,79,10,0.5869565217391305,49.413435137329394,55.11178618300407,31.186416131125746,30.990303925609926,75.36178014605765,27.925939905562615,28.41365043978938,24.129260411223544,337,68,285,690,405,337,68,285,52,233,238.01493238832677,30.0,38,19,5,850.0,1.7736173308127878,fallback: No module named 'cvxpy',heuristic,680,690,predicted_history_signal_no_proposed_feedback,False,thompson_hotspot,,,
7,0.41411037115277677,thompson_sampling,Thompson Sampling,300,300,300,8,80,89,10,0.5369822485207101,50.2506049182895,55.11178618300407,31.031674408458997,31.36283476914464,72.48463506625379,28.460908038206853,27.952702507495836,27.654148873476252,311,52,313,676,363,311,52,313,159,154,538.0149323883268,30.0,33,23,0,200.0,1.724109999659881,fallback: No module named 'cvxpy',heuristic,680,676,predicted_history_signal_no_proposed_feedback,False,thompson_hotspot,,,
7,0.41411037115277677,thompson_sampling,Thompson Sampling,300,300,300,9,90,99,10,0.563768115942029,47.32751456619238,55.11178618300407,32.13699181745566,30.417057442182095,68.14764645760593,26.828431307191035,28.4949609253102,31.225807437746685,181,208,301,690,389,181,208,301,147,154,838.0149323883268,30.0,21,35,7,100.0,1.3923452937775282,fallback: No module named 'cvxpy',heuristic,680,690,predicted_history_signal_no_proposed_feedback,False,thompson_hotspot,,,
7,0.4608593461828175,thompson_sampling,Thompson Sampling,350,350,350,0,0,9,10,0.16913946587537093,69.43277717100032,53.325831645193766,26.134670973057045,33.5925308764702,77.3281196231968,34.226046159615784,25.39078965613777,22.667765634828818,45,69,560,674,114,45,69,560,285,275,352.1857636281724,30.0,16,25,6,50.0,1.9585294117647054,fallback: No module named 'cvxpy',heuristic,680,674,predicted_history_signal_no_proposed_feedback,False,thompson_hotspot,,,
7,0.4608593461828175,thompson_sampling,Thompson Sampling,350,350,350,1,10,19,10,0.12794117647058822,68.96580030149525,53.325831645193766,32.095044831897795,24.53444733052702,74.79591066136071,26.683597724051136,36.18901951807479,26.037360750507208,54,33,593,680,87,54,33,593,525,68,652.1857636281725,30.0,12,12,2,0.0,1.3362761543421993,fallback: No module named 'cvxpy',heuristic,680,680,predicted_history_signal_no_proposed_feedback,False,thompson_hotspot,,,
7,0.4608593461828175,thompson_sampling,Thompson Sampling,350,350,350,2,20,29,10,0.33624454148471616,56.34565134261245,53.325831645193766,34.3619071471428,31.698738739875285,68.20634825413583,24.747075821332626,27.125496339240883,30.020150503267534,107,124,456,687,231,107,124,456,176,280,952.1857636281725,30.0,21,29,3,200.0,1.2724526249304344,fallback: No module named 'cvxpy',heuristic,680,687,predicted_history_signal_no_proposed_feedback,False,thompson_hotspot,,,
7,0.4608593461828175,thompson_sampling,Thompson Sampling,350,350,350,3,30,39,10,0.5266272189349113,44.997926260980584,53.325831645193766,28.983886022506663,28.947407683024096,62.84079078608387,30.87132121292185,31.974608845502313,44.72872445060979,117,239,320,676,356,117,239,320,34,286,252.18576362817248,30.0,21,43,4,450.0,1.2442173308127873,fallback: No module named 'cvxpy',heuristic,680,676,predicted_history_signal_no_proposed_feedback,False,thompson_hotspot,,,
7,0.4608593461828175,thompson_sampling,Thompson Sampling,350,350,350,4,40,49,10,0.4698972099853157,51.02345724371284,53.325831645193766,27.684849057834438,33.4556883557748,70.41657812002286,32.89266471742556,26.179617233507948,32.80278095572777,239,81,361,681,320,239,81,361,153,208,512.1857636281725,14.0,30,38,0,450.0,0.7086290955186698,fallback: No module named 'cvxpy',heuristic,680,681,predicted_history_signal_no_proposed_feedback,False,thompson_hotspot,,,
7,0.4608593461828175,thompson_sampling,Thompson Sampling,350,350,350,5,50,59,10,0.47953216374269003,54.40144958687723,53.325831645193766,28.900708337219097,33.85065174987093,77.18739345160368,30.641605032378997,25.293074466728704,23.37058370066969,277,51,356,684,328,277,51,356,197,159,776.1857636281725,22.0,33,31,3,750.0,0.887099683753964,fallback: No module named 'cvxpy',heuristic,680,684,predicted_history_signal_no_proposed_feedback,False,thompson_hotspot,,,
7,0.4608593461828175,thompson_sampling,Thompson Sampling,350,350,350,6,60,69,10,0.6358208955223881,46.716176536030794,53.325831645193766,30.07801073856532,30.488983190295514,75.65192848461426,29.660968011609253,29.678740246795122,25.388999073699395,359,67,244,670,426,359,67,244,18,226,48.18576362817248,18.0,39,17,6,0.0,0.9483114484598464,fallback: No module named 'cvxpy',heuristic,680,670,predicted_history_signal_no_proposed_feedback,False,thompson_hotspot,,,
7,0.4608593461828175,thompson_sampling,Thompson Sampling,350,350,350,7,70,79,10,0.6028985507246377,49.058289625612424,53.325831645193766,30.513576846856214,31.456173860333237,76.99015718067292,28.41883273218514,27.99114280306444,23.173674628682186,351,65,274,690,416,351,65,274,122,152,224.18576362817248,2.0,34,19,6,150.0,0.7897114484598463,fallback: No module named 'cvxpy',heuristic,680,690,predicted_history_signal_no_proposed_feedback,False,thompson_hotspot,,,
7,0.4608593461828175,thompson_sampling,Thompson Sampling,350,350,350,8,80,89,10,0.6242603550295858,47.11884412377759,53.325831645193766,31.0091714337531,32.36781754927934,73.57349136980048,28.037100210750985,27.055431617144183,26.240517207073704,364,58,254,676,422,364,58,254,110,144,368.49816223634446,24.6022542923949,35,23,2,150.0,1.769734977871611,fallback: No module named 'cvxpy',heuristic,680,676,predicted_history_signal_no_proposed_feedback,False,thompson_hotspot,,,
7,0.4608593461828175,thompson_sampling,Thompson Sampling,350,350,350,9,90,99,10,0.636231884057971,45.304061664537976,53.325831645193766,30.9635931378981,32.449832942365845,70.07177072253843,28.685438557382522,26.55600192596622,28.960559318047963,386,53,251,690,439,386,53,251,151,100,664.645888428483,30.0,32,35,3,250.0,1.7283053302692228,fallback: No module named 'cvxpy',heuristic,680,690,predicted_history_signal_no_proposed_feedback,False,thompson_hotspot,,,
7,0.461548114334969,thompson_sampling,Thompson Sampling,400,400,400,0,0,9,10,0.18545994065281898,68.77046069296085,53.38942999736114,26.505921159644345,33.64892811647212,77.41771373467758,33.83569441066823,25.343531834201215,22.609009447600176,50,75,549,674,125,50,75,549,285,264,352.1857636281724,30.0,16,25,6,50.0,1.9585294117647054,fallback: No module named 'cvxpy',heuristic,680,674,predicted_history_signal_no_proposed_feedback,False,thompson_hotspot,,,
7,0.461548114334969,thompson_sampling,Thompson Sampling,400,400,400,1,10,19,10,0.15441176470588236,68.47632499928656,53.38942999736114,32.072150923559306,24.57886510038465,75.48893418363483,26.688569624319992,36.24513302647598,24.807114054010327,77,28,575,680,105,77,28,575,525,50,652.1857636281725,30.0,12,12,2,0.0,1.3362761543421993,fallback: No module named 'cvxpy',heuristic,680,680,predicted_history_signal_no_proposed_feedback,False,thompson_hotspot,,,
7,0.461548114334969,thompson_sampling,Thompson Sampling,400,400,400,2,20,29,10,0.3435225618631732,55.99608217815109,53.38942999736114,34.35455526068926,31.521170665814672,68.00548189735801,24.74979611289066,27.30005436244355,30.182517365359878,127,109,451,687,236,127,109,451,176,275,952.1857636281725,30.0,21,29,4,0.0,1.0845114484598464,fallback: No module named 'cvxpy',heuristic,680,687,predicted_history_signal_no_proposed_feedback,False,thompson_hotspot,,,
7,0.461548114334969,thompson_sampling,Thompson Sampling,400,400,400,3,30,39,10,0.5384615384615384,44.434457813117206,53.38942999736114,29.004574843703352,28.992559600910628,62.44461427225891,30.86898257247816,32.023446194279444,45.62955980524275,140,224,312,676,364,140,224,312,34,278,252.18576362817248,30.0,21,43,6,500.0,1.343040860224552,fallback: No module named 'cvxpy',heuristic,680,676,predicted_history_signal_no_proposed_feedback,False,thompson_hotspot,,,
7,0.461548114334969,thompson_sampling,Thompson Sampling,400,400,400,4,40,49,10,0.44052863436123346,53.20408725180525,53.38942999736114,30.044721937948612,32.334881770118066,70.65838860607025,28.81851553078905,27.422130416562794,31.228188975226516,170,130,381,681,300,170,130,381,153,228,440.1857636281725,2.0,25,38,4,350.0,0.7227467425774935,fallback: No module named 'cvxpy',heuristic,680,681,predicted_history_signal_no_proposed_feedback,False,thompson_hotspot,,,
7,0.461548114334969,thompson_sampling,Thompson Sampling,400,400,400,5,50,59,10,0.44883040935672514,56.71801220955114,53.38942999736114,28.201389955536968,34.42126326757005,78.32293382069999,31.54740027603961,24.70032191696291,22.045834328748832,209,98,377,684,307,209,98,377,238,139,656.1857636281725,30.0,26,31,1,700.0,0.8480526249304345,fallback: No module named 'cvxpy',heuristic,680,684,predicted_history_signal_no_proposed_feedback,False,thompson_hotspot,,,
7,0.461548114334969,thompson_sampling,Thompson Sampling,400,400,400,6,60,69,10,0.5164179104477612,51.236092493846755,53.38942999736114,28.478026104832093,27.447756475552982,75.69209222472473,31.512273875629738,34.02956680192338,23.78956225505533,298,48,324,670,346,298,48,324,170,154,944.1857636281725,22.0,32,17,1,900.0,0.8537232131657287,fallback: No module named 'cvxpy',heuristic,680,670,predicted_history_signal_no_proposed_feedback,False,thompson_hotspot,,,
7,0.461548114334969,thompson_sampling,Thompson Sampling,400,400,400,7,70,79,10,0.7246376811594203,42.96900382124064,53.38942999736114,30.796906510649936,31.37544994156488,74.70852216822757,28.412606078534747,27.875607796383036,24.97058604862822,404,96,190,690,500,404,96,190,5,185,180.18576362817248,10.0,40,19,2,100.0,0.7702055661069052,fallback: No module named 'cvxpy',heuristic,680,690,predicted_history_signal_no_proposed_feedback,False,thompson_hotspot,,,
7,0.461548114334969,thompson_sampling,Thompson Sampling,400,400,400,8,80,89,10,0.6153846153846154,47.343800298832875,53.38942999736114,31.06534481366788,32.82800695949672,72.96222247822296,27.95842241457229,26.440415336832544,27.08063283260483,353,63,260,676,416,353,63,260,110,150,406.8010955884398,30.0,35,23,7,950.0,1.6625232131657288,fallback: No module named 'cvxpy',heuristic,680,676,predicted_history_signal_no_proposed_feedback,False,thompson_hotspot,,,
7,0.461548114334969,thompson_sampling,Thompson Sampling,400,400,400,9,90,99,10,0.6478260869565218,44.99237477978312,53.38942999736114,31.243897457846423,32.29239306563764,69.97211831535817,28.068640679512136,26.722037100581893,29.104960895511127,375,72,243,690,447,375,72,243,148,95,706.8010955884398,30.0,32,35,3,250.0,1.6785115169114988,fallback: No module named 'cvxpy',heuristic,680,690,predicted_history_signal_no_proposed_feedback,False,thompson_hotspot,,,
42,0.1583242040618179,thompson_sampling,Thompson Sampling,50,50,50,0,0,9,10,0.033873343151693665,74.23288712703423,65.23639882308947,34.32767477548786,29.353037210871765,75.75333542752117,24.750195179386782,29.63356715698829,24.691477966569266,7,16,656,679,23,7,16,656,451,205,361.5430427720628,30.0,4,17,6,650.0,1.6297058823529413,fallback: No module named 'cvxpy',heuristic,680,679,predicted_history_signal_no_proposed_feedback,False,thompson_hotspot,,,
42,0.1583242040618179,thompson_sampling,Thompson Sampling,50,50,50,1,10,19,10,0.04328358208955224,74.75086509338409,65.23639882308947,28.051762676547654,34.49392612721891,76.75306504990652,30.935455706487303,24.621363642017492,22.327363224959438,18,11,641,670,29,18,11,641,514,127,661.5430427720628,30.0,13,13,1,900.0,1.570582279690436,fallback: No module named 'cvxpy',heuristic,680,670,predicted_history_signal_no_proposed_feedback,False,thompson_hotspot,,,
42,0.1583242040618179,thompson_sampling,Thompson Sampling,50,50,50,2,20,29,10,0.10074074074074074,67.6583075579981,65.23639882308947,29.845950399880014,31.80343404203432,71.81044217423535,29.332584509112962,27.025036991045322,26.5169313295323,42,26,607,675,68,42,26,607,201,406,961.5430427720628,30.0,20,13,6,250.0,1.709111691455142,fallback: No module named 'cvxpy',heuristic,680,675,predicted_history_signal_no_proposed_feedback,False,thompson_hotspot,,,
42,0.1583242040618179,thompson_sampling,Thompson Sampling,50,50,50,3,30,39,10,0.19738751814223512,57.85886384803748,65.23639882308947,30.575594883916494,28.433617143992542,64.81269599403325,28.9116031201966,30.627192970205286,37.04836526501601,73,63,553,689,136,73,63,553,0,553,138.2099954320165,0.7097809370511925,26,33,4,50.0,1.009111691455142,fallback: No module named 'cvxpy',heuristic,680,689,predicted_history_signal_no_proposed_feedback,False,thompson_hotspot,,,
42,0.1583242040618179,thompson_sampling,Thompson Sampling,50,50,50,4,40,49,10,0.21513353115727002,55.46675910334383,65.23639882308947,30.401208646102432,30.816021621441042,62.27454696397316,28.768462244789585,28.302939433906733,40.31148636320855,65,80,529,674,145,65,80,529,0,529,305.5095795309571,29.83737634222004,24,40,4,500.0,1.3732681824089668,fallback: No module named 'cvxpy',heuristic,680,674,predicted_history_signal_no_proposed_feedback,False,thompson_hotspot,,,
42,0.1583242040618179,thompson_sampling,Thompson Sampling,50,50,50,5,50,59,10,0.22288261515601784,60.100503142092045,65.23639882308947,30.66320296801238,33.211635923017525,68.26557837665545,28.764826394941945,26.084014107912047,31.186147114853064,93,57,523,673,150,93,57,523,83,440,526.6939697041623,7.481254335201483,34,42,3,450.0,1.065778723080344,fallback: No module named 'cvxpy',heuristic,680,673,predicted_history_signal_no_proposed_feedback,False,thompson_hotspot,,,
42,0.1583242040618179,thompson_sampling,Thompson Sampling,50,50,50,6,60,69,10,0.2230320699708455,63.42902830112533,65.23639882308947,29.151549808485655,29.554159802677134,73.24889012012137,30.197182253134308,29.9958767635321,26.755126478557518,127,26,533,686,153,127,26,533,125,408,751.8631310576676,30.0,37,29,6,850.0,1.3526507805610595,fallback: No module named 'cvxpy',heuristic,680,686,predicted_history_signal_no_proposed_feedback,False,thompson_hotspot,,,
42,0.1583242040618179,thompson_sampling,Thompson Sampling,50,50,50,7,70,79,10,0.21865889212827988,67.37379047255138,65.23639882308947,30.54225824066431,31.693794838413698,77.64245124871475,28.555744309698383,27.04324766272287,22.713505485944083,132,18,536,686,150,132,18,536,43,493,51.86313105766749,30.0,41,16,0,750.0,2.172577929625032,fallback: No module named 'cvxpy',heuristic,680,686,predicted_history_signal_no_proposed_feedback,False,thompson_hotspot,,,
42,0.1583242040618179,thompson_sampling,Thompson Sampling,50,50,50,8,80,89,10,0.2236842105263158,65.5092903495854,65.23639882308947,32.899062678524444,33.07518671793422,74.8968338686959,26.359037331591445,25.966047039170725,25.04707985517392,127,26,531,684,153,127,26,531,58,473,351.8631310576675,30.0,37,12,7,800.0,1.8990485178603267,fallback: No module named 'cvxpy',heuristic,680,684,predicted_history_signal_no_proposed_feedback,False,thompson_hotspot,,,
42,0.1583242040618179,thompson_sampling,Thompson Sampling,50,50,50,9,90,99,10,0.10456553755522828,66.1099892635972,65.23639882308947,31.58356601302009,32.25887514889889,70.12852929840054,27.846598077071697,26.682438849852392,28.08195832487865,59,12,608,679,71,59,12,608,405,203,651.8631310576675,30.0,20,21,1,150.0,1.9066955766838556,fallback: No module named 'cvxpy',heuristic,680,679,predicted_history_signal_no_proposed_feedback,False,thompson_hotspot,,,
42,0.1686918737856572,thompson_sampling,Thompson Sampling,100,100,100,0,0,9,10,0.042709867452135494,73.96136171826464,64.99969142252449,34.24245627543313,30.02157331345299,75.86330928300575,24.8172445764371,28.929968393022467,24.58312610601623,9,20,650,679,29,9,20,650,451,199,365.42806183115334,30.0,5,17,6,650.0,1.4841176470588235,fallback: No module named 'cvxpy',heuristic,680,679,predicted_history_signal_no_proposed_feedback,False,thompson_hotspot,,,
42,0.1686918737856572,thompson_sampling,Thompson Sampling,100,100,100,1,10,19,10,0.06567164179104477,73.84612835893226,64.99969142252449,28.2366904916152,34.57506989354723,76.90002544380921,30.790471153724702,24.55881399220232,22.233258035708182,29,15,626,670,44,29,15,626,514,112,665.4280618311534,30.0,13,13,1,900.0,1.400825872560677,fallback: No module named 'cvxpy',heuristic,680,670,predicted_history_signal_no_proposed_feedback,False,thompson_hotspot,,,
42,0.1686918737856572,thompson_sampling,Thompson Sampling,100,100,100,2,20,29,10,0.10814814814814815,67.11056414352473,64.99969142252449,29.061218343782755,31.768971752229163,71.62556691494557,30.406489495824918,27.055478261985318,26.664973136179643,51,22,602,675,73,51,22,602,186,416,965.4280618311534,30.0,21,13,2,50.0,1.220531754913618,fallback: No module named 'cvxpy',heuristic,680,675,predicted_history_signal_no_proposed_feedback,False,thompson_hotspot,,,
42,0.1686918737856572,thompson_sampling,Thompson Sampling,100,100,100,3,30,39,10,0.21770682148040638,57.216861875297845,64.99969142252449,31.612835470213263,26.907660428914077,64.70892367955992,27.402225945139843,32.463621987167485,37.060743195168406,108,42,539,689,150,108,42,539,0,539,242.1258131710847,18.348875669965626,37,33,3,200.0,1.0299435196195006,fallback: No module named 'cvxpy',heuristic,680,689,predicted_history_signal_no_proposed_feedback,False,thompson_hotspot,,,
42,0.1686918737856572,thompson_sampling,Thompson Sampling,100,100,100,4,40,49,10,0.24777448071216618,54.70692165219493,64.99969142252449,28.604228839175256,31.127922540258744,63.11569746902553,31.477342933961012,28.156094335851314,39.017916641716816,129,38,507,674,167,129,38,507,78,429,512.7941427041089,30.0,39,40,7,200.0,2.07023644287759,fallback: No module named 'cvxpy',heuristic,680,674,predicted_history_signal_no_proposed_feedback,False,thompson_hotspot,,,
42,0.1686918737856572,thompson_sampling,Thompson Sampling,100,100,100,5,50,59,10,0.30460624071322434,56.43711293870493,64.99969142252449,30.57746589490227,31.2472786916831,67.66290553573079,28.4219457650868,28.124351080262386,31.76978377920306,134,71,468,673,205,134,71,468,44,424,812.7941427041089,30.0,40,42,5,400.0,1.92542643801407,fallback: No module named 'cvxpy',heuristic,680,673,predicted_history_signal_no_proposed_feedback,False,thompson_hotspot,,,
42,0.1686918737856572,thompson_sampling,Thompson Sampling,100,100,100,6,60,69,10,0.3236151603498542,59.498074258578875,64.99969142252449,32.63397835838299,30.9049959725109,72.63807627055223,26.790555935627033,28.46442787084593,27.25489760862709,145,77,464,686,222,145,77,464,0,464,112.79414270410894,30.0,33,29,3,750.0,1.9595440850728936,fallback: No module named 'cvxpy',heuristic,680,686,predicted_history_signal_no_proposed_feedback,False,thompson_hotspot,,,
42,0.1686918737856572,thompson_sampling,Thompson Sampling,100,100,100,7,70,79,10,0.12244897959183673,72.78931446035051,64.99969142252449,32.27815702164943,34.1094509101182,78.32339546234488,27.15982728656065,24.945705023287747,22.186978658715734,45,39,602,686,84,45,39,602,385,217,412.79414270410894,30.0,12,16,6,0.0,1.9592499674258348,fallback: No module named 'cvxpy',heuristic,680,686,predicted_history_signal_no_proposed_feedback,False,thompson_hotspot,,,
42,0.1686918737856572,thompson_sampling,Thompson Sampling,100,100,100,8,80,89,10,0.07456140350877193,71.7963907288369,64.99969142252449,31.380420113229015,32.810767243633485,75.0300574430422,27.813579600028113,26.097429115631268,24.688206158911598,41,10,633,684,51,41,10,633,513,120,712.7941427041089,30.0,11,12,1,0.0,1.495720555661129,fallback: No module named 'cvxpy',heuristic,680,684,predicted_history_signal_no_proposed_feedback,False,thompson_hotspot,,,
42,0.1686918737856572,thompson_sampling,Thompson Sampling,100,100,100,9,90,99,10,0.1796759941089838,62.65340479951455,64.99969142252449,30.28762249525529,30.59932378843084,69.70108800494478,29.439287176272533,28.79157544970864,28.384199003642873,48,74,557,679,122,48,74,557,260,297,993.3949596146313,19.86135397779048,15,21,6,950.0,1.0892499674258347,fallback: No module named 'cvxpy',heuristic,680,679,predicted_history_signal_no_proposed_feedback,False,thompson_hotspot,,,
42,0.2759162828056179,thompson_sampling,Thompson Sampling,150,150,150,0,0,9,10,0.05891016200294551,73.428001520675,60.61071503342794,34.33666095329901,30.017472090050312,76.0575347319469,24.745014937924932,28.87110105205224,24.381780849843686,13,27,639,679,40,13,27,639,451,188,367.53544620517096,30.0,7,17,6,650.0,1.4105882352941177,fallback: No module named 'cvxpy',heuristic,680,679,predicted_history_signal_no_proposed_feedback,False,thompson_hotspot,,,
42,0.2759162828056179,thompson_sampling,Thompson Sampling,150,150,150,1,10,19,10,0.08507462686567165,73.10010485854436,60.61071503342794,28.12577719864704,34.50588586942317,77.0947128855267,30.90079076800999,24.61143159097862,22.092811889084857,39,18,613,670,57,39,18,613,514,99,667.535446205171,30.0,13,13,1,900.0,1.268674508168572,fallback: No module named 'cvxpy',heuristic,680,670,predicted_history_signal_no_proposed_feedback,False,thompson_hotspot,,,
42,0.2759162828056179,thompson_sampling,Thompson Sampling,150,150,150,2,20,29,10,0.15851851851851853,65.0313555520188,60.61071503342794,29.292792304371353,32.0637081013031,71.59305311294426,30.326568711298687,26.752633971763544,26.689218504582012,72,35,568,675,107,72,35,568,184,384,967.535446205171,30.0,22,13,0,100.0,1.1386745081685719,fallback: No module named 'cvxpy',heuristic,680,675,predicted_history_signal_no_proposed_feedback,False,thompson_hotspot,,,
42,0.2759162828056179,thompson_sampling,Thompson Sampling,150,150,150,3,30,39,10,0.29027576197387517,54.76722184560951,60.61071503342794,31.370252683520476,28.48069215517788,64.91562831635672,27.927789709436183,30.60818386485289,36.98320701936795,102,98,489,689,200,102,98,489,0,489,183.53544620517096,6.0,32,33,6,100.0,0.8839686258156307,fallback: No module named 'cvxpy',heuristic,680,689,predicted_history_signal_no_proposed_feedback,False,thompson_hotspot,,,
42,0.2759162828056179,thompson_sampling,Thompson Sampling,150,150,150,4,40,49,10,0.36053412462908013,51.36970207842642,60.61071503342794,31.71527787517016,31.04746042481062,62.58886874773794,27.34258490643892,28.118376020886902,39.74194657123473,154,89,431,674,243,154,89,431,1,430,419.53544620517096,26.0,40,40,1,400.0,0.8946392140509248,fallback: No module named 'cvxpy',heuristic,680,674,predicted_history_signal_no_proposed_feedback,False,thompson_hotspot,,,
42,0.2759162828056179,thompson_sampling,Thompson Sampling,150,150,150,5,50,59,10,0.3476968796433878,55.313036309553425,60.61071503342794,29.106031963876298,32.39357822527994,68.76542429327004,30.222841144451266,26.758798710743463,30.570026569207084,165,69,439,673,234,165,69,439,127,312,635.535446205171,6.0,36,42,2,550.0,0.7843098022862188,fallback: No module named 'cvxpy',heuristic,680,673,predicted_history_signal_no_proposed_feedback,False,thompson_hotspot,,,
42,0.2759162828056179,thompson_sampling,Thompson Sampling,150,150,150,6,60,69,10,0.35131195335276966,58.26876137210421,60.61071503342794,29.37668956850697,29.039009181913205,73.95614646234331,29.81231146211917,30.75888758589001,26.013293654547365,188,53,445,686,241,188,53,445,119,326,749.535446205171,0.0,37,29,0,700.0,0.6926274493450425,fallback: No module named 'cvxpy',heuristic,680,686,predicted_history_signal_no_proposed_feedback,False,thompson_hotspot,,,
42,0.2759162828056179,thompson_sampling,Thompson Sampling,150,150,150,7,70,79,10,0.336734693877551,60.671583453637425,60.61071503342794,27.111204524867446,32.305282439222196,77.20764522136108,32.581421123272655,26.519550568662485,22.91171347712312,187,44,455,686,231,187,44,455,102,353,945.3998761428123,30.0,36,16,6,0.0,1.0579568611097483,fallback: No module named 'cvxpy',heuristic,680,686,predicted_history_signal_no_proposed_feedback,False,thompson_hotspot,,,
42,0.2759162828056179,thompson_sampling,Thompson Sampling,150,150,150,8,80,89,10,0.4195906432748538,56.52461504707875,60.61071503342794,31.442807508692617,31.820636404291836,74.60731444492676,27.474677784423424,27.921306496841098,25.317329459283062,235,52,397,684,287,235,52,397,4,393,245.39987614281245,30.0,41,12,7,800.0,1.8080389845437557,fallback: No module named 'cvxpy',heuristic,680,684,predicted_history_signal_no_proposed_feedback,False,thompson_hotspot,,,
42,0.2759162828056179,thompson_sampling,Thompson Sampling,150,150,150,9,90,99,10,0.35051546391752575,57.84915852031328,60.61071503342794,33.215466344874635,33.51732530279521,71.12915783922045,26.009344631430043,25.500724371227225,27.45180921271657,217,21,441,679,238,217,21,441,153,288,545.3998761428124,30.0,34,21,1,150.0,1.7759801610143438,fallback: No module named 'cvxpy',heuristic,680,679,predicted_history_signal_no_proposed_feedback,False,thompson_hotspot,,,
42,0.2649298568957622,thompson_sampling,Thompson Sampling,200,200,200,0,0,9,10,0.0662739322533137,73.21517240255807,61.43826255915939,34.29925310513484,29.738306720754018,76.2003549046083,24.774097552934656,29.18651903398015,24.21363184142859,14,31,634,679,45,14,31,634,451,183,369.87461504619444,30.0,7,17,6,650.0,1.3370588235294119,fallback: No module named 'cvxpy',heuristic,680,679,predicted_history_signal_no_proposed_feedback,False,thompson_hotspot,,,
42,0.2649298568957622,thompson_sampling,Thompson Sampling,200,200,200,1,10,19,10,0.08208955223880597,73.19083399766517,61.43826255915939,27.846622490277284,34.54517319614181,77.03906028952682,31.20332164955407,24.5815517911195,22.138263121693736,36,19,615,670,55,36,19,615,514,101,669.8746150461944,30.0,13,13,1,900.0,1.1921041769105354,fallback: No module named 'cvxpy',heuristic,680,670,predicted_history_signal_no_proposed_feedback,False,thompson_hotspot,,,
42,0.2649298568957622,thompson_sampling,Thompson Sampling,200,200,200,2,20,29,10,0.20444444444444446,63.05267943469551,61.43826255915939,28.995082926776455,32.04114066240065,71.52696526159913,31.47463514432357,26.779952793606878,26.675042575868215,89,49,537,675,138,89,49,537,184,353,969.8746150461944,30.0,22,13,1,150.0,1.1271041769105354,fallback: No module named 'cvxpy',heuristic,680,675,predicted_history_signal_no_proposed_feedback,False,thompson_hotspot,,,
42,0.2649298568957622,thompson_sampling,Thompson Sampling,200,200,200,3,30,39,10,0.2844702467343977,55.03915123570703,61.43826255915939,32.009178169067994,27.445301259378684,64.91715756434195,26.937204745736782,31.94314514329283,36.70804132055037,118,78,493,689,196,118,78,493,0,493,229.87461504619432,14.0,36,33,2,150.0,0.7738688827928885,fallback: No module named 'cvxpy',heuristic,680,689,predicted_history_signal_no_proposed_feedback,False,thompson_hotspot,,,
42,0.2649298568957622,thompson_sampling,Thompson Sampling,200,200,200,4,40,49,10,0.37091988130563797,50.82066806779004,61.43826255915939,29.762132999044773,30.81058953566463,63.06169012695585,29.61316567863628,28.52695356553948,39.49119703488621,179,71,424,674,250,179,71,424,46,378,503.03354997068516,30.0,40,40,6,550.0,1.0764571180870064,fallback: No module named 'cvxpy',heuristic,680,674,predicted_history_signal_no_proposed_feedback,False,thompson_hotspot,,,
42,0.2649298568957622,thompson_sampling,Thompson Sampling,200,200,200,5,50,59,10,0.475482912332838,50.36238684935014,61.43826255915939,30.427223081151173,31.475704259128907,68.13690324602406,28.577696049231964,27.823148128014054,31.389997050964578,220,100,353,673,320,220,100,353,61,292,803.0335499706852,30.0,39,42,7,350.0,1.81576226739105,fallback: No module named 'cvxpy',heuristic,680,673,predicted_history_signal_no_proposed_feedback,False,thompson_hotspot,,,
42,0.2649298568957622,thompson_sampling,Thompson Sampling,200,200,200,6,60,69,10,0.4737609329446064,53.54334650407086,61.43826255915939,32.59708094950865,30.879110300559717,72.95758160423635,26.77710091475414,28.534359226796088,26.92796336184679,208,117,361,686,325,208,117,361,0,361,103.03354997068527,30.0,34,29,4,600.0,1.6007622673910507,fallback: No module named 'cvxpy',heuristic,680,686,predicted_history_signal_no_proposed_feedback,False,thompson_hotspot,,,
42,0.2649298568957622,thompson_sampling,Thompson Sampling,200,200,200,7,70,79,10,0.22448979591836735,68.91435276255123,61.43826255915939,31.98909956067473,33.81610326831625,79.33537288265076,27.72820411928667,25.193910343696672,21.47167208323028,76,78,532,686,154,76,78,532,364,168,403.03354997068527,30.0,13,16,4,950.0,1.662821090920462,fallback: No module named 'cvxpy',heuristic,680,686,predicted_history_signal_no_proposed_feedback,False,thompson_hotspot,,,
42,0.2649298568957622,thompson_sampling,Thompson Sampling,200,200,200,8,80,89,10,0.13157894736842105,69.86608749573102,61.43826255915939,31.327811818699537,32.04007303063727,75.68723377982826,28.395218294912752,26.904151210784594,23.857667756576383,75,15,594,684,90,75,15,594,513,81,703.0335499706853,30.0,11,12,1,0.0,1.3334093262145799,fallback: No module named 'cvxpy',heuristic,680,684,predicted_history_signal_no_proposed_feedback,False,thompson_hotspot,,,
42,0.2649298568957622,thompson_sampling,Thompson Sampling,200,200,200,9,90,99,10,0.33578792341678937,56.403677847728964,61.43826255915939,29.08096725161421,31.257717822964068,69.55043269710343,30.56061748924781,27.973468201953803,28.154146924756226,90,138,451,679,228,90,138,451,260,191,3.0335499706852715,30.0,15,21,3,50.0,1.011350502685168,fallback: No module named 'cvxpy',heuristic,680,679,predicted_history_signal_no_proposed_feedback,False,thompson_hotspot,,,
42,0.3464714512144226,thompson_sampling,Thompson Sampling,250,250,250,0,0,9,10,0.07511045655375552,72.94410517560199,58.068494869839085,34.2869273134286,29.925609312411236,76.33347383644191,24.783529263508235,28.966460360667995,24.087227469371445,15,36,628,679,51,15,36,628,451,177,370.86699954607354,30.0,7,17,6,650.0,1.2958823529411765,fallback: No module named 'cvxpy',heuristic,680,679,predicted_history_signal_no_proposed_feedback,False,thompson_hotspot,,,
42,0.3464714512144226,thompson_sampling,Thompson Sampling,250,250,250,1,10,19,10,0.08656716417910448,72.9701895684102,58.068494869839085,27.610570904498502,34.55322230698174,77.09881393355666,31.605523792405826,24.575430076026414,22.092846244802118,43,15,612,670,58,43,15,612,514,98,670.8669995460735,30.0,13,13,1,900.0,1.117284665295987,fallback: No module named 'cvxpy',heuristic,680,670,predicted_history_signal_no_proposed_feedback,False,thompson_hotspot,,,
42,0.3464714512144226,thompson_sampling,Thompson Sampling,250,250,250,2,20,29,10,0.20148148148148148,63.351985358113446,58.068494869839085,29.65557879702288,32.302448852782575,71.60869739803985,29.9144573742451,26.53094404858885,26.654746512450973,86,50,539,675,136,86,50,539,184,355,970.8669995460735,30.0,22,13,5,200.0,1.2849317241195162,fallback: No module named 'cvxpy',heuristic,680,675,predicted_history_signal_no_proposed_feedback,False,thompson_hotspot,,,
42,0.3464714512144226,thompson_sampling,Thompson Sampling,250,250,250,3,30,39,10,0.3613933236574746,52.292207618455954,58.068494869839085,31.768953614537427,27.722728713777823,65.01001951633519,27.309875661369766,31.553981166218875,36.609920042935435,129,120,440,689,249,129,120,440,0,440,186.86699954607366,6.0,32,33,6,100.0,0.7943434888253986,fallback: No module named 'cvxpy',heuristic,680,689,predicted_history_signal_no_proposed_feedback,False,thompson_hotspot,,,
42,0.3464714512144226,thompson_sampling,Thompson Sampling,250,250,250,4,40,49,10,0.46735905044510384,47.75870602629538,58.068494869839085,30.99495319093345,30.66078639687966,62.606541668225795,28.472344402582436,28.437672012255724,39.43412032788286,166,149,359,674,315,166,149,359,1,358,352.53200181570537,7.133000453926343,29,40,4,300.0,0.6706023123548099,fallback: No module named 'cvxpy',heuristic,680,674,predicted_history_signal_no_proposed_feedback,False,thompson_hotspot,,,
42,0.3464714512144226,thompson_sampling,Thompson Sampling,250,250,250,5,50,59,10,0.4962852897473997,50.96508525548848,58.068494869839085,31.108560038065924,33.41697774869266,69.79331625805911,27.858474892539483,25.820585107801318,29.720833269351413,226,108,339,673,334,226,108,339,93,246,558.1970040853371,14.0,34,42,3,500.0,0.691708397639583,fallback: No module named 'cvxpy',heuristic,680,673,predicted_history_signal_no_proposed_feedback,False,thompson_hotspot,,,
42,0.3464714512144226,thompson_sampling,Thompson Sampling,250,250,250,6,60,69,10,0.49416909620991256,51.4152609467421,58.068494869839085,27.548374879408005,27.79386265233308,74.68945434861747,32.45304990997578,32.33336612188878,25.244454736742608,279,60,347,686,339,279,60,347,119,228,806.8941679934692,30.0,37,29,5,550.0,1.8452262476302383,fallback: No module named 'cvxpy',heuristic,680,686,predicted_history_signal_no_proposed_feedback,False,thompson_hotspot,,,
42,0.3464714512144226,thompson_sampling,Thompson Sampling,250,250,250,7,70,79,10,0.5626822157434402,51.97319352812787,58.068494869839085,31.721871356790228,32.645984767343556,77.79886636927732,27.13905748536691,26.196927944738523,22.6489608860975,311,75,300,686,386,311,75,300,0,300,106.89416799346918,30.0,40,16,1,750.0,1.7172140521967254,fallback: No module named 'cvxpy',heuristic,680,686,predicted_history_signal_no_proposed_feedback,False,thompson_hotspot,,,
42,0.3464714512144226,thompson_sampling,Thompson Sampling,250,250,250,8,80,89,10,0.4692982456140351,56.05970438641515,58.068494869839085,33.305168006051325,33.63167110519152,76.13291378240197,25.97105711790186,25.717165317814505,23.902012987645048,267,54,363,684,321,267,54,363,123,240,406.8941679934692,30.0,32,12,3,950.0,1.6033905227849605,fallback: No module named 'cvxpy',heuristic,680,684,predicted_history_signal_no_proposed_feedback,False,thompson_hotspot,,,
42,0.3464714512144226,thompson_sampling,Thompson Sampling,250,250,250,9,90,99,10,0.2503681885125184,61.27575735038246,58.068494869839085,31.5590695558181,32.67625446491388,71.01860720818404,27.533330905185775,26.196878039809608,26.976602076889517,87,83,509,679,170,87,83,509,381,128,706.8941679934692,30.0,13,21,1,150.0,1.4233905227849606,fallback: No module named 'cvxpy',heuristic,680,679,predicted_history_signal_no_proposed_feedback,False,thompson_hotspot,,,
42,0.424048473495456,thompson_sampling,Thompson Sampling,300,300,300,0,0,9,10,0.08836524300441827,72.43755335565298,54.61308536953724,34.3587451180542,30.297586259317796,76.3975469056758,24.727810252726037,28.598702814843335,24.03424195320025,19,41,619,679,60,19,41,619,451,168,370.86699954607354,30.0,7,17,6,650.0,1.2958823529411765,fallback: No module named 'cvxpy',heuristic,680,679,predicted_history_signal_no_proposed_feedback,False,thompson_hotspot,,,
42,0.424048473495456,thompson_sampling,Thompson Sampling,300,300,300,1,10,19,10,0.11044776119402985,72.12860462500966,54.61308536953724,27.96499115073469,34.51854539576903,77.31511709561438,31.08527059137624,24.602144087715875,21.94428531350274,47,27,596,670,74,47,27,596,514,82,670.8669995460735,30.0,13,13,1,900.0,1.1114023123548105,fallback: No module named 'cvxpy',heuristic,680,670,predicted_history_signal_no_proposed_feedback,False,thompson_hotspot,,,
42,0.424048473495456,thompson_sampling,Thompson Sampling,300,300,300,2,20,29,10,0.23703703703703705,62.0037678477923,54.61308536953724,29.69219627053979,32.40873644078219,71.69417522861637,29.913965382470984,26.43502580295861,26.56219731704714,94,66,515,675,160,94,66,515,184,331,970.8669995460735,30.0,22,13,3,0.0,0.9455199594136336,fallback: No module named 'cvxpy',heuristic,680,675,predicted_history_signal_no_proposed_feedback,False,thompson_hotspot,,,
42,0.424048473495456,thompson_sampling,Thompson Sampling,300,300,300,3,30,39,10,0.41509433962264153,49.796033576993814,54.61308536953724,30.786319326416812,27.72344730429264,64.33562319167908,28.402462105375857,31.494456545791017,37.328141393778395,148,138,403,689,286,148,138,403,0,403,128.86699954607366,0.0,26,33,5,50.0,0.6999317241195161,fallback: No module named 'cvxpy',heuristic,680,689,predicted_history_signal_no_proposed_feedback,False,thompson_hotspot,,,
42,0.424048473495456,thompson_sampling,Thompson Sampling,300,300,300,4,40,49,10,0.526706231454006,45.47603036951525,54.61308536953724,30.32279052223379,30.174499244275516,62.42628308037141,29.273513429394587,28.880464258206707,40.110162457865705,168,187,319,674,355,168,187,319,0,319,330.86699954607366,30.0,26,40,1,400.0,0.814237606472457,fallback: No module named 'cvxpy',heuristic,680,674,predicted_history_signal_no_proposed_feedback,False,thompson_hotspot,,,
42,0.424048473495456,thompson_sampling,Thompson Sampling,300,300,300,5,50,59,10,0.5557206537890045,48.99943023986797,54.61308536953724,31.201550114913218,33.52817763710199,70.43683709398525,28.148796523976067,25.642151029248076,28.832556494123047,268,106,299,673,374,268,106,299,93,206,540.798002723558,5.133000453926343,36,42,4,450.0,0.6592846652959865,fallback: No module named 'cvxpy',heuristic,680,673,predicted_history_signal_no_proposed_feedback,False,thompson_hotspot,,,
42,0.424048473495456,thompson_sampling,Thompson Sampling,300,300,300,6,60,69,10,0.49271137026239065,54.234971813784036,54.61308536953724,31.623581085378472,31.756572661812687,76.1820878663604,27.619624464580507,27.523436738451657,23.769149949754215,300,38,348,686,338,300,38,348,215,133,639.2119836586517,0.0,34,29,4,600.0,0.5887273023417274,fallback: No module named 'cvxpy',heuristic,680,686,predicted_history_signal_no_proposed_feedback,False,thompson_hotspot,,,
42,0.424048473495456,thompson_sampling,Thompson Sampling,300,300,300,7,70,79,10,0.5466472303206997,51.8484987300937,54.61308536953724,30.99470660278555,32.46926028077489,76.87521321816708,28.13924037139744,26.385864390546445,22.964528088713116,350,25,311,686,375,350,25,311,120,191,841.2119836586517,30.0,38,16,3,900.0,0.8390244212437528,fallback: No module named 'cvxpy',heuristic,680,686,predicted_history_signal_no_proposed_feedback,False,thompson_hotspot,,,
42,0.424048473495456,thompson_sampling,Thompson Sampling,300,300,300,8,80,89,10,0.6388888888888888,44.509677175316874,54.61308536953724,27.650300251452936,31.087350195769584,73.16893029436928,32.04134137143604,28.421832844199365,26.73312659759238,353,84,247,684,437,353,84,247,0,247,141.21198365865166,30.0,40,12,6,150.0,0.9220126565378703,fallback: No module named 'cvxpy',heuristic,680,684,predicted_history_signal_no_proposed_feedback,False,thompson_hotspot,,,
42,0.424048473495456,thompson_sampling,Thompson Sampling,300,300,300,9,90,99,10,0.6288659793814433,45.032842158248705,54.61308536953724,28.737062961087922,32.61248311463225,72.02998863065301,30.77976426205596,26.263335035084317,26.895731406554283,387,40,252,679,427,387,40,252,79,173,329.21198365865166,2.0,39,21,2,250.0,0.6311303035966939,fallback: No module named 'cvxpy',heuristic,680,679,predicted_history_signal_no_proposed_feedback,False,thompson_hotspot,,,
42,0.4127100683904981,thompson_sampling,Thompson Sampling,350,350,350,0,0,9,10,0.09867452135493372,72.12114729875654,56.01373122964042,34.369969332327194,30.365967278308023,76.55499209979519,24.718796137800194,28.53865453654377,23.87027648205132,21,46,612,679,67,21,46,612,451,161,370.86699954607354,30.0,7,17,6,650.0,1.2958823529411765,fallback: No module named 'cvxpy',heuristic,680,679,predicted_history_signal_no_proposed_feedback,False,thompson_hotspot,,,
42,0.4127100683904981,thompson_sampling,Thompson Sampling,350,350,350,1,10,19,10,0.12388059701492538,71.53817839478663,56.01373122964042,27.92130256178256,34.55910434951858,77.4114626327052,31.213140754701286,24.570956514996865,21.88266869487649,57,26,587,670,83,57,26,587,514,73,670.8669995460735,30.0,13,13,1,900.0,1.1114023123548105,fallback: No module named 'cvxpy',heuristic,680,670,predicted_history_signal_no_proposed_feedback,False,thompson_hotspot,,,
42,0.4127100683904981,thompson_sampling,Thompson Sampling,350,350,350,2,20,29,10,0.2607407407407407,60.403597571885385,56.01373122964042,29.024319668503814,32.084577110429265,71.12780297117862,30.974089651568313,26.733439788413058,26.97310275805954,120,56,499,675,176,120,56,499,184,315,970.8669995460735,30.0,22,13,5,200.0,1.2849317241195162,fallback: No module named 'cvxpy',heuristic,680,675,predicted_history_signal_no_proposed_feedback,False,thompson_hotspot,,,
42,0.4127100683904981,thompson_sampling,Thompson Sampling,350,350,350,3,30,39,10,0.521044992743106,46.77136797985046,56.01373122964042,30.694159632175822,27.56645863423951,65.29451102709365,28.867901256815752,31.88586772179708,36.30907104723245,250,109,330,689,359,250,109,330,0,330,270.86699954607366,30.0,42,33,7,400.0,1.1887552535312809,fallback: No module named 'cvxpy',heuristic,680,689,predicted_history_signal_no_proposed_feedback,False,thompson_hotspot,,,
42,0.4127100683904981,thompson_sampling,Thompson Sampling,350,350,350,4,40,49,10,0.5563798219584569,44.68306831001766,56.01373122964042,28.062692471063244,29.88151405011253,65.12045925922035,31.996338529259223,29.616717809596224,36.59147154367195,308,67,299,674,375,308,67,299,86,213,570.8669995460737,30.0,41,40,5,250.0,1.881696430001869,fallback: No module named 'cvxpy',heuristic,680,674,predicted_history_signal_no_proposed_feedback,False,thompson_hotspot,,,
42,0.4127100683904981,thompson_sampling,Thompson Sampling,350,350,350,5,50,59,10,0.62555720653789,45.17482361317139,56.01373122964042,31.754819461689515,28.99230372207222,68.83349832091196,27.46708130982376,30.893168317132037,30.404634605965867,308,113,252,673,421,308,113,252,44,208,870.8669995460737,30.0,37,42,6,400.0,1.6808140770606923,fallback: No module named 'cvxpy',heuristic,680,673,predicted_history_signal_no_proposed_feedback,False,thompson_hotspot,,,
42,0.4127100683904981,thompson_sampling,Thompson Sampling,350,350,350,6,60,69,10,0.706997084548105,44.58495724098273,56.01373122964042,33.50489821513549,31.653910866067676,73.28191710609394,25.642046586523758,27.677359241631386,26.69260440308222,272,213,201,686,485,272,213,201,0,201,170.86699954607366,30.0,27,29,2,750.0,1.625225841766575,fallback: No module named 'cvxpy',heuristic,680,686,predicted_history_signal_no_proposed_feedback,False,thompson_hotspot,,,
42,0.4127100683904981,thompson_sampling,Thompson Sampling,350,350,350,7,70,79,10,0.2915451895043732,67.09642896720929,56.01373122964042,33.53015697553865,34.184041427538936,80.81014696903256,25.472790788293995,24.919369540384643,20.325649120991926,126,74,486,686,200,126,74,486,401,85,470.86699954607366,30.0,14,16,4,800.0,1.3237552535312809,fallback: No module named 'cvxpy',heuristic,680,686,predicted_history_signal_no_proposed_feedback,False,thompson_hotspot,,,
42,0.4127100683904981,thompson_sampling,Thompson Sampling,350,350,350,8,80,89,10,0.23830409356725146,65.12553087040038,56.01373122964042,30.26288484888492,30.246959566533384,76.03418262783723,29.009171139405353,28.739148425787754,23.389404075615374,113,50,521,684,163,113,50,521,469,52,770.8669995460737,30.0,13,12,0,900.0,1.0490493711783393,fallback: No module named 'cvxpy',heuristic,680,684,predicted_history_signal_no_proposed_feedback,False,thompson_hotspot,,,
42,0.4127100683904981,thompson_sampling,Thompson Sampling,350,350,350,9,90,99,10,0.7039764359351989,42.76321926231888,56.01373122964042,32.0562097100112,31.388061511455522,68.83397392072067,26.987349328912934,27.76830243586439,28.995419548202165,295,183,201,679,478,295,183,201,34,167,70.86699954607366,30.0,28,21,2,250.0,1.1125787829430451,fallback: No module named 'cvxpy',heuristic,680,679,predicted_history_signal_no_proposed_feedback,False,thompson_hotspot,,,
42,0.48523265877898536,thompson_sampling,Thompson Sampling,400,400,400,0,0,9,10,0.10751104565537556,71.85054205152144,52.44390492784689,34.33732972295775,30.474631278442686,76.68816486045033,24.744147341596,28.431155358420124,23.729710787115195,23,50,606,679,73,23,50,606,451,155,370.86699954607354,30.0,7,17,6,650.0,1.2958823529411765,fallback: No module named 'cvxpy',heuristic,680,679,predicted_history_signal_no_proposed_feedback,False,thompson_hotspot,,,
42,0.48523265877898536,thompson_sampling,Thompson Sampling,400,400,400,1,10,19,10,0.1417910447761194,70.84809053808354,52.44390492784689,27.873039944890937,34.57577465440416,77.58695146044596,31.21854800502563,24.55827798949834,21.76498649437578,64,31,575,670,95,64,31,575,514,61,670.8669995460735,30.0,13,13,1,900.0,1.1114023123548105,fallback: No module named 'cvxpy',heuristic,680,670,predicted_history_signal_no_proposed_feedback,False,thompson_hotspot,,,
42,0.48523265877898536,thompson_sampling,Thompson Sampling,400,400,400,2,20,29,10,0.30814814814814817,58.90273228084201,52.44390492784689,29.875320517565086,32.12232966884595,71.46574930710378,29.714760223697965,26.706279688822825,26.678402343046045,132,76,467,675,208,132,76,467,184,283,970.8669995460735,30.0,22,13,2,50.0,0.9546376064724573,fallback: No module named 'cvxpy',heuristic,680,675,predicted_history_signal_no_proposed_feedback,False,thompson_hotspot,,,
42,0.48523265877898536,thompson_sampling,Thompson Sampling,400,400,400,3,30,39,10,0.5747460087082729,44.8498995184515,52.44390492784689,31.195470923254472,27.569472084487032,64.93790487823075,28.121329866254875,31.830355916067116,36.638004233522366,264,132,293,689,396,264,132,293,0,293,266.86699954607366,26.0,41,33,0,250.0,0.7864023123548102,fallback: No module named 'cvxpy',heuristic,680,689,predicted_history_signal_no_proposed_feedback,False,thompson_hotspot,,,
42,0.48523265877898536,thompson_sampling,Thompson Sampling,400,400,400,4,40,49,10,0.6083086053412463,43.192043668417675,52.44390492784689,28.30627505801154,30.490312076536505,65.82199422210533,31.46790208053386,28.97960114395854,35.65368724464891,351,59,264,674,410,351,59,264,86,178,564.9773432545207,30.0,41,40,7,200.0,1.895425841766575,fallback: No module named 'cvxpy',heuristic,680,674,predicted_history_signal_no_proposed_feedback,False,thompson_hotspot,,,
42,0.48523265877898536,thompson_sampling,Thompson Sampling,400,400,400,5,50,59,10,0.7028231797919762,41.01409707964221,52.44390492784689,27.950844484498866,30.512134458097144,70.23104453444935,31.784251339892464,29.08542168781912,28.642437185558432,342,131,200,673,473,342,131,200,61,139,692.9773432545207,0.0,38,42,1,600.0,0.49552945376912305,fallback: No module named 'cvxpy',heuristic,680,673,predicted_history_signal_no_proposed_feedback,False,thompson_hotspot,,,
42,0.48523265877898536,thompson_sampling,Thompson Sampling,400,400,400,6,60,69,10,0.7346938775510204,40.284637861259036,52.44390492784689,28.19217727462954,26.81914451134679,74.38252681448523,31.730143447143778,32.982283801447934,25.560039041376996,423,81,182,686,504,423,81,182,68,114,882.9773432545207,22.0,38,29,6,850.0,0.76736474788677,fallback: No module named 'cvxpy',heuristic,680,686,predicted_history_signal_no_proposed_feedback,False,thompson_hotspot,,,
42,0.48523265877898536,thompson_sampling,Thompson Sampling,400,400,400,7,70,79,10,0.8119533527696793,40.97483001717814,52.44390492784689,32.757007645181304,32.937923191862964,76.28688710638029,26.521150352551917,25.976245363740407,23.741792267565838,435,122,129,686,557,435,122,129,0,129,173.8076665195922,30.0,37,16,1,750.0,1.618305924357358,fallback: No module named 'cvxpy',heuristic,680,686,predicted_history_signal_no_proposed_feedback,False,thompson_hotspot,,,
42,0.48523265877898536,thompson_sampling,Thompson Sampling,400,400,400,8,80,89,10,0.4926900584795322,55.85209619874017,52.44390492784689,33.140095629706984,34.29288298348217,77.69363226147446,26.067236777292663,24.85542351677606,22.921149243595874,272,65,347,684,337,272,65,347,245,102,473.8076665195922,30.0,25,12,7,800.0,1.4228735629362945,fallback: No module named 'cvxpy',heuristic,680,684,predicted_history_signal_no_proposed_feedback,False,thompson_hotspot,,,
42,0.48523265877898536,thompson_sampling,Thompson Sampling,400,400,400,9,90,99,10,0.3696612665684831,57.11327935461011,52.44390492784689,31.59083035822893,33.01014905969849,71.6763116361811,27.805637557407557,25.90134527528677,26.187015177587337,129,122,428,679,251,129,122,428,365,63,773.8076665195922,30.0,12,21,2,250.0,1.4987559158774713,fallback: No module named 'cvxpy',heuristic,680,679,predicted_history_signal_no_proposed_feedback,False,thompson_hotspot,,,
2026,0.19594958397128845,thompson_sampling,Thompson Sampling,50,50,50,0,0,9,10,0.15418502202643172,61.02162509378876,63.06839378551532,29.296579391430964,31.646982316729044,66.4539083354067,30.30852331675818,27.57843637906201,33.84562346706343,19,86,576,681,105,19,86,576,17,559,365.2843601895734,30.0,21,49,1,550.0,1.4894117647058824,fallback: No module named 'cvxpy',heuristic,680,681,predicted_history_signal_no_proposed_feedback,False,thompson_hotspot,,,
2026,0.19594958397128845,thompson_sampling,Thompson Sampling,50,50,50,1,10,19,10,0.15766423357664233,66.63902111649818,63.06839378551532,29.76064863398191,31.23714682556052,73.45472872412053,29.304924795897218,28.534097266716607,29.050076167647333,74,34,577,685,108,74,34,577,275,302,665.2843601895734,30.0,35,35,0,700.0,1.3233656258712017,fallback: No module named 'cvxpy',heuristic,680,685,predicted_history_signal_no_proposed_feedback,False,thompson_hotspot,,,
2026,0.19594958397128845,thompson_sampling,Thompson Sampling,50,50,50,2,20,29,10,0.1607669616519174,67.49084334145236,63.06839378551532,30.426235001276215,32.643906256348856,74.5482210660102,29.07998045308961,26.222891418134704,23.76163452619788,98,11,569,678,109,98,11,569,235,334,945.3695017152388,20.04257076283268,39,17,1,900.0,1.2051303317535547,fallback: No module named 'cvxpy',heuristic,680,678,predicted_history_signal_no_proposed_feedback,False,thompson_hotspot,,,
2026,0.19594958397128845,thompson_sampling,Thompson Sampling,50,50,50,3,30,39,10,0.187039764359352,64.43447384713204,63.06839378551532,29.03789040685814,32.60824249525243,72.2613195800731,30.46673964251342,26.339907354790494,26.665913144834587,78,49,552,679,127,78,49,552,49,503,81.75263858073276,0.0,32,17,0,0.0,0.9607255301231306,fallback: No module named 'cvxpy',heuristic,680,679,predicted_history_signal_no_proposed_feedback,False,thompson_hotspot,,,
2026,0.19594958397128845,thompson_sampling,Thompson Sampling,50,50,50,4,40,49,10,0.22647058823529412,59.2987853596862,63.06839378551532,29.22219112491959,27.17605089374972,68.26397026773188,30.49991581218313,32.236760150158325,33.78637671985889,113,41,526,680,154,113,41,526,87,439,243.8524706032852,15.079054141632785,34,18,0,200.0,1.0610745110215178,fallback: No module named 'cvxpy',heuristic,680,680,predicted_history_signal_no_proposed_feedback,False,thompson_hotspot,,,
2026,0.19594958397128845,thompson_sampling,Thompson Sampling,50,50,50,5,50,59,10,0.24563953488372092,58.15048345201414,63.06839378551532,30.220377769048458,31.844393750853058,67.10757624049545,29.174873906650436,27.475745497904768,32.459510258091726,125,44,519,688,169,125,44,519,109,410,489.88548426967,30.0,37,34,3,200.0,2.201815317627494,fallback: No module named 'cvxpy',heuristic,680,688,predicted_history_signal_no_proposed_feedback,False,thompson_hotspot,,,
2026,0.19594958397128845,thompson_sampling,Thompson Sampling,50,50,50,6,60,69,10,0.27662721893491127,57.26415027528082,63.06839378551532,30.52235699460243,29.931295883865165,67.54858028919135,29.263888204440665,29.448116351356045,33.167695393561,139,48,489,676,187,139,48,489,86,403,789.88548426967,30.0,33,40,5,450.0,2.217266517508252,fallback: No module named 'cvxpy',heuristic,680,676,predicted_history_signal_no_proposed_feedback,False,thompson_hotspot,,,
2026,0.19594958397128845,thompson_sampling,Thompson Sampling,50,50,50,7,70,79,10,0.2688953488372093,61.039252625552244,63.06839378551532,30.910063713231985,31.55832967824231,72.00328392965426,28.763874946026966,27.479259498189847,28.224944127993822,94,91,503,688,185,94,91,503,0,503,89.88548426967009,30.0,23,36,0,650.0,2.044619458684723,fallback: No module named 'cvxpy',heuristic,680,688,predicted_history_signal_no_proposed_feedback,False,thompson_hotspot,,,
2026,0.19594958397128845,thompson_sampling,Thompson Sampling,50,50,50,8,80,89,10,0.18914956011730205,66.15923388368435,63.06839378551532,33.817795445926464,33.60857485750457,73.72102358628503,25.20099927158609,25.64117034418225,26.940714199354172,83,46,553,682,129,83,46,553,142,411,389.8854842696701,30.0,20,25,5,600.0,1.629325341037664,fallback: No module named 'cvxpy',heuristic,680,682,predicted_history_signal_no_proposed_feedback,False,thompson_hotspot,,,
2026,0.19594958397128845,thompson_sampling,Thompson Sampling,50,50,50,9,90,99,10,0.0930576070901034,69.24358052054325,63.06839378551532,28.83744845029261,33.09318370884746,73.25086328154438,31.783203731099935,25.830204269612217,25.67087856042805,43,20,614,677,63,43,20,614,400,214,689.8854842696701,30.0,15,18,2,900.0,1.62785475280237,fallback: No module named 'cvxpy',heuristic,680,677,predicted_history_signal_no_proposed_feedback,False,thompson_hotspot,,,
2026,0.2840991239523162,thompson_sampling,Thompson Sampling,100,100,100,0,0,9,10,0.17474302496328928,60.31668948137582,59.44993444224867,29.13441390468895,31.707614334199754,66.47521323931744,30.43687640226867,27.56255065447042,33.79135459144967,22,97,562,681,119,22,97,562,17,545,369.84502088371073,30.0,21,49,1,550.0,1.3379411764705884,fallback: No module named 'cvxpy',heuristic,680,681,predicted_history_signal_no_proposed_feedback,False,thompson_hotspot,,,
2026,0.2840991239523162,thompson_sampling,Thompson Sampling,100,100,100,1,10,19,10,0.19124087591240876,65.587542599614,59.44993444224867,29.969538506640355,31.33404965020489,73.89655166743995,29.162352681431127,28.22223427951081,28.53537106649023,85,46,554,685,131,85,46,554,274,280,669.8450208837107,30.0,36,35,0,700.0,1.1703779434394115,fallback: No module named 'cvxpy',heuristic,680,685,predicted_history_signal_no_proposed_feedback,False,thompson_hotspot,,,
2026,0.2840991239523162,thompson_sampling,Thompson Sampling,100,100,100,2,20,29,10,0.22123893805309736,64.81615873607696,59.44993444224867,30.370497344644185,33.63594227853811,74.45961323462876,29.098317697140583,25.382582823558486,23.79873774521566,127,23,528,678,150,127,23,528,235,293,947.0024985697718,18.578738843030493,39,17,1,900.0,1.0506720610864702,fallback: No module named 'cvxpy',heuristic,680,678,predicted_history_signal_no_proposed_feedback,False,thompson_hotspot,,,
2026,0.2840991239523162,thompson_sampling,Thompson Sampling,100,100,100,3,30,39,10,0.2960235640648012,60.12228004909369,59.44993444224867,30.36150643856018,32.517803118780456,72.3660827580979,29.053989292210627,26.449438839990584,26.547755317776065,141,60,478,679,201,141,60,478,49,429,124.15997625583259,2.0,36,17,1,50.0,0.8868379283298848,fallback: No module named 'cvxpy',heuristic,680,679,predicted_history_signal_no_proposed_feedback,False,thompson_hotspot,,,
2026,0.2840991239523162,thompson_sampling,Thompson Sampling,100,100,100,4,40,49,10,0.2676470588235294,58.18479049064512,59.44993444224867,28.97767255002886,27.47956044361213,69.03034843293008,30.564534017686935,31.636716338536345,33.03826861176479,125,57,498,680,182,125,57,498,109,389,255.1192369329191,22.17441103219755,34,18,5,0.0,1.9827096779262408,fallback: No module named 'cvxpy',heuristic,680,680,predicted_history_signal_no_proposed_feedback,False,thompson_hotspot,,,
2026,0.2840991239523162,thompson_sampling,Thompson Sampling,100,100,100,5,50,59,10,0.3313953488372093,55.476795883393144,59.44993444224867,30.446234065940747,32.77096065222754,67.62045308315886,28.661164212712062,26.427172193784823,31.97824581994472,176,52,460,688,228,176,52,460,128,332,483.53176017441683,8.706352034883366,36,34,0,400.0,0.9589332272813227,fallback: No module named 'cvxpy',heuristic,680,688,predicted_history_signal_no_proposed_feedback,False,thompson_hotspot,,,
2026,0.2840991239523162,thompson_sampling,Thompson Sampling,100,100,100,6,60,69,10,0.3343195266272189,55.658328857662106,59.44993444224867,30.300864536345713,29.883660796702458,68.45552794027012,28.955492727781937,29.560922434729832,31.91962378978381,159,67,450,676,226,159,67,450,148,302,688.6051653972022,30.0,32,40,7,250.0,1.8611145941261993,fallback: No module named 'cvxpy',heuristic,680,676,predicted_history_signal_no_proposed_feedback,False,thompson_hotspot,,,
2026,0.2840991239523162,thompson_sampling,Thompson Sampling,100,100,100,7,70,79,10,0.34738372093023256,57.7272042294224,59.44993444224867,30.614998917137914,30.020211974867227,72.26616817588102,28.484236556057486,28.991449229025964,27.967632722896454,158,81,449,688,239,158,81,449,22,427,876.6051653972022,2.0,30,36,4,800.0,0.9962838732189313,fallback: No module named 'cvxpy',heuristic,680,688,predicted_history_signal_no_proposed_feedback,False,thompson_hotspot,,,
2026,0.2840991239523162,thompson_sampling,Thompson Sampling,100,100,100,8,80,89,10,0.3343108504398827,58.47209139977968,59.44993444224867,29.99243967733612,29.712338697257984,72.81598425965274,29.296970592317685,30.0944554335698,27.758479792859646,161,67,454,682,228,161,67,454,66,388,7.396916341243923,22.1439547170985,30,25,0,800.0,1.9857074026306958,fallback: No module named 'cvxpy',heuristic,680,682,predicted_history_signal_no_proposed_feedback,False,thompson_hotspot,,,
2026,0.2840991239523162,thompson_sampling,Thompson Sampling,100,100,100,9,90,99,10,0.34268833087149186,58.14967657584934,59.44993444224867,29.98101654764064,32.91019365231615,72.47990930144921,29.664065308492493,26.05277502405254,26.351303340885938,178,54,445,677,232,178,54,445,37,408,191.54087105834242,2.0,32,18,2,100.0,0.9483251852269712,fallback: No module named 'cvxpy',heuristic,680,677,predicted_history_signal_no_proposed_feedback,False,thompson_hotspot,,,
2026,0.29695746789899957,thompson_sampling,Thompson Sampling,150,150,150,0,0,9,10,0.20998531571218795,59.09446920606398,59.45224756014081,27.67880692713811,31.733512943195638,66.60062651477764,32.6077010476167,27.482642574435015,33.662599507287865,31,112,538,681,143,31,112,538,17,521,372.15890281390404,30.0,22,49,1,550.0,1.243823529411765,fallback: No module named 'cvxpy',heuristic,680,681,predicted_history_signal_no_proposed_feedback,False,thompson_hotspot,,,
2026,0.29695746789899957,thompson_sampling,Thompson Sampling,150,150,150,1,10,19,10,0.2364963503649635,64.06576937177853,59.45224756014081,29.442235297158522,31.22489795188445,74.62003206270042,29.845392771308493,28.31410097278734,27.92392966887027,112,50,523,685,162,112,50,523,274,249,672.158902813904,30.0,36,35,0,700.0,1.0703110734007482,fallback: No module named 'cvxpy',heuristic,680,685,predicted_history_signal_no_proposed_feedback,False,thompson_hotspot,,,
2026,0.29695746789899957,thompson_sampling,Thompson Sampling,150,150,150,2,20,29,10,0.23156342182890854,64.29007818479836,59.45224756014081,29.04919437445015,33.699903403461704,74.64189677856865,30.71608245559235,25.32180363069356,23.656893430278817,127,30,521,678,157,127,30,521,251,270,888.158902813904,6.0,37,17,4,800.0,0.9132522498713367,fallback: No module named 'cvxpy',heuristic,680,678,predicted_history_signal_no_proposed_feedback,False,thompson_hotspot,,,
2026,0.29695746789899957,thompson_sampling,Thompson Sampling,150,150,150,3,30,39,10,0.33136966126656847,58.26911305129278,59.45224756014081,30.414752904493962,32.612252198268465,71.72992490849926,29.035164980670075,26.278025703469662,27.20198394337842,154,71,454,679,225,154,71,454,0,454,123.77632588531173,26.01912884642961,37,17,2,100.0,1.004805191047807,fallback: No module named 'cvxpy',heuristic,680,679,predicted_history_signal_no_proposed_feedback,False,thompson_hotspot,,,
2026,0.29695746789899957,thompson_sampling,Thompson Sampling,150,150,150,4,40,49,10,0.325,57.09035396929507,59.45224756014081,31.2836068011255,28.239695186050998,69.67498360530219,27.833888397281218,30.858403123398016,32.4286256876555,197,24,459,680,221,197,24,459,156,303,364.89469645875306,10.223674114688265,38,18,2,300.0,0.9761495998785066,fallback: No module named 'cvxpy',heuristic,680,680,predicted_history_signal_no_proposed_feedback,False,thompson_hotspot,,,
2026,0.29695746789899957,thompson_sampling,Thompson Sampling,150,150,150,5,50,59,10,0.3241279069767442,55.74836051416402,59.45224756014081,30.859107597570425,31.28923804085807,67.64379634404729,28.32829303556596,27.80936379309211,31.881014109844816,179,44,465,688,223,179,44,465,194,271,574.6928705735397,29.780298290670814,32,34,3,350.0,2.045342776956562,fallback: No module named 'cvxpy',heuristic,680,688,predicted_history_signal_no_proposed_feedback,False,thompson_hotspot,,,
2026,0.29695746789899957,thompson_sampling,Thompson Sampling,150,150,150,6,60,69,10,0.40976331360946744,52.17451086320672,59.45224756014081,30.91348512694347,28.07040448098247,67.73272931256149,28.225566199674436,32.23513086941748,32.869884453580966,165,112,399,676,277,165,112,399,85,314,874.6928705735397,30.0,28,40,3,550.0,2.0223110329602805,fallback: No module named 'cvxpy',heuristic,680,676,predicted_history_signal_no_proposed_feedback,False,thompson_hotspot,,,
2026,0.29695746789899957,thompson_sampling,Thompson Sampling,150,150,150,7,70,79,10,0.3997093023255814,56.15711756680936,59.45224756014081,32.854168809045994,31.997983833937408,72.0011566332793,26.185361394719255,27.053749201136224,28.201352614257097,117,158,413,688,275,117,158,413,0,413,174.69287057353972,30.0,16,36,6,500.0,1.608487503548516,fallback: No module named 'cvxpy',heuristic,680,688,predicted_history_signal_no_proposed_feedback,False,thompson_hotspot,,,
2026,0.29695746789899957,thompson_sampling,Thompson Sampling,150,150,150,8,80,89,10,0.28885630498533726,63.04999265493693,59.45224756014081,31.689300640843886,33.839274562272635,75.44248412072021,27.477858367080948,25.478813044907877,24.70362861102881,119,78,485,682,197,119,78,485,274,211,474.6928705735397,30.0,18,25,6,600.0,1.3411345623720456,fallback: No module named 'cvxpy',heuristic,680,682,predicted_history_signal_no_proposed_feedback,False,thompson_hotspot,,,
2026,0.29695746789899957,thompson_sampling,Thompson Sampling,150,150,150,9,90,99,10,0.21270310192023634,64.613522306729,59.45224756014081,28.729053626234375,31.90762740552788,73.90883008680134,31.749018920929498,26.877186438298114,25.102961338548692,77,67,533,677,144,77,67,533,346,187,774.6928705735397,30.0,18,18,4,50.0,1.5228992682543983,fallback: No module named 'cvxpy',heuristic,680,677,predicted_history_signal_no_proposed_feedback,False,thompson_hotspot,,,
2026,0.3468979275990708,thompson_sampling,Thompson Sampling,200,200,200,0,0,9,10,0.24082232011747431,58.04264096316143,57.38820155560624,27.338428710065955,31.702310475842385,66.71893053186517,33.514894614052885,27.486063294069584,33.54670215817766,38,126,517,681,164,38,126,517,17,500,374.179442070872,30.0,23,49,1,550.0,1.170294117647059,fallback: No module named 'cvxpy',heuristic,680,681,predicted_history_signal_no_proposed_feedback,False,thompson_hotspot,,,
2026,0.3468979275990708,thompson_sampling,Thompson Sampling,200,200,200,1,10,19,10,0.24671532846715327,63.55011903585606,57.38820155560624,29.46081360755195,31.555292860250017,74.55266447631242,29.970399528678666,27.641635912200606,28.109113039595343,129,40,516,685,169,129,40,516,274,242,674.179442070872,30.0,36,35,0,700.0,0.9941549606019839,fallback: No module named 'cvxpy',heuristic,680,685,predicted_history_signal_no_proposed_feedback,False,thompson_hotspot,,,
2026,0.3468979275990708,thompson_sampling,Thompson Sampling,200,200,200,2,20,29,10,0.2890855457227139,61.486065112652916,57.38820155560624,29.575825110789175,33.798043595193725,74.32185669899071,29.962461338026635,25.249582627339993,23.839769325225323,180,16,482,678,196,180,16,482,251,231,890.179442070872,6.0,37,17,4,800.0,0.8370961370725721,fallback: No module named 'cvxpy',heuristic,680,678,predicted_history_signal_no_proposed_feedback,False,thompson_hotspot,,,
2026,0.3468979275990708,thompson_sampling,Thompson Sampling,200,200,200,3,30,39,10,0.34609720176730485,57.559061466193604,57.38820155560624,29.9572288841756,32.135572692280704,71.78055132190065,29.675678911868363,26.724676925244427,27.041656377811456,156,79,444,679,235,156,79,444,15,429,67.48688742586774,27.328626428181103,37,17,5,800.0,1.8754137841313958,fallback: No module named 'cvxpy',heuristic,680,679,predicted_history_signal_no_proposed_feedback,False,thompson_hotspot,,,
2026,0.3468979275990708,thompson_sampling,Thompson Sampling,200,200,200,4,40,49,10,0.36617647058823527,55.06276794400985,57.38820155560624,31.226915240600814,28.728834288843558,69.11157353294998,27.918222318968766,30.052556515037853,32.95272771581682,201,48,431,680,249,201,48,431,92,339,366.9982513684046,30.0,39,18,4,950.0,1.8325611639934305,fallback: No module named 'cvxpy',heuristic,680,680,predicted_history_signal_no_proposed_feedback,False,thompson_hotspot,,,
2026,0.3468979275990708,thompson_sampling,Thompson Sampling,200,200,200,5,50,59,10,0.376453488372093,53.973257850331265,57.38820155560624,30.097662830193215,31.721214952999652,68.2135741966405,29.792163470077977,27.150885884367614,31.202955304863146,213,46,429,688,259,213,46,429,194,235,666.9982513684047,30.0,32,34,3,350.0,1.969078743809309,fallback: No module named 'cvxpy',heuristic,680,688,predicted_history_signal_no_proposed_feedback,False,thompson_hotspot,,,
2026,0.3468979275990708,thompson_sampling,Thompson Sampling,200,200,200,6,60,69,10,0.46449704142011833,49.771250093254395,57.38820155560624,31.82668516432001,27.966878491952208,67.04241709674679,27.397214947836986,32.18660942507326,33.67121301040204,154,160,362,676,314,154,160,362,72,290,966.9982513684047,30.0,19,40,4,300.0,1.5067258026328387,fallback: No module named 'cvxpy',heuristic,680,676,predicted_history_signal_no_proposed_feedback,False,thompson_hotspot,,,
2026,0.3468979275990708,thompson_sampling,Thompson Sampling,200,200,200,7,70,79,10,0.48691860465116277,53.38584863749254,57.38820155560624,33.56279251346758,32.47716014706848,72.7301494900008,25.442279414215534,26.697448721240637,27.39471365145971,162,173,353,688,335,162,173,353,36,317,266.9982513684047,30.0,18,36,2,750.0,1.694372861456368,fallback: No module named 'cvxpy',heuristic,680,688,predicted_history_signal_no_proposed_feedback,False,thompson_hotspot,,,
2026,0.3468979275990708,thompson_sampling,Thompson Sampling,200,200,200,8,80,89,10,0.2903225806451613,62.9528331551867,57.38820155560624,29.0472672728005,34.07984978444524,76.02265379840122,30.466725804512905,25.060163961328637,23.95957811283895,121,77,484,682,198,121,77,484,339,145,566.9982513684047,30.0,17,25,2,850.0,1.4137846261622506,fallback: No module named 'cvxpy',heuristic,680,682,predicted_history_signal_no_proposed_feedback,False,thompson_hotspot,,,
2026,0.3468979275990708,thompson_sampling,Thompson Sampling,200,200,200,9,90,99,10,0.361890694239291,58.093405822859175,57.38820155560624,31.899655367138404,32.059145318025884,72.91912264133276,26.9448895118011,26.735631049296103,25.67619318353043,165,80,432,677,245,165,80,432,228,204,866.9982513684047,30.0,28,18,0,0.0,1.182019920279897,fallback: No module named 'cvxpy',heuristic,680,677,predicted_history_signal_no_proposed_feedback,False,thompson_hotspot,,,
2026,0.4472663916046602,thompson_sampling,Thompson Sampling,250,250,250,0,0,9,10,0.2834067547723935,56.61726871378297,53.45755784372976,27.085251667365515,31.848382399893044,66.80358077911465,34.100831657926925,27.297308575223063,33.55282672685784,40,153,488,681,193,40,153,488,17,471,376.08384186786947,30.0,23,49,1,550.0,1.108529411764706,fallback: No module named 'cvxpy',heuristic,680,681,predicted_history_signal_no_proposed_feedback,False,thompson_hotspot,,,
2026,0.4472663916046602,thompson_sampling,Thompson Sampling,250,250,250,1,10,19,10,0.29927007299270075,61.863869798810555,53.45755784372976,29.22676121674422,30.922610124532508,75.58005475325417,30.261390690088206,28.69795075913941,26.90301865660525,142,63,480,685,205,142,63,480,274,206,676.0838418678695,30.0,36,35,0,700.0,0.9255027702776519,fallback: No module named 'cvxpy',heuristic,680,685,predicted_history_signal_no_proposed_feedback,False,thompson_hotspot,,,
2026,0.4472663916046602,thompson_sampling,Thompson Sampling,250,250,250,2,20,29,10,0.36430678466076694,59.11468071805548,53.45755784372976,31.703235542203807,33.79205237628219,74.66870582187185,27.353412465774152,25.23914916751861,23.593824448017692,215,32,431,678,247,215,32,431,143,288,976.0838418678695,30.0,42,17,4,650.0,1.9160910055717697,fallback: No module named 'cvxpy',heuristic,680,678,predicted_history_signal_no_proposed_feedback,False,thompson_hotspot,,,
2026,0.4472663916046602,thompson_sampling,Thompson Sampling,250,250,250,3,30,39,10,0.44329896907216493,54.028531990117656,53.45755784372976,30.566989106256894,32.56146815409275,72.27820692694188,28.812443313820953,26.371045959094605,26.685919795570772,219,82,378,679,301,219,82,378,49,329,74.08384186786952,0.0,37,17,0,0.0,0.5193262996894167,fallback: No module named 'cvxpy',heuristic,680,679,predicted_history_signal_no_proposed_feedback,False,thompson_hotspot,,,
2026,0.4472663916046602,thompson_sampling,Thompson Sampling,250,250,250,4,40,49,10,0.4455882352941177,51.04403139748303,53.45755784372976,29.766593261538183,27.203586890612907,68.79084667713606,29.787893391305186,32.14644562211679,33.518803234548145,208,95,377,680,303,208,95,377,68,309,246.08384186786952,16.0,35,18,0,200.0,0.6989851232188283,fallback: No module named 'cvxpy',heuristic,680,680,predicted_history_signal_no_proposed_feedback,False,thompson_hotspot,,,
2026,0.4472663916046602,thompson_sampling,Thompson Sampling,250,250,250,5,50,59,10,0.5,49.99423547967052,53.45755784372976,30.411918657288982,32.97258919659559,68.86939037985984,28.768780338080443,26.202927932462774,30.38856000031986,249,95,344,688,344,249,95,344,109,235,468.0838418678695,10.0,35,34,0,400.0,0.730973358512946,fallback: No module named 'cvxpy',heuristic,680,688,predicted_history_signal_no_proposed_feedback,False,thompson_hotspot,,,
2026,0.4472663916046602,thompson_sampling,Thompson Sampling,250,250,250,6,60,69,10,0.5118343195266272,50.0241095984585,53.45755784372976,30.468084798560973,30.29629259798221,70.56474606756473,28.951504502989764,29.706812657356913,29.00454602596985,276,70,330,676,346,276,70,330,166,164,531.6646325285219,0.0,37,40,1,500.0,0.6532557114541225,fallback: No module named 'cvxpy',heuristic,680,676,predicted_history_signal_no_proposed_feedback,False,thompson_hotspot,,,
2026,0.4472663916046602,thompson_sampling,Thompson Sampling,250,250,250,7,70,79,10,0.4578488372093023,55.15012379911256,53.45755784372976,29.26567570548957,31.30582922340356,76.58301702992745,30.345448387719163,27.480884923830754,23.888714753119533,237,78,373,688,315,237,78,373,228,145,733.6646325285219,30.0,33,36,2,750.0,0.9441300953599804,fallback: No module named 'cvxpy',heuristic,680,688,predicted_history_signal_no_proposed_feedback,False,thompson_hotspot,,,
2026,0.4472663916046602,thompson_sampling,Thompson Sampling,250,250,250,8,80,89,10,0.5733137829912024,48.28631757638987,53.45755784372976,30.50159279504121,27.632031530488256,73.15887412174405,28.857767735512038,32.7037122539383,26.491256916429244,292,99,291,682,391,292,99,291,66,225,9.664632528521906,18.0,36,25,3,950.0,0.9282948012423333,fallback: No module named 'cvxpy',heuristic,680,682,predicted_history_signal_no_proposed_feedback,False,thompson_hotspot,,,
2026,0.4472663916046602,thompson_sampling,Thompson Sampling,250,250,250,9,90,99,10,0.5937961595273265,48.396948867096974,53.45755784372976,30.68393959159332,34.13375254369879,73.18620773606858,28.483691929947224,24.931792911797388,25.938192294162693,314,88,275,677,402,314,88,275,69,206,237.6646325285219,10.0,32,18,5,150.0,0.903024213007039,fallback: No module named 'cvxpy',heuristic,680,677,predicted_history_signal_no_proposed_feedback,False,thompson_hotspot,,,
2026,0.46271906999671747,thompson_sampling,Thompson Sampling,300,300,300,0,0,9,10,0.3054331864904552,55.83506526864211,53.033223413422675,27.31015420285712,31.95541455861536,66.78781225394961,33.78639106998358,27.185870992543478,33.61420554074784,46,162,473,681,208,46,162,473,17,456,376.08384186786947,30.0,23,49,1,550.0,1.108529411764706,fallback: No module named 'cvxpy',heuristic,680,681,predicted_history_signal_no_proposed_feedback,False,thompson_hotspot,,,
2026,0.46271906999671747,thompson_sampling,Thompson Sampling,300,300,300,1,10,19,10,0.3182481751824818,61.2558737173293,53.033223413422675,29.363878088783245,31.204707122448394,75.87925594809478,29.988643820299774,28.529966004859176,26.53896481008889,151,67,467,685,218,151,67,467,274,193,676.0838418678695,30.0,36,35,0,700.0,0.9255027702776519,fallback: No module named 'cvxpy',heuristic,680,685,predicted_history_signal_no_proposed_feedback,False,thompson_hotspot,,,
2026,0.46271906999671747,thompson_sampling,Thompson Sampling,300,300,300,2,20,29,10,0.3407079646017699,59.469670096527665,53.033223413422675,29.385932591138552,33.99717755488514,74.6965040335942,30.013165066346332,25.074423558840884,23.541062981117218,200,31,447,678,231,200,31,447,260,187,834.0838418678695,0.0,36,17,6,750.0,0.7813851232188285,fallback: No module named 'cvxpy',heuristic,680,678,predicted_history_signal_no_proposed_feedback,False,thompson_hotspot,,,
2026,0.46271906999671747,thompson_sampling,Thompson Sampling,300,300,300,3,30,39,10,0.4683357879234168,52.20742647861749,53.033223413422675,30.261939324028127,31.89310909456601,71.10513455947007,28.844957461688313,26.899342766131014,27.62102896212714,222,96,361,679,318,222,96,361,65,296,951.2637032397289,21.30542934033809,35,17,4,750.0,1.8774557114541226,fallback: No module named 'cvxpy',heuristic,680,679,predicted_history_signal_no_proposed_feedback,False,thompson_hotspot,,,
2026,0.46271906999671747,thompson_sampling,Thompson Sampling,300,300,300,4,40,49,10,0.5367647058823529,46.71639793305884,53.033223413422675,30.453328410202378,27.309307622545745,66.63885704705736,29.25971473132571,31.998893146151445,35.69215181485449,257,108,315,680,365,257,108,315,0,315,236.69520280140864,30.0,40,18,5,950.0,1.9792395387295287,fallback: No module named 'cvxpy',heuristic,680,680,predicted_history_signal_no_proposed_feedback,False,thompson_hotspot,,,
2026,0.46271906999671747,thompson_sampling,Thompson Sampling,300,300,300,5,50,59,10,0.5828488372093024,47.31732975951273,53.033223413422675,31.051723084137965,32.46691932192385,69.6099116685724,28.24760649309293,26.721877469780704,29.55494704335021,313,88,287,688,401,313,88,287,104,183,536.6952028014086,30.0,40,34,5,100.0,1.8237668245934628,fallback: No module named 'cvxpy',heuristic,680,688,predicted_history_signal_no_proposed_feedback,False,thompson_hotspot,,,
2026,0.46271906999671747,thompson_sampling,Thompson Sampling,300,300,300,6,60,69,10,0.5887573964497042,45.69327140275455,53.033223413422675,30.044281739375062,29.349572430448216,68.40709097229399,29.6898168930776,30.150806151199323,31.651312915544022,274,124,278,676,398,274,124,278,85,193,836.6952028014086,30.0,30,40,1,500.0,1.8640609422405219,fallback: No module named 'cvxpy',heuristic,680,676,predicted_history_signal_no_proposed_feedback,False,thompson_hotspot,,,
2026,0.46271906999671747,thompson_sampling,Thompson Sampling,300,300,300,7,70,79,10,0.6773255813953488,45.2623090970071,53.033223413422675,32.42337226119316,31.270318820579437,73.45386016816015,26.77142822295686,27.772251147497528,26.646193482215637,227,239,222,688,466,227,239,222,0,222,136.69520280140864,30.0,21,36,1,700.0,1.7590609422405217,fallback: No module named 'cvxpy',heuristic,680,688,predicted_history_signal_no_proposed_feedback,False,thompson_hotspot,,,
2026,0.46271906999671747,thompson_sampling,Thompson Sampling,300,300,300,8,80,89,10,0.49266862170087977,55.658488600834126,53.033223413422675,33.07151150687229,34.50098538783339,77.13407444703209,25.911203734532585,24.67882153030534,22.93013567891844,225,111,346,682,336,225,111,346,181,165,436.69520280140864,30.0,19,25,3,950.0,1.7043550598875805,fallback: No module named 'cvxpy',heuristic,680,682,predicted_history_signal_no_proposed_feedback,False,thompson_hotspot,,,
2026,0.46271906999671747,thompson_sampling,Thompson Sampling,300,300,300,9,90,99,10,0.31610044313146235,61.012510588659644,53.033223413422675,28.87748918086296,33.40790792789278,75.32724395838287,31.065331219693014,25.490577839951253,23.97388234665286,159,55,463,677,214,159,55,463,380,83,736.6952028014086,30.0,17,18,0,0.0,1.2837668245934628,fallback: No module named 'cvxpy',heuristic,680,677,predicted_history_signal_no_proposed_feedback,False,thompson_hotspot,,,
2026,0.5280801926136772,thompson_sampling,Thompson Sampling,350,350,350,0,0,9,10,0.3333333333333333,54.908571068348635,50.22636832975111,27.482541933091746,32.0089045893029,66.91672216854954,33.49104097478014,27.122845491513672,33.46264149055117,56,171,454,681,227,56,171,454,17,437,376.08384186786947,30.0,23,49,1,550.0,1.108529411764706,fallback: No module named 'cvxpy',heuristic,680,681,predicted_history_signal_no_proposed_feedback,False,thompson_hotspot,,,
2026,0.5280801926136772,thompson_sampling,Thompson Sampling,350,350,350,1,10,19,10,0.34306569343065696,60.42373462239142,50.22636832975111,29.410995717972007,30.73709383293865,76.41004723656016,29.917373300421747,29.08564566792664,26.19391161190138,164,71,450,685,235,164,71,450,274,176,676.0838418678695,30.0,36,35,0,700.0,0.9255027702776519,fallback: No module named 'cvxpy',heuristic,680,685,predicted_history_signal_no_proposed_feedback,False,thompson_hotspot,,,
2026,0.5280801926136772,thompson_sampling,Thompson Sampling,350,350,350,2,20,29,10,0.3687315634218289,58.214533878369224,50.22636832975111,29.671649150308863,34.04970961218097,74.70265559262482,29.757395447347875,25.01178527596683,23.494558536882924,232,18,428,678,250,232,18,428,260,168,774.0838418678695,0.0,37,17,2,700.0,0.6590321820423579,fallback: No module named 'cvxpy',heuristic,680,678,predicted_history_signal_no_proposed_feedback,False,thompson_hotspot,,,
2026,0.5280801926136772,thompson_sampling,Thompson Sampling,350,350,350,3,30,39,10,0.4727540500736377,51.78010766196164,50.22636832975111,28.76117115336866,31.957718066568216,71.35745273622868,31.333451647932243,26.845876865749403,27.201819623797213,202,119,358,679,321,202,119,358,106,252,874.0838418678695,0.0,31,17,3,850.0,0.7486910055717695,fallback: No module named 'cvxpy',heuristic,680,679,predicted_history_signal_no_proposed_feedback,False,thompson_hotspot,,,
2026,0.5280801926136772,thompson_sampling,Thompson Sampling,350,350,350,4,40,49,10,0.5794117647058824,44.232109518441575,50.22636832975111,28.452077862097212,28.223936794064386,66.11621492746835,31.38707535859565,30.9063148242515,35.68983383329118,212,182,286,680,394,212,182,286,59,227,55.34551552140192,30.0,27,18,2,300.0,1.1875145349835343,fallback: No module named 'cvxpy',heuristic,680,680,predicted_history_signal_no_proposed_feedback,False,thompson_hotspot,,,
2026,0.5280801926136772,thompson_sampling,Thompson Sampling,350,350,350,5,50,59,10,0.6947674418604651,42.001632527414024,50.22636832975111,30.462253301960516,32.54942145987424,66.48839523931983,28.77335350036111,26.426671478551963,32.56100377514553,299,179,210,688,478,299,179,210,0,210,355.3455155214019,30.0,36,34,1,450.0,1.1498155357045305,fallback: No module named 'cvxpy',heuristic,680,688,predicted_history_signal_no_proposed_feedback,False,thompson_hotspot,,,
2026,0.5280801926136772,thompson_sampling,Thompson Sampling,350,350,350,6,60,69,10,0.5961538461538461,47.457353275906414,50.22636832975111,31.12191127922671,31.23832995119944,71.54854930658551,28.184682679401583,28.137491395895534,27.796634145064566,349,54,273,676,403,349,54,273,166,107,651.6116857717087,26.266170250306832,39,40,5,650.0,1.0712861239398246,fallback: No module named 'cvxpy',heuristic,680,676,predicted_history_signal_no_proposed_feedback,False,thompson_hotspot,,,
2026,0.5280801926136772,thompson_sampling,Thompson Sampling,350,350,350,7,70,79,10,0.7369186046511628,41.869511670769,50.22636832975111,30.47609009733078,29.33316515817904,74.75611486614218,29.036495870203414,29.73541792962557,25.337214903001584,353,154,181,688,507,353,154,181,1,180,949.9567702776036,30.0,35,36,4,600.0,1.924081279085014,fallback: No module named 'cvxpy',heuristic,680,688,predicted_history_signal_no_proposed_feedback,False,thompson_hotspot,,,
2026,0.5280801926136772,thompson_sampling,Thompson Sampling,350,350,350,8,80,89,10,0.7228739002932552,43.11141601074384,50.22636832975111,30.76124995602049,30.850799219322663,75.21884554624127,29.111300551068688,28.942905601939803,24.08138264748652,266,227,189,682,493,266,227,189,30,159,249.95677027760348,30.0,23,25,2,900.0,1.8747620809920564,fallback: No module named 'cvxpy',heuristic,680,682,predicted_history_signal_no_proposed_feedback,False,thompson_hotspot,,,
2026,0.5280801926136772,thompson_sampling,Thompson Sampling,350,350,350,9,90,99,10,0.4327917282127031,58.44459881581101,50.22636832975111,33.394545040486086,33.74020101559788,77.5205056002264,25.575848178797752,25.2833676893191,22.417129454166382,251,42,384,677,293,251,42,384,287,97,549.9567702776035,30.0,21,18,2,50.0,1.7062326692273508,fallback: No module named 'cvxpy',heuristic,680,677,predicted_history_signal_no_proposed_feedback,False,thompson_hotspot,,,
2026,0.5252639031756268,thompson_sampling,Thompson Sampling,400,400,400,0,0,9,10,0.355359765051395,54.07050326417866,50.971789970168764,26.768914023593847,32.0677811663549,66.97206646420157,34.823815118629824,27.060552764018144,33.46204981360739,64,178,439,681,242,64,178,439,17,422,376.08384186786947,30.0,23,49,1,550.0,1.108529411764706,fallback: No module named 'cvxpy',heuristic,680,681,predicted_history_signal_no_proposed_feedback,False,thompson_hotspot,,,
2026,0.5252639031756268,thompson_sampling,Thompson Sampling,400,400,400,1,10,19,10,0.36642335766423356,59.4609969747984,50.971789970168764,29.22386215314048,30.496995514195277,76.80169783236383,30.149315238958213,29.10165177505452,25.75418118538639,201,50,434,685,251,201,50,434,274,160,676.0838418678695,30.0,36,35,0,700.0,0.9255027702776519,fallback: No module named 'cvxpy',heuristic,680,685,predicted_history_signal_no_proposed_feedback,False,thompson_hotspot,,,
2026,0.5252639031756268,thompson_sampling,Thompson Sampling,400,400,400,2,20,29,10,0.4410029498525074,55.46614222169646,50.971789970168764,30.34620452869818,34.03308637951602,74.86541781700336,29.01429015002605,25.039644253727687,23.342408544433244,256,43,379,678,299,256,43,379,237,142,916.0838418678695,10.0,38,17,0,850.0,0.7187380643952991,fallback: No module named 'cvxpy',heuristic,680,678,predicted_history_signal_no_proposed_feedback,False,thompson_hotspot,,,
2026,0.5252639031756268,thompson_sampling,Thompson Sampling,400,400,400,3,30,39,10,0.6097201767304861,46.89159381409212,50.971789970168764,30.070626926073608,32.73576626587233,71.46067533814448,29.145293535206946,26.160450946384753,27.44648619107253,244,170,265,679,414,244,170,265,19,246,137.4004613239831,30.0,34,17,4,750.0,1.7708557114541228,fallback: No module named 'cvxpy',heuristic,680,679,predicted_history_signal_no_proposed_feedback,False,thompson_hotspot,,,
2026,0.5252639031756268,thompson_sampling,Thompson Sampling,400,400,400,4,40,49,10,0.5367647058823529,50.342114417610716,50.971789970168764,31.140985605704053,27.083931526033364,72.88727079912933,28.22018700061861,32.203610373813284,29.415858180956107,342,23,315,680,365,342,23,315,156,159,377.4004613239831,10.0,39,18,2,300.0,0.8452029296905865,fallback: No module named 'cvxpy',heuristic,680,680,predicted_history_signal_no_proposed_feedback,False,thompson_hotspot,,,
2026,0.5252639031756268,thompson_sampling,Thompson Sampling,400,400,400,5,50,59,10,0.5813953488372093,47.55686685526061,50.971789970168764,30.255931719495752,32.36642433612805,71.16091366964001,29.034210043667983,26.594374392478183,27.524195915989715,342,58,288,688,400,342,58,288,194,94,605.1598549358271,30.0,31,34,5,100.0,1.6408499885141161,fallback: No module named 'cvxpy',heuristic,680,688,predicted_history_signal_no_proposed_feedback,False,thompson_hotspot,,,
2026,0.5252639031756268,thompson_sampling,Thompson Sampling,400,400,400,6,60,69,10,0.7041420118343196,40.99777409990134,50.971789970168764,30.919236364310255,27.140060788167144,68.44263956277909,28.252460471888114,33.437265273142664,30.99088812620565,293,183,200,676,476,293,183,200,85,115,905.1598549358271,30.0,25,40,3,400.0,1.6979980709363662,fallback: No module named 'cvxpy',heuristic,680,676,predicted_history_signal_no_proposed_feedback,False,thompson_hotspot,,,
2026,0.5252639031756268,thompson_sampling,Thompson Sampling,400,400,400,7,70,79,10,0.7674418604651163,42.115900246082916,50.971789970168764,33.630179811635905,32.11077300218018,72.84421364421925,25.416864579897755,27.025620964800794,27.32653662660288,241,287,160,688,528,241,287,160,0,160,205.15985493582707,30.0,17,36,4,600.0,1.5944686591716604,fallback: No module named 'cvxpy',heuristic,680,688,predicted_history_signal_no_proposed_feedback,False,thompson_hotspot,,,
2026,0.5252639031756268,thompson_sampling,Thompson Sampling,400,400,400,8,80,89,10,0.4413489736070381,57.52492785507535,50.971789970168764,29.93893438649926,34.49414511846781,77.97952216494654,29.817843598494147,24.711591250923018,22.003298435518975,189,112,381,682,301,189,112,381,304,77,505.15985493582707,30.0,15,25,5,700.0,1.357998070936366,fallback: No module named 'cvxpy',heuristic,680,682,predicted_history_signal_no_proposed_feedback,False,thompson_hotspot,,,
2026,0.5252639031756268,thompson_sampling,Thompson Sampling,400,400,400,9,90,99,10,0.44903988183161003,55.3169083037139,50.971789970168764,30.932304410255266,32.108866093318035,74.81532316518027,28.064409580140104,26.679082145417375,24.14366437112109,185,119,373,677,304,185,119,373,298,75,805.1598549358271,30.0,21,18,3,100.0,1.4394686591716601,fallback: No module named 'cvxpy',heuristic,680,677,predicted_history_signal_no_proposed_feedback,False,thompson_hotspot,,,
