seed,average_chr,average_local_rsu_chr,method,method_label,rsu_cache_capacity,mrsu_cache_capacity,frsu_cache_capacity,round,physical_tick_start,physical_tick_end,decision_interval_ticks,chr,local_rsu_chr,round_delay_ms,average_delay_ms,latency_scope,latency_request_count,excluded_not_covered_request_count,mrsu_average_delay_ms,frsu_average_delay_ms,mbs_average_delay_ms,mrsu_average_rate_mbps,frsu_average_rate_mbps,mbs_average_rate_mbps,average_service_distance_m,mrsu_average_distance_m,frsu_average_distance_m,mbs_average_distance_m,mrsu_latency_request_count,frsu_latency_request_count,mbs_latency_request_count,request_count,hit_count,mrsu_hit_count,frsu_hit_count,mbs_miss_count,not_covered_count,not_cached_count,mrsu_position,mrsu_speed,mrsu_covered_count,frsu_covered_count,selected_hotspot_id,selected_hotspot_position,lambda_smooth,path_plan_status,path_plan_solver,decision_request_count,evaluation_request_count,decision_request_source,uses_proposed_miss_feedback,decision_policy,fallback_to_topk,fallback_reason,solver_status
7,0.13711286015998211,0.18747490967482938,cp_sat,CP-SAT,50,50,50,0,0,9,10,0.11869436201780416,0.20565552699228792,62.91902549063415,60.72339957376017,rsu_covered_requests_only,389,285,24.91867750719158,33.3002627132574,71.07556127024361,36.20665537869772,25.635314316609303,27.182835858320622,241.84209693230216,50.769281597139084,166.12303142874384,268.1653743991421,18,62,309,674,80,18,62,594,285,309,359.34346924671735,30.0,16,25,0,750.0,1.7023529411764704,fallback: No module named 'cvxpy',heuristic,680,674,predicted_history_signal_no_proposed_feedback,False,cp_sat,False,,OPTIMAL
7,0.13711286015998211,0.18747490967482938,cp_sat,CP-SAT,50,50,50,1,10,19,10,0.06323529411764706,0.27741935483870966,47.33740371952187,60.72339957376017,rsu_covered_requests_only,155,525,32.63515460566779,23.179266365111435,54.3328583958132,26.194737225422493,38.42105264388313,57.88385960740958,53.9887551355487,155.127991863577,24.728220456754986,33.78705123558384,27,16,112,680,43,27,16,637,525,112,659.3434692467174,30.0,12,12,6,200.0,2.063441725273385,fallback: No module named 'cvxpy',heuristic,680,680,predicted_history_signal_no_proposed_feedback,False,cp_sat,False,,OPTIMAL
7,0.13711286015998211,0.18747490967482938,cp_sat,CP-SAT,50,50,50,2,20,29,10,0.12081513828238719,0.162426614481409,60.355086018156925,60.72339957376017,rsu_covered_requests_only,511,176,33.6110275678625,31.82155530538088,65.79647540924528,25.38799225175493,26.980755628642697,32.979596377279755,177.47449000755907,171.68661704550553,134.34466117545196,183.91900581111915,22,61,428,687,83,22,61,604,176,428,959.3434692467174,30.0,20,29,6,250.0,1.7252064311557378,fallback: No module named 'cvxpy',heuristic,680,687,predicted_history_signal_no_proposed_feedback,False,cp_sat,False,,OPTIMAL
7,0.13711286015998211,0.18747490967482938,cp_sat,CP-SAT,50,50,50,3,30,39,10,0.1819526627218935,0.19158878504672897,55.32258955593344,60.72339957376017,rsu_covered_requests_only,642,34,29.33272711017401,29.4318454891482,61.46465758742045,29.93256435902417,30.9721535998122,45.404978424558344,128.48279176363502,95.95558725436624,113.24781712406818,133.15958027326351,32,91,519,676,123,32,91,553,34,519,259.3434692467174,30.0,21,43,2,350.0,1.4137358429204439,fallback: No module named 'cvxpy',heuristic,680,676,predicted_history_signal_no_proposed_feedback,False,cp_sat,False,,OPTIMAL
7,0.13711286015998211,0.18747490967482938,cp_sat,CP-SAT,50,50,50,4,40,49,10,0.20411160058737152,0.26325757575757575,53.811572118132744,60.72339957376017,rsu_covered_requests_only,528,153,28.648159735755392,29.426692099723297,62.61299563117516,30.918951277899723,30.719733621075086,43.17369908405408,137.6512895762802,88.24208518745048,111.41687761431277,149.6468528911784,44,95,389,681,139,44,95,542,153,389,559.3434692467174,30.0,32,38,7,700.0,1.5375593723322085,fallback: No module named 'cvxpy',heuristic,680,681,predicted_history_signal_no_proposed_feedback,False,cp_sat,False,,OPTIMAL
7,0.13711286015998211,0.18747490967482938,cp_sat,CP-SAT,50,50,50,5,50,59,10,0.18421052631578946,0.19626168224299065,66.02432061337444,60.72339957376017,rsu_covered_requests_only,642,42,30.37680793235432,33.877474239765014,74.22012802568592,29.64273268586317,25.360258377199507,25.874195201769844,284.63541725926643,124.29458637009435,180.5377218340612,315.61353650779,51,75,516,684,126,51,75,558,42,516,859.3434692467174,30.0,43,31,5,550.0,2.2157946664498556,fallback: No module named 'cvxpy',heuristic,680,684,predicted_history_signal_no_proposed_feedback,False,cp_sat,False,,OPTIMAL
7,0.13711286015998211,0.18747490967482938,cp_sat,CP-SAT,50,50,50,6,60,69,10,0.11641791044776119,0.11641791044776119,70.81318396462606,60.72339957376017,rsu_covered_requests_only,670,0,30.916369268950657,33.55702301148728,75.98064759876787,28.842233416731336,25.793406020491215,24.810992062685333,321.2534045513239,133.36448051131202,174.73381696322716,344.61142709538234,58,20,592,670,78,58,20,592,0,592,159.3434692467174,30.0,39,17,1,800.0,2.118441725273385,fallback: No module named 'cvxpy',heuristic,680,670,predicted_history_signal_no_proposed_feedback,False,cp_sat,False,,OPTIMAL
7,0.13711286015998211,0.18747490967482938,cp_sat,CP-SAT,50,50,50,7,70,79,10,0.11014492753623188,0.17633410672853828,62.36640938783688,60.72339957376017,rsu_covered_requests_only,431,259,32.06787290886804,32.08548434894009,68.85151717239938,26.964853254369515,26.851592989213092,29.627738282558564,218.10454079234768,145.76397981363888,142.72062869659882,233.82300026993062,49,27,355,690,76,49,27,614,259,355,459.3434692467174,30.0,26,19,2,100.0,2.131677019391032,fallback: No module named 'cvxpy',heuristic,680,690,predicted_history_signal_no_proposed_feedback,False,cp_sat,False,,OPTIMAL
7,0.13711286015998211,0.18747490967482938,cp_sat,CP-SAT,50,50,50,8,80,89,10,0.09763313609467456,0.2,56.09174033532822,60.72339957376017,rsu_covered_requests_only,330,346,33.77587100599928,28.07061670789525,62.57836176054063,25.278380510937648,31.839113156179017,41.09088883767165,139.57062773090678,178.72811357654552,86.94301010624243,144.3834318215908,24,42,264,676,66,24,42,610,346,264,759.3434692467174,30.0,21,23,7,950.0,1.6040299605675026,fallback: No module named 'cvxpy',heuristic,680,676,predicted_history_signal_no_proposed_feedback,False,cp_sat,False,,OPTIMAL
7,0.13711286015998211,0.18747490967482938,cp_sat,CP-SAT,50,50,50,9,90,99,10,0.17391304347826086,0.17543859649122806,59.5284690184608,60.72339957376017,rsu_covered_requests_only,684,6,32.3285184010985,31.052662640567366,65.53964595884388,27.088518461242572,28.14401721033306,34.460816020928476,173.00712300570467,154.2474221283175,125.37153920514088,182.0671877480468,21,99,564,690,120,21,99,570,6,564,59.343469246717405,30.0,17,35,7,100.0,1.4105005488027968,fallback: No module named 'cvxpy',heuristic,680,690,predicted_history_signal_no_proposed_feedback,False,cp_sat,False,,OPTIMAL
7,0.22036657376189908,0.30170854271356784,cp_sat,CP-SAT,100,100,100,0,0,9,10,0.1661721068249258,0.2879177377892031,59.520128134107225,56.73321045589326,rsu_covered_requests_only,389,285,25.660082004356365,33.65777979188934,71.16088128796012,35.491403615198756,25.33386408249655,27.09455546577971,230.47155246471092,63.789365499870065,174.12788235981762,269.5848024394615,41,71,277,674,112,41,71,562,285,277,361.5616537281098,30.0,16,25,1,800.0,1.6291176470588233,fallback: No module named 'cvxpy',heuristic,680,674,predicted_history_signal_no_proposed_feedback,False,cp_sat,False,,OPTIMAL
7,0.22036657376189908,0.30170854271356784,cp_sat,CP-SAT,100,100,100,1,10,19,10,0.08823529411764706,0.3870967741935484,45.53494351412429,56.73321045589326,rsu_covered_requests_only,155,525,32.70178776754241,23.984708661178313,54.37416433144878,26.124322858094196,37.1077200604618,57.854759166284786,75.10204878695033,156.23969572378178,31.197011455261475,34.38712939682691,52,8,95,680,60,52,8,620,525,95,661.5616537281098,30.0,12,12,7,100.0,1.8011463207416925,fallback: No module named 'cvxpy',heuristic,680,680,predicted_history_signal_no_proposed_feedback,False,cp_sat,False,,OPTIMAL
7,0.22036657376189908,0.30170854271356784,cp_sat,CP-SAT,100,100,100,2,20,29,10,0.22852983988355166,0.30724070450097846,55.57319428606879,56.73321045589326,rsu_covered_requests_only,511,176,33.941844325622945,31.64444615032269,65.79627215836858,25.09677791304657,27.165578538158545,32.98371388766044,173.36549690678945,178.64858771456827,131.47187552922236,183.9493834185332,60,97,354,687,157,60,97,530,176,354,961.5616537281098,30.0,20,29,7,350.0,1.7229110266240455,fallback: No module named 'cvxpy',heuristic,680,687,predicted_history_signal_no_proposed_feedback,False,cp_sat,False,,OPTIMAL
7,0.22036657376189908,0.30170854271356784,cp_sat,CP-SAT,100,100,100,3,30,39,10,0.3076923076923077,0.32398753894080995,51.09507137420835,56.73321045589326,rsu_covered_requests_only,642,34,29.231543305161335,29.33384944855039,61.53384189557338,30.112225902853226,31.09744353704242,45.6088181854127,126.30775013309845,95.55675855495687,111.42349037495849,134.9035918439122,40,168,434,676,208,40,168,468,34,434,261.56165372810983,30.0,21,43,6,500.0,1.4882051442711042,fallback: No module named 'cvxpy',heuristic,680,676,predicted_history_signal_no_proposed_feedback,False,cp_sat,False,,OPTIMAL
7,0.22036657376189908,0.30170854271356784,cp_sat,CP-SAT,100,100,100,4,40,49,10,0.3186490455212922,0.4109848484848485,48.98738558309845,56.73321045589326,rsu_covered_requests_only,528,153,29.333323652452588,29.739534153610293,62.50115160326895,29.83439335876154,30.551104860594684,43.697892843081505,133.4005162018715,95.02722294237655,118.14312569619051,148.80331850404792,64,153,311,681,217,64,153,464,153,311,561.5616537281098,30.0,32,38,7,700.0,1.3920286736828689,fallback: No module named 'cvxpy',heuristic,680,681,predicted_history_signal_no_proposed_feedback,False,cp_sat,False,,OPTIMAL
7,0.22036657376189908,0.30170854271356784,cp_sat,CP-SAT,100,100,100,5,50,59,10,0.3084795321637427,0.32866043613707163,60.52585739943269,56.73321045589326,rsu_covered_requests_only,642,42,29.65123994656695,33.72697193031769,74.62896867621538,30.295212905138307,25.525687033430362,25.65364716086564,263.78153593227137,111.46510998981043,177.71739181793492,321.90165592821086,104,107,431,684,211,104,107,473,42,431,861.5616537281098,30.0,43,31,7,500.0,2.018499261918163,fallback: No module named 'cvxpy',heuristic,680,684,predicted_history_signal_no_proposed_feedback,False,cp_sat,False,,OPTIMAL
7,0.22036657376189908,0.30170854271356784,cp_sat,CP-SAT,100,100,100,6,60,69,10,0.18955223880597014,0.18955223880597014,67.63245100612708,56.73321045589326,rsu_covered_requests_only,670,0,30.85103889449728,33.63496185045252,76.05565917319625,29.087039798272652,25.792554278524307,24.85880664026058,307.9317695800112,133.31707033330227,177.75910833293545,345.907083529081,92,35,543,670,127,92,35,543,0,543,161.56165372810983,30.0,39,17,2,800.0,1.9670286736828688,fallback: No module named 'cvxpy',heuristic,680,670,predicted_history_signal_no_proposed_feedback,False,cp_sat,False,,OPTIMAL
7,0.22036657376189908,0.30170854271356784,cp_sat,CP-SAT,100,100,100,7,70,79,10,0.16376811594202897,0.2665094339622642,59.111479363439436,56.73321045589326,rsu_covered_requests_only,424,266,32.497881647219614,32.10377883932714,68.84853399607975,26.502847103265825,26.829295272404075,29.673475520309136,211.3544406207634,153.06440381871278,143.3671220125924,234.18637018460942,60,53,311,690,113,60,53,577,266,311,461.56165372810983,30.0,25,19,7,800.0,1.6932051442711042,fallback: No module named 'cvxpy',heuristic,680,690,predicted_history_signal_no_proposed_feedback,False,cp_sat,False,,OPTIMAL
7,0.22036657376189908,0.30170854271356784,cp_sat,CP-SAT,100,100,100,8,80,89,10,0.17751479289940827,0.36363636363636365,51.05645265962511,56.73321045589326,rsu_covered_requests_only,330,346,33.63169950043595,28.19381379678816,62.77429364510487,25.40088032154518,31.55419272536091,40.647499526790696,139.04785433989085,175.5455526881435,86.83936524984075,146.91593502567306,52,68,210,676,120,52,68,556,346,210,761.5616537281098,30.0,21,23,7,950.0,1.4805580854475746,fallback: No module named 'cvxpy',heuristic,680,676,predicted_history_signal_no_proposed_feedback,False,cp_sat,False,,OPTIMAL
7,0.22036657376189908,0.30170854271356784,cp_sat,CP-SAT,100,100,100,9,90,99,10,0.25507246376811593,0.2573099415204678,56.852279220171795,56.73321045589326,rsu_covered_requests_only,684,6,32.5118725322561,30.80519402576505,65.77903771924137,26.879185933349838,28.492373201805286,34.036662309488825,170.63970297100005,157.07268261977146,122.08982896371866,185.4630790915827,29,147,508,690,176,29,147,514,6,508,61.56165372810983,30.0,17,35,7,100.0,1.2914404383887512,fallback: No module named 'cvxpy',heuristic,680,690,predicted_history_signal_no_proposed_feedback,False,cp_sat,False,,OPTIMAL
7,0.29455607078107743,0.3722871452420701,cp_sat,CP-SAT,150,150,150,0,0,9,10,0.22551928783382788,0.390745501285347,54.782606858500515,54.3096695341342,rsu_covered_requests_only,389,285,25.581384439815945,34.0904807938296,71.0334851674166,36.47578716107789,24.978473906799714,27.1006102618097,210.4841425717833,69.18744443280234,184.13171691145394,267.6400215426616,83,69,237,674,152,83,69,522,285,237,367.3412204234122,30.0,16,25,0,750.0,1.4170588235294117,fallback: No module named 'cvxpy',heuristic,680,674,predicted_history_signal_no_proposed_feedback,False,cp_sat,False,,OPTIMAL
7,0.29455607078107743,0.3722871452420701,cp_sat,CP-SAT,150,150,150,1,10,19,10,0.1,0.43870967741935485,44.577183298537896,54.3096695341342,rsu_covered_requests_only,155,525,32.83734459401351,24.49415787924847,54.42444006763,26.005114531078803,36.51170286028845,57.41418144087615,83.67272550437657,159.21018102606482,37.61399826952974,34.415556582778215,61,7,87,680,68,61,7,612,525,87,667.3412204234122,30.0,12,12,7,100.0,1.7201034722730937,fallback: No module named 'cvxpy',heuristic,680,680,predicted_history_signal_no_proposed_feedback,False,cp_sat,False,,OPTIMAL
7,0.29455607078107743,0.3722871452420701,cp_sat,CP-SAT,150,150,150,2,20,29,10,0.28820960698689957,0.3829787234042553,52.96059707001347,54.3096695341342,rsu_covered_requests_only,517,170,33.83444368156092,31.567239650899374,65.64222600546495,25.190868341633525,27.241807481809904,33.14599870266311,169.24867067389567,176.1871162416272,129.93958591050676,181.4693798755787,84,114,319,687,198,84,114,489,170,319,967.3412204234122,30.0,19,29,7,350.0,1.6418681781554463,fallback: No module named 'cvxpy',heuristic,680,687,predicted_history_signal_no_proposed_feedback,False,cp_sat,False,,OPTIMAL
7,0.29455607078107743,0.3722871452420701,cp_sat,CP-SAT,150,150,150,3,30,39,10,0.386094674556213,0.40654205607476634,48.07403650285134,54.3096695341342,rsu_covered_requests_only,642,34,29.067521975167086,28.342142146913588,61.40077257653745,30.087679648849313,32.855525365863045,45.66000918525858,118.78123878654341,90.72928171238144,103.55416667176401,132.5784942140911,100,161,381,676,261,100,161,415,34,381,267.3412204234123,30.0,22,43,6,500.0,1.4012799428613287,fallback: No module named 'cvxpy',heuristic,680,676,predicted_history_signal_no_proposed_feedback,False,cp_sat,False,,OPTIMAL
7,0.29455607078107743,0.3722871452420701,cp_sat,CP-SAT,150,150,150,4,40,49,10,0.36123348017621143,0.4659090909090909,47.17170662424149,54.3096695341342,rsu_covered_requests_only,528,153,28.588304669302257,31.798381223943725,62.32411712542374,31.08863197939958,27.8856116541362,44.32882662346993,130.96694100123034,90.680342132118,148.5124112274129,147.03829169605018,153,93,282,681,246,153,93,435,153,282,527.3412204234123,14.0,31,38,0,450.0,0.8315740605083876,fallback: No module named 'cvxpy',heuristic,680,681,predicted_history_signal_no_proposed_feedback,False,cp_sat,False,,OPTIMAL
7,0.29455607078107743,0.3722871452420701,cp_sat,CP-SAT,150,150,150,5,50,59,10,0.34502923976608185,0.45124282982791586,52.81313441009415,54.3096695341342,rsu_covered_requests_only,523,161,29.240916678932937,33.68059854806776,71.16011942515343,30.20930998616395,25.527719506873847,28.31259841037853,202.56286884791214,99.09529977069415,177.10171968444575,269.4336568897313,169,67,287,684,236,169,67,448,161,287,800.0,28.83005707777761,37,31,4,800.0,1.0573975899201522,fallback: No module named 'cvxpy',heuristic,680,684,predicted_history_signal_no_proposed_feedback,False,cp_sat,False,,OPTIMAL
7,0.29455607078107743,0.3722871452420701,cp_sat,CP-SAT,150,150,150,6,60,69,10,0.2537313432835821,0.2537313432835821,64.55101447437526,54.3096695341342,rsu_covered_requests_only,670,0,30.92407060410364,32.60171756466686,75.8298318698958,28.063744262336503,27.23613828144284,24.863950664613878,289.12596044478516,120.84208420371208,165.536626119977,342.2305805104536,124,46,500,670,170,124,46,500,0,500,89.14893617021266,22.765957446808507,40,17,7,50.0,1.1058823529411763,fallback: No module named 'cvxpy',heuristic,680,670,predicted_history_signal_no_proposed_feedback,False,cp_sat,False,,OPTIMAL
7,0.29455607078107743,0.3722871452420701,cp_sat,CP-SAT,150,150,150,7,70,79,10,0.30579710144927535,0.33868378812199035,58.5979015078918,54.3096695341342,rsu_covered_requests_only,623,67,30.047319367231005,32.58217059525216,73.01049347373332,29.53523284104024,26.28262255028126,26.670736158531998,237.71451077907432,115.75275837097236,148.3469929545775,297.48568986224643,177,34,412,690,211,177,34,479,67,412,142.97872340425516,0.0,37,19,2,100.0,0.6935181476846058,fallback: No module named 'cvxpy',heuristic,680,690,predicted_history_signal_no_proposed_feedback,False,cp_sat,False,,OPTIMAL
7,0.29455607078107743,0.3722871452420701,cp_sat,CP-SAT,150,150,150,8,80,89,10,0.2973372781065089,0.3059360730593607,57.18131106342406,54.3096695341342,rsu_covered_requests_only,657,19,30.96581941314284,28.627515842842907,69.27524899453813,28.14904870152662,30.980825663739502,30.854861801058014,200.30118342145826,124.53065420325213,90.51343848131853,241.53294663124436,96,105,456,676,201,96,105,475,19,456,150.0,0.0,37,23,2,150.0,0.6944217772215271,fallback: No module named 'cvxpy',heuristic,680,676,predicted_history_signal_no_proposed_feedback,False,cp_sat,False,,OPTIMAL
7,0.29455607078107743,0.3722871452420701,cp_sat,CP-SAT,150,150,150,9,90,99,10,0.3826086956521739,0.38427947598253276,53.082455253658665,54.3096695341342,rsu_covered_requests_only,687,3,32.92102468586791,31.176865497560396,66.246862145971,26.190183972011592,28.19798195978577,33.42531609081272,173.8846036814138,160.2866898491733,129.9597501518201,192.48022483753272,123,141,423,690,264,123,141,426,3,423,150.0,0.0,30,35,6,150.0,0.7573529411764706,fallback: No module named 'cvxpy',heuristic,680,690,predicted_history_signal_no_proposed_feedback,False,cp_sat,False,,OPTIMAL
7,0.373485132110586,0.4717121127805602,cp_sat,CP-SAT,200,200,200,0,0,9,10,0.26706231454005935,0.46272493573264784,51.64204785439202,50.29470010315639,rsu_covered_requests_only,389,285,25.620068115882503,34.38756832960314,70.78124085085854,36.46810481023638,24.732537669038766,27.311997724476704,198.62476322474924,71.29549550110882,190.92341532987209,263.64050697408766,102,78,209,674,180,102,78,494,285,209,369.6584938704028,30.0,16,25,0,750.0,1.3435294117647059,fallback: No module named 'cvxpy',heuristic,680,674,predicted_history_signal_no_proposed_feedback,False,cp_sat,False,,OPTIMAL
7,0.373485132110586,0.4717121127805602,cp_sat,CP-SAT,200,200,200,1,10,19,10,0.11176470588235295,0.49032258064516127,43.67131333432306,50.29470010315639,rsu_covered_requests_only,155,525,32.851559311496985,23.655279571738784,54.42941643500731,25.995504309261673,37.06438621587082,57.504964963200976,93.31832222519853,159.61991605422597,24.463494166997748,34.66703279045927,73,3,79,680,76,73,3,604,525,79,669.6584938704028,30.0,12,12,7,800.0,1.2991498403214174,fallback: No module named 'cvxpy',heuristic,680,680,predicted_history_signal_no_proposed_feedback,False,cp_sat,False,,OPTIMAL
7,0.373485132110586,0.4717121127805602,cp_sat,CP-SAT,200,200,200,2,20,29,10,0.35807860262008734,0.4758220502901354,49.582158136099274,50.29470010315639,rsu_covered_requests_only,517,170,33.702758269875396,31.477144945120887,65.10536908050123,25.297180868967267,27.320439198578022,33.684202301468,161.2805016683604,173.12089753449476,128.02200707769325,172.99863018717636,111,135,271,687,246,111,135,441,170,271,969.6584938704028,30.0,19,29,7,250.0,1.475032193262594,fallback: No module named 'cvxpy',heuristic,680,687,predicted_history_signal_no_proposed_feedback,False,cp_sat,False,,OPTIMAL
7,0.373485132110586,0.4717121127805602,cp_sat,CP-SAT,200,200,200,3,30,39,10,0.44970414201183434,0.4735202492211838,45.87504570818107,50.29470010315639,rsu_covered_requests_only,642,34,29.068799023389047,27.884360416066144,61.62499357830598,30.023955662152918,33.45272846100156,45.435734271335825,116.3061649063278,89.63049879096985,97.43605208868239,136.1185831080522,123,181,338,676,304,123,181,372,34,338,269.6584938704027,30.0,22,43,6,500.0,1.3247380756155351,fallback: No module named 'cvxpy',heuristic,680,676,predicted_history_signal_no_proposed_feedback,False,cp_sat,False,,OPTIMAL
7,0.373485132110586,0.4717121127805602,cp_sat,CP-SAT,200,200,200,4,40,49,10,0.41409691629955947,0.5340909090909091,44.84398982541744,50.29470010315639,rsu_covered_requests_only,528,153,28.711128100647716,32.48206501073116,62.05012115036885,30.835840293014073,27.371130444070218,44.95700480908611,127.00888840282173,91.61827356924061,162.37711536361823,143.41706186762724,198,84,246,681,282,198,84,399,153,246,529.6584938704027,14.0,31,38,0,450.0,0.7550321932625941,fallback: No module named 'cvxpy',heuristic,680,681,predicted_history_signal_no_proposed_feedback,False,cp_sat,False,,OPTIMAL
7,0.373485132110586,0.4717121127805602,cp_sat,CP-SAT,200,200,200,5,50,59,10,0.39473684210526316,0.5162523900573613,49.78747386545892,50.29470010315639,rsu_covered_requests_only,523,161,29.327795866866786,34.21534135012977,70.84917837253148,30.018716175198318,24.87593542789956,28.60407500102127,185.8745326510606,99.42681015448183,184.81347797924263,264.6311269636529,230,40,253,684,270,230,40,414,161,253,803.3743604550416,30.0,37,31,6,850.0,1.0605616050273,fallback: No module named 'cvxpy',heuristic,680,684,predicted_history_signal_no_proposed_feedback,False,cp_sat,False,,OPTIMAL
7,0.373485132110586,0.4717121127805602,cp_sat,CP-SAT,200,200,200,6,60,69,10,0.44477611940298506,0.44477611940298506,55.81961947167514,50.29470010315639,rsu_covered_requests_only,670,0,31.21550850203727,32.261708727253726,75.39718306943566,27.703812294395455,27.483747320402976,25.76464031979177,244.54550304610018,124.77382951263417,157.13801576182783,336.4026050871238,251,47,372,670,298,251,47,372,0,372,91.7341302762859,22.239846547496164,40,17,7,50.0,1.0309074490555048,fallback: No module named 'cvxpy',heuristic,680,670,predicted_history_signal_no_proposed_feedback,False,cp_sat,False,,OPTIMAL
7,0.373485132110586,0.4717121127805602,cp_sat,CP-SAT,200,200,200,7,70,79,10,0.39855072463768115,0.44141252006420545,53.8851824379173,50.29470010315639,rsu_covered_requests_only,623,67,29.61648256653778,32.110191687164225,72.8050644387415,30.043060723935383,27.03043627776829,26.896645261689347,214.5607467303398,109.06734851867753,145.45765975993072,294.1602677174719,239,36,348,690,275,239,36,415,67,348,142.93336301376675,0.0,37,19,2,100.0,0.6166279835820047,fallback: No module named 'cvxpy',heuristic,680,690,predicted_history_signal_no_proposed_feedback,False,cp_sat,False,,OPTIMAL
7,0.373485132110586,0.4717121127805602,cp_sat,CP-SAT,200,200,200,8,80,89,10,0.44970414201183434,0.4627092846270928,50.76457336922175,50.29470010315639,rsu_covered_requests_only,657,19,30.54865927198211,29.18062285614853,68.4920999178314,28.690813984551028,30.232310242225108,32.209156447872374,176.08731676981606,118.94377646907358,97.58499805631564,230.26028017285253,222,82,353,676,304,222,82,372,19,353,150.0,0.0,37,23,2,150.0,0.620951333964456,fallback: No module named 'cvxpy',heuristic,680,676,predicted_history_signal_no_proposed_feedback,False,cp_sat,False,,OPTIMAL
7,0.373485132110586,0.4717121127805602,cp_sat,CP-SAT,200,200,200,9,90,99,10,0.4463768115942029,0.4483260553129549,51.17430728536098,50.29470010315639,rsu_covered_requests_only,687,3,33.07877155288512,31.545202100394267,66.51519227122809,26.01158999948576,27.746278852079787,33.21334103740302,175.2201277873709,162.65807571957347,135.3615285646517,196.73640731297596,151,157,379,690,308,151,157,382,3,379,150.0,0.0,30,35,6,150.0,0.6838235294117646,fallback: No module named 'cvxpy',heuristic,680,690,predicted_history_signal_no_proposed_feedback,False,cp_sat,False,,OPTIMAL
7,0.41343357315752727,0.5332449327524152,cp_sat,CP-SAT,250,250,250,0,0,9,10,0.3026706231454006,0.5244215938303342,49.073189960042164,47.70428018897578,rsu_covered_requests_only,389,285,25.53934368631572,34.505920749902984,70.51650332721286,36.73328177842077,24.636121852256615,27.602755910707167,190.10340243580936,71.5554625746562,193.6783633326665,259.4350238475947,111,93,185,674,204,111,93,470,285,185,371.496062992126,30.0,16,25,0,750.0,1.27,fallback: No module named 'cvxpy',heuristic,680,674,predicted_history_signal_no_proposed_feedback,False,cp_sat,False,,OPTIMAL
7,0.41343357315752727,0.5332449327524152,cp_sat,CP-SAT,250,250,250,1,10,19,10,0.12205882352941176,0.535483870967742,42.69786685783953,47.70428018897578,rsu_covered_requests_only,155,525,32.84315520721555,22.832268722965154,54.33623963520468,26.00488019737017,38.43015606798365,57.88846178679009,99.31074835175889,159.50526223733564,18.341088510859038,33.84107744828785,81,2,72,680,83,81,2,597,525,72,671.496062992126,30.0,12,12,7,800.0,1.2967610004631773,fallback: No module named 'cvxpy',heuristic,680,680,predicted_history_signal_no_proposed_feedback,False,cp_sat,False,,OPTIMAL
7,0.41343357315752727,0.5332449327524152,cp_sat,CP-SAT,250,250,250,2,20,29,10,0.4148471615720524,0.5512572533849129,47.21917079465337,47.70428018897578,rsu_covered_requests_only,517,170,33.72376115219371,31.39547186488994,65.44344317059657,25.2811701139124,27.41045845839599,33.282674882177524,160.8425084745643,173.64033501538094,126.81460636839304,178.2219866382423,121,164,232,687,285,121,164,402,170,232,971.496062992126,30.0,19,29,7,250.0,1.472643353404354,fallback: No module named 'cvxpy',heuristic,680,687,predicted_history_signal_no_proposed_feedback,False,cp_sat,False,,OPTIMAL
7,0.41343357315752727,0.5332449327524152,cp_sat,CP-SAT,250,250,250,3,30,39,10,0.5,0.5264797507788161,44.124352033338646,47.70428018897578,rsu_covered_requests_only,642,34,29.905055481694532,27.40281484040048,61.67071719705165,29.829795599677304,34.02836994173171,45.06120626768985,115.79337566696046,109.73291833456835,90.19614811273375,136.09170821681448,127,211,304,676,338,127,211,338,34,304,224.0157480314956,12.503937007873901,18,43,7,150.0,0.8658786475220008,fallback: No module named 'cvxpy',heuristic,680,676,predicted_history_signal_no_proposed_feedback,False,cp_sat,False,,OPTIMAL
7,0.41343357315752727,0.5332449327524152,cp_sat,CP-SAT,250,250,250,4,40,49,10,0.4390602055800294,0.5662878787878788,44.39787936722785,47.70428018897578,rsu_covered_requests_only,528,153,29.073995124394266,33.64747921540983,62.22902182437435,30.332870899541,25.944377476216886,44.40850699278639,135.16663900780165,96.52266876107372,180.9842993907662,145.42091571144863,190,109,229,681,299,190,109,382,153,229,483.12300324532566,30.0,28,38,7,700.0,1.2878971746178793,fallback: No module named 'cvxpy',heuristic,680,681,predicted_history_signal_no_proposed_feedback,False,cp_sat,False,,OPTIMAL
7,0.41343357315752727,0.5332449327524152,cp_sat,CP-SAT,250,250,250,5,50,59,10,0.40497076023391815,0.5687885010266941,46.59222591194569,47.70428018897578,rsu_covered_requests_only,487,197,28.778474785685063,34.26132513435605,69.25392996345388,30.64667552464407,24.818430994374495,29.72236989199452,161.49160793686374,90.7147950253612,186.06074842424252,240.32068730696847,245,32,210,684,277,245,32,407,197,210,783.1230032453257,30.0,34,31,6,800.0,1.0266459781340176,fallback: No module named 'cvxpy',heuristic,680,684,predicted_history_signal_no_proposed_feedback,False,cp_sat,False,,OPTIMAL
7,0.41343357315752727,0.5332449327524152,cp_sat,CP-SAT,250,250,250,6,60,69,10,0.49701492537313435,0.5076219512195121,52.591561491375614,47.70428018897578,rsu_covered_requests_only,656,14,30.683267488054785,31.008511897333545,75.1378529054149,28.47823057327637,29.0797681064577,26.05048104607592,225.35661017510438,118.68688293971806,139.32118423322325,332.77347431641533,293,40,323,670,333,293,40,337,14,323,73.09353993006994,23.093539930069884,40,17,7,50.0,1.0572342134281354,fallback: No module named 'cvxpy',heuristic,680,670,predicted_history_signal_no_proposed_feedback,False,cp_sat,False,,OPTIMAL
7,0.41343357315752727,0.5332449327524152,cp_sat,CP-SAT,250,250,250,7,70,79,10,0.43623188405797103,0.5041876046901173,50.960962065781715,47.70428018897578,rsu_covered_requests_only,597,93,29.922864965187078,31.229793615448656,72.19989694591627,29.342342179668165,28.201007502043776,27.24518505923468,197.38489587223677,108.40213522078646,135.5841438108056,284.6566548433039,266,35,296,690,301,266,35,389,93,296,177.43876041958038,0.0,35,19,2,100.0,0.6026254569144385,fallback: No module named 'cvxpy',heuristic,680,690,predicted_history_signal_no_proposed_feedback,False,cp_sat,False,,OPTIMAL
7,0.41343357315752727,0.5332449327524152,cp_sat,CP-SAT,250,250,250,8,80,89,10,0.5044378698224852,0.5222052067381318,48.59501611616126,47.70428018897578,rsu_covered_requests_only,653,23,29.927822580685767,30.30343219328838,68.92747649457854,29.66222890484646,28.96324417241399,31.562956088874845,172.28708878277266,112.74885137441441,115.46038363276347,236.8552621329839,283,58,312,676,341,283,58,335,23,312,209.12247916083925,0.0,40,23,0,200.0,0.5028590232192515,fallback: No module named 'cvxpy',heuristic,680,676,predicted_history_signal_no_proposed_feedback,False,cp_sat,False,,OPTIMAL
7,0.41343357315752727,0.5332449327524152,cp_sat,CP-SAT,250,250,250,9,90,99,10,0.5130434782608696,0.5404580152671755,46.70887177627655,47.70428018897578,rsu_covered_requests_only,655,35,30.269631907998228,32.735977905005434,64.93656016090962,28.809333301081455,26.338133008682572,34.75945353845129,148.2077283908943,110.81766934853292,154.9681286438939,172.3797180790079,219,135,301,690,354,219,135,336,35,301,273.12247916083925,0.0,30,35,3,250.0,0.6354937182673794,fallback: No module named 'cvxpy',heuristic,680,690,predicted_history_signal_no_proposed_feedback,False,cp_sat,False,,OPTIMAL
7,0.45499660519886154,0.5868535707520364,cp_sat,CP-SAT,300,300,300,0,0,9,10,0.3293768545994065,0.570694087403599,47.16736147929309,45.720470742806334,rsu_covered_requests_only,389,285,25.353893617925873,34.580130828292916,70.58496571268503,36.9631130082797,24.573808920077603,27.54473655779944,183.9485753515146,68.71759285367762,195.3488939827579,260.54448373763864,121,101,167,674,222,121,101,452,285,167,371.53257593322513,30.0,16,25,0,750.0,1.268529411764706,fallback: No module named 'cvxpy',heuristic,680,674,predicted_history_signal_no_proposed_feedback,False,cp_sat,False,,OPTIMAL
7,0.45499660519886154,0.5868535707520364,cp_sat,CP-SAT,300,300,300,1,10,19,10,0.1338235294117647,0.5870967741935483,41.59549765071316,45.720470742806334,rsu_covered_requests_only,155,525,32.80269610359475,22.832268722965154,54.40933820616683,26.03622857883633,38.43015606798365,57.73826601561243,105.568817822634,158.4866474043307,18.341088510859038,34.70582760157997,89,2,64,680,91,89,2,589,525,64,671.5325759332252,30.0,12,12,7,800.0,1.2967135336397486,fallback: No module named 'cvxpy',heuristic,680,680,predicted_history_signal_no_proposed_feedback,False,cp_sat,False,,OPTIMAL
7,0.45499660519886154,0.5868535707520364,cp_sat,CP-SAT,300,300,300,2,20,29,10,0.45997088791848617,0.6112185686653772,45.176015455833955,45.720470742806334,rsu_covered_requests_only,517,170,33.729417627592596,31.420957234077818,65.2389397571122,25.27427004921733,27.389882561300585,33.50566741711794,158.0942080258509,173.7015063563677,127.40185707215335,175.0197333925935,136,180,201,687,316,136,180,371,170,201,971.5325759332252,30.0,19,29,7,250.0,1.4725958865809248,fallback: No module named 'cvxpy',heuristic,680,687,predicted_history_signal_no_proposed_feedback,False,cp_sat,False,,OPTIMAL
7,0.45499660519886154,0.5868535707520364,cp_sat,CP-SAT,300,300,300,3,30,39,10,0.5636094674556213,0.5934579439252337,41.87461824558249,45.720470742806334,rsu_covered_requests_only,642,34,29.81659736182813,27.321455687512557,61.80917964498252,30.039253754880765,34.21457650998571,44.39078943508634,113.32181968425093,109.46901898292764,90.02517233897572,137.12341220658212,137,244,261,676,381,137,244,295,34,261,223.86969626709924,12.46742406677481,18,43,7,150.0,0.8658311806985719,fallback: No module named 'cvxpy',heuristic,680,676,predicted_history_signal_no_proposed_feedback,False,cp_sat,False,,OPTIMAL
7,0.45499660519886154,0.5868535707520364,cp_sat,CP-SAT,300,300,300,4,40,49,10,0.47577092511013214,0.6136363636363636,42.8405608352656,45.720470742806334,rsu_covered_requests_only,528,153,29.089960714185434,33.97251953524103,61.855524062449,30.306452948373423,25.503393909782954,45.09100395547705,133.39621448463146,96.56986844693378,185.8450012106937,140.24557943605484,206,118,204,681,324,206,118,357,153,204,482.7875196495473,30.0,28,38,7,700.0,1.2880870419115946,fallback: No module named 'cvxpy',heuristic,680,681,predicted_history_signal_no_proposed_feedback,False,cp_sat,False,,OPTIMAL
7,0.45499660519886154,0.5868535707520364,cp_sat,CP-SAT,300,300,300,5,50,59,10,0.43128654970760233,0.6057494866529775,45.21437178056851,45.720470742806334,rsu_covered_requests_only,487,197,28.876377285676057,34.3157866736051,69.35379082642105,30.546168245575856,24.77394893217788,29.413530522513142,157.83202800983574,92.46272678354887,187.31309220918936,241.47281674568396,261,34,192,684,295,261,34,389,197,192,782.7875196495472,30.0,34,31,6,800.0,1.0270821068085296,fallback: No module named 'cvxpy',heuristic,680,684,predicted_history_signal_no_proposed_feedback,False,cp_sat,False,,OPTIMAL
7,0.45499660519886154,0.5868535707520364,cp_sat,CP-SAT,300,300,300,6,60,69,10,0.5522388059701493,0.5640243902439024,50.094049811607775,45.720470742806334,rsu_covered_requests_only,656,14,30.71579321429491,30.972803822179724,75.12068768512977,28.423882266210295,29.010110015022036,26.184795023446256,213.48166542438523,118.87376801721402,136.68600711507622,332.8870310326229,322,48,286,670,370,322,48,300,14,286,73.4305836282208,23.43058362822078,40,17,7,50.0,1.0576703421026474,fallback: No module named 'cvxpy',heuristic,680,670,predicted_history_signal_no_proposed_feedback,False,cp_sat,False,,OPTIMAL
7,0.45499660519886154,0.5868535707520364,cp_sat,CP-SAT,300,300,300,7,70,79,10,0.4797101449275362,0.5544388609715243,48.8636296097351,45.720470742806334,rsu_covered_requests_only,597,93,29.95437744220153,31.144589439825268,72.21905893133768,29.303216708186433,28.395684754408304,27.184834431871934,189.13249570193173,108.97364926695985,136.94643621070367,284.7777569018178,292,39,266,690,331,292,39,359,93,266,175.4164982306752,0.0,35,19,2,100.0,0.6021873001068423,fallback: No module named 'cvxpy',heuristic,680,690,predicted_history_signal_no_proposed_feedback,False,cp_sat,False,,OPTIMAL
7,0.45499660519886154,0.5868535707520364,cp_sat,CP-SAT,300,300,300,8,80,89,10,0.5488165680473372,0.5681470137825421,46.732437727431744,45.720470742806334,rsu_covered_requests_only,653,23,29.804061699595596,31.276099517403967,68.69547770997258,29.97408755812744,27.837916057500493,31.894446536279098,166.0563459550549,111.91920421445539,130.64522926381986,233.36146690487726,312,59,282,676,371,312,59,305,23,282,211.4164982306752,0.0,40,23,0,200.0,0.5054879640648281,fallback: No module named 'cvxpy',heuristic,680,676,predicted_history_signal_no_proposed_feedback,False,cp_sat,False,,OPTIMAL
7,0.45499660519886154,0.5868535707520364,cp_sat,CP-SAT,300,300,300,9,90,99,10,0.5753623188405798,0.6061068702290077,44.48041805807997,45.720470742806334,rsu_covered_requests_only,655,35,30.32108567020012,32.851775465760056,64.84594107215791,28.81809040747022,26.195128229608777,34.52685562442682,145.09861913720044,112.71935162045605,156.56150158387825,170.28256277848453,252,145,258,690,397,252,145,293,35,258,269.75050530797444,0.0,30,35,3,250.0,0.6325114934765927,fallback: No module named 'cvxpy',heuristic,680,690,predicted_history_signal_no_proposed_feedback,False,cp_sat,False,,OPTIMAL
7,0.49379078831153417,0.6368630422428491,cp_sat,CP-SAT,350,350,350,0,0,9,10,0.3516320474777448,0.609254498714653,45.63702432505226,43.8690492946915,rsu_covered_requests_only,389,285,25.347876081937358,34.600466070891265,70.4543799491009,36.9516724176069,24.55671681569977,27.686091528160414,179.36867293871427,68.5026413048109,195.80569903802274,258.4299034065785,125,112,152,674,237,125,112,437,285,152,371.53257593322513,30.0,16,25,0,750.0,1.268529411764706,fallback: No module named 'cvxpy',heuristic,680,674,predicted_history_signal_no_proposed_feedback,False,cp_sat,False,,OPTIMAL
7,0.49379078831153417,0.6368630422428491,cp_sat,CP-SAT,350,350,350,1,10,19,10,0.1426470588235294,0.6258064516129033,40.862390733214724,43.8690492946915,rsu_covered_requests_only,155,525,32.850752007564395,22.832268722965154,54.6066307842023,25.993537112916783,38.43015606798365,56.99389297317718,111.6540609455699,159.51962686730545,18.341088510859038,36.471253743924066,95,2,58,680,97,95,2,583,525,58,671.5325759332252,30.0,12,12,7,800.0,1.2967135336397486,fallback: No module named 'cvxpy',heuristic,680,680,predicted_history_signal_no_proposed_feedback,False,cp_sat,False,,OPTIMAL
7,0.49379078831153417,0.6368630422428491,cp_sat,CP-SAT,350,350,350,2,20,29,10,0.4963609898107715,0.6595744680851063,43.66166365708026,43.8690492946915,rsu_covered_requests_only,517,170,33.77360063119369,31.45754618689864,65.41218761931576,25.23717116444057,27.360496067255244,33.35451908574921,158.04453065481403,174.68551967546014,128.24396796292606,177.78548765100086,144,197,176,687,341,144,197,346,170,176,971.5325759332252,30.0,19,29,7,250.0,1.4725958865809248,fallback: No module named 'cvxpy',heuristic,680,687,predicted_history_signal_no_proposed_feedback,False,cp_sat,False,,OPTIMAL
7,0.49379078831153417,0.6368630422428491,cp_sat,CP-SAT,350,350,350,3,30,39,10,0.6079881656804734,0.6401869158878505,40.31293667554065,43.8690492946915,rsu_covered_requests_only,642,34,29.85934682719318,27.46115893353572,61.68411241267204,29.94869553201674,34.03656652099697,44.565535673641165,111.53335743043976,109.68111047352586,92.04422124748649,135.21440904361782,144,267,231,676,411,144,267,265,34,231,223.86969626709924,12.46742406677481,18,43,7,150.0,0.8658311806985719,fallback: No module named 'cvxpy',heuristic,680,676,predicted_history_signal_no_proposed_feedback,False,cp_sat,False,,OPTIMAL
7,0.49379078831153417,0.6368630422428491,cp_sat,CP-SAT,350,350,350,4,40,49,10,0.5139500734214391,0.6628787878787878,41.327709690559125,43.8690492946915,rsu_covered_requests_only,528,153,29.041744859541833,34.37082506856013,61.83299005772667,30.36378491275884,24.906542201972247,45.49971048413831,132.98629702854822,95.85818080158234,191.11450080703725,140.702980392439,228,122,178,681,350,228,122,331,153,178,482.7875196495473,30.0,28,38,7,700.0,1.2880870419115946,fallback: No module named 'cvxpy',heuristic,680,681,predicted_history_signal_no_proposed_feedback,False,cp_sat,False,,OPTIMAL
7,0.49379078831153417,0.6368630422428491,cp_sat,CP-SAT,350,350,350,5,50,59,10,0.4502923976608187,0.6324435318275154,43.891020786055186,43.8690492946915,rsu_covered_requests_only,487,197,28.789183035711705,34.24360001686063,69.05357256602599,30.64716018975247,24.831189095849712,29.773763639258494,149.85628052934723,91.03012775945683,185.5855518420599,236.81414981926883,281,27,179,684,308,281,27,376,197,179,782.7875196495472,30.0,34,31,7,850.0,1.1111997538673533,fallback: No module named 'cvxpy',heuristic,680,684,predicted_history_signal_no_proposed_feedback,False,cp_sat,False,,OPTIMAL
7,0.49379078831153417,0.6368630422428491,cp_sat,CP-SAT,350,350,350,6,60,69,10,0.6194029850746269,0.6326219512195121,47.11004042871197,43.8690492946915,rsu_covered_requests_only,656,14,30.6869753990901,30.272785961780517,75.4918211925889,28.44589421958073,29.840767239762258,25.711548154389128,199.82324930789798,118.23382622653591,125.54066415871145,338.5307478173043,356,59,241,670,415,356,59,255,14,241,73.4305836282208,23.43058362822078,40,17,7,50.0,1.0576703421026474,fallback: No module named 'cvxpy',heuristic,680,670,predicted_history_signal_no_proposed_feedback,False,cp_sat,False,,OPTIMAL
7,0.49379078831153417,0.6368630422428491,cp_sat,CP-SAT,350,350,350,7,70,79,10,0.5362318840579711,0.6197654941373534,46.06782063972322,43.8690492946915,rsu_covered_requests_only,597,93,29.80186059422625,31.493799176692992,72.20794525518819,29.482942337564758,27.990317594919844,27.257880291037935,177.29367494518107,106.73079843595897,142.35108006671788,284.46217814727015,320,50,227,690,370,320,50,320,93,227,175.4164982306752,0.0,35,19,2,100.0,0.6021873001068423,fallback: No module named 'cvxpy',heuristic,680,690,predicted_history_signal_no_proposed_feedback,False,cp_sat,False,,OPTIMAL
7,0.49379078831153417,0.6368630422428491,cp_sat,CP-SAT,350,350,350,8,80,89,10,0.599112426035503,0.6202143950995406,44.936854722922966,43.8690492946915,rsu_covered_requests_only,653,23,29.8870074565938,31.518447565661866,69.09320946438649,29.869318142348842,27.607629720907152,31.3324410958155,163.19260305622862,113.14650074985897,135.3354972214267,239.19492426550028,341,64,248,676,405,341,64,271,23,248,211.4164982306752,0.0,40,23,0,200.0,0.5054879640648281,fallback: No module named 'cvxpy',heuristic,680,676,predicted_history_signal_no_proposed_feedback,False,cp_sat,False,,OPTIMAL
7,0.49379078831153417,0.6368630422428491,cp_sat,CP-SAT,350,350,350,9,90,99,10,0.6202898550724638,0.6534351145038167,42.89748599623297,43.8690492946915,rsu_covered_requests_only,655,35,30.327998837251283,32.996101674583265,64.83371982197909,28.813049315302568,26.064263263636093,34.36997592238999,143.26483155412606,112.81847158642057,159.52802220827988,169.80496139068583,278,150,227,690,428,278,150,262,35,227,269.75050530797444,0.0,30,35,3,250.0,0.6325114934765927,fallback: No module named 'cvxpy',heuristic,680,690,predicted_history_signal_no_proposed_feedback,False,cp_sat,False,,OPTIMAL
7,0.526258198667114,0.6787270316347793,cp_sat,CP-SAT,400,400,400,0,0,9,10,0.37091988130563797,0.6426735218508998,44.14203214416191,42.27590202224525,rsu_covered_requests_only,389,285,25.237032825256097,34.75862919061428,70.40325114014017,37.07370078147019,24.42334675676499,27.69803833669036,173.45829771862157,66.69125710736598,199.34534777660707,257.6442538854537,137,113,139,674,250,137,113,424,285,139,371.53257593322513,30.0,16,25,0,750.0,1.268529411764706,fallback: No module named 'cvxpy',heuristic,680,674,predicted_history_signal_no_proposed_feedback,False,cp_sat,False,,OPTIMAL
7,0.526258198667114,0.6787270316347793,cp_sat,CP-SAT,400,400,400,1,10,19,10,0.1514705882352941,0.6645161290322581,40.00201661434446,42.27590202224525,rsu_covered_requests_only,155,525,32.752415287738444,0.0,54.36180385742945,26.08167493573754,0.0,57.92296484735496,116.08385796257872,157.42878966203668,0.0,34.18908940403701,103,0,52,680,103,103,0,577,525,52,671.5325759332252,30.0,12,12,7,800.0,1.2967135336397486,fallback: No module named 'cvxpy',heuristic,680,680,predicted_history_signal_no_proposed_feedback,False,cp_sat,False,,OPTIMAL
7,0.526258198667114,0.6787270316347793,cp_sat,CP-SAT,400,400,400,2,20,29,10,0.5211062590975255,0.6924564796905223,42.56559228621569,42.27590202224525,rsu_covered_requests_only,517,170,33.80365744849933,31.431360273758322,65.36726454973207,25.211587979501065,27.39020831831797,33.3883090820646,156.93167147544557,175.34431745091325,127.87504467053898,176.97533772412268,152,206,159,687,358,152,206,329,170,159,971.5325759332252,30.0,19,29,7,250.0,1.4725958865809248,fallback: No module named 'cvxpy',heuristic,680,687,predicted_history_signal_no_proposed_feedback,False,cp_sat,False,,OPTIMAL
7,0.526258198667114,0.6787270316347793,cp_sat,CP-SAT,400,400,400,3,30,39,10,0.6597633136094675,0.6947040498442367,38.54158917475816,42.27590202224525,rsu_covered_requests_only,642,34,29.899217958924147,27.462936727097365,61.88667492415966,29.87328485329789,34.04546086617277,43.885982574578726,110.15259987084718,109.99961916229095,92.22841040122896,137.33886104069634,150,296,196,676,446,150,296,230,34,196,223.86969626709924,12.46742406677481,18,43,7,150.0,0.8658311806985719,fallback: No module named 'cvxpy',heuristic,680,676,predicted_history_signal_no_proposed_feedback,False,cp_sat,False,,OPTIMAL
7,0.526258198667114,0.6787270316347793,cp_sat,CP-SAT,400,400,400,4,40,49,10,0.5477239353891337,0.7064393939393939,39.89433828542443,42.27590202224525,rsu_covered_requests_only,528,153,28.982556782755218,34.7736742736044,61.33330824785071,30.443163844140884,24.410585783983265,45.94711616189089,131.21989877262033,95.16489532879275,197.586749810798,132.74310558790427,244,129,155,681,373,244,129,308,153,155,482.7875196495473,30.0,28,38,7,700.0,1.2880870419115946,fallback: No module named 'cvxpy',heuristic,680,681,predicted_history_signal_no_proposed_feedback,False,cp_sat,False,,OPTIMAL
7,0.526258198667114,0.6787270316347793,cp_sat,CP-SAT,400,400,400,5,50,59,10,0.4605263157894737,0.6468172484599589,43.01874413429575,42.27590202224525,rsu_covered_requests_only,487,197,28.71332354836467,34.33352587372666,68.79284212463638,30.757474886705417,24.742120705433443,30.047764625732942,143.09840427372282,90.14749523307074,187.1123761517809,232.74371180780528,302,13,172,684,315,302,13,369,197,172,782.7875196495472,30.0,34,31,7,850.0,1.1111997538673533,fallback: No module named 'cvxpy',heuristic,680,684,predicted_history_signal_no_proposed_feedback,False,cp_sat,False,,OPTIMAL
7,0.526258198667114,0.6787270316347793,cp_sat,CP-SAT,400,400,400,6,60,69,10,0.6656716417910448,0.6798780487804879,44.90046723961299,42.27590202224525,rsu_covered_requests_only,656,14,30.66008345964266,29.85958781168363,75.37685486052854,28.489285353438465,30.378431872520174,25.76176729879803,188.24898996370004,118.02057866030783,119.81253409288345,336.8802383442991,385,61,210,670,446,385,61,224,14,210,73.4305836282208,23.43058362822078,40,17,7,50.0,1.0576703421026474,fallback: No module named 'cvxpy',heuristic,680,670,predicted_history_signal_no_proposed_feedback,False,cp_sat,False,,OPTIMAL
7,0.526258198667114,0.6787270316347793,cp_sat,CP-SAT,400,400,400,7,70,79,10,0.5869565217391305,0.678391959798995,43.6680425040507,42.27590202224525,rsu_covered_requests_only,597,93,29.79139774504026,31.539718063396624,72.45648078804207,29.484206302399812,27.913156104714897,27.180481230112076,168.18109996887407,106.45620835928713,142.55547729630106,288.4171408450249,352,53,192,690,405,352,53,285,93,192,175.4164982306752,0.0,35,19,2,100.0,0.6021873001068423,fallback: No module named 'cvxpy',heuristic,680,690,predicted_history_signal_no_proposed_feedback,False,cp_sat,False,,OPTIMAL
7,0.526258198667114,0.6787270316347793,cp_sat,CP-SAT,400,400,400,8,80,89,10,0.6375739644970414,0.6600306278713629,43.449518352228615,42.27590202224525,rsu_covered_requests_only,653,23,29.961590582612335,31.859454243511127,69.12260415876325,29.78222395451002,27.241446757140668,31.228618626939667,159.41687798069617,114.400882050211,141.22675377040693,239.5625624078465,371,60,222,676,431,371,60,245,23,222,211.4164982306752,0.0,40,23,0,200.0,0.5054879640648281,fallback: No module named 'cvxpy',heuristic,680,676,predicted_history_signal_no_proposed_feedback,False,cp_sat,False,,OPTIMAL
7,0.526258198667114,0.6787270316347793,cp_sat,CP-SAT,400,400,400,9,90,99,10,0.6608695652173913,0.6961832061068702,41.43726695839118,42.27590202224525,rsu_covered_requests_only,655,35,30.299403744193754,33.191405375320016,64.6775753482766,28.832602281216253,25.781911818527398,34.688213315499716,140.9580214302728,112.0901199036529,162.11551906168845,167.64031001483104,299,157,199,690,456,299,157,234,35,199,269.75050530797444,0.0,30,35,3,250.0,0.6325114934765927,fallback: No module named 'cvxpy',heuristic,680,690,predicted_history_signal_no_proposed_feedback,False,cp_sat,False,,OPTIMAL
42,0.12930779616678578,0.1750996015936255,cp_sat,CP-SAT,50,50,50,0,0,9,10,0.060382916053019146,0.17982456140350878,59.042805656633334,62.84729406159402,rsu_covered_requests_only,228,451,33.67028982046363,30.16181169718752,65.28119261770766,25.2614078836442,28.70490635183375,34.94696006478649,168.71599842348894,175.06839074717612,109.00853491382287,180.04063331509076,5,36,187,679,41,5,36,638,451,187,364.05053598774884,30.0,4,17,7,550.0,1.5364705882352943,fallback: No module named 'cvxpy',heuristic,680,679,predicted_history_signal_no_proposed_feedback,False,cp_sat,False,,OPTIMAL
42,0.12930779616678578,0.1750996015936255,cp_sat,CP-SAT,50,50,50,1,10,19,10,0.06567164179104477,0.28205128205128205,58.80832096500982,62.84729406159402,rsu_covered_requests_only,156,514,28.07778657712966,34.568420628070754,69.54813283907305,31.018987924130485,24.56387106119227,27.196608373414755,215.95688307521874,75.30843553082576,199.26408408634364,245.75645249643642,21,23,112,670,44,21,23,626,514,112,664.0505359877488,30.0,13,13,0,0.0,1.697322538510044,fallback: No module named 'cvxpy',heuristic,680,670,predicted_history_signal_no_proposed_feedback,False,cp_sat,False,,OPTIMAL
42,0.12930779616678578,0.1750996015936255,cp_sat,CP-SAT,50,50,50,2,20,29,10,0.07851851851851852,0.11181434599156118,67.93115559397049,62.84729406159402,rsu_covered_requests_only,474,201,29.976506411622168,32.090674776676714,72.55864099946415,29.122197075234897,26.77308947249316,26.470882766131737,272.8704282782529,107.50806248352971,142.00472432176224,291.229823841135,23,30,421,675,53,23,30,622,201,421,961.0309284979608,26.98039251021193,20,13,7,950.0,1.3246754796865146,fallback: No module named 'cvxpy',heuristic,680,675,predicted_history_signal_no_proposed_feedback,False,cp_sat,False,,OPTIMAL
42,0.12930779616678578,0.1750996015936255,cp_sat,CP-SAT,50,50,50,3,30,39,10,0.17271407837445574,0.17271407837445574,59.38249236100797,62.84729406159402,rsu_covered_requests_only,689,0,29.711334868951543,29.139404996123076,65.6512477156466,29.885063038483136,29.89612895735089,36.14399540615308,170.4076112279057,108.8250650440689,89.9405999090385,185.7159856417107,45,74,570,689,119,45,74,570,0,570,257.8175026505553,26.786574152594596,40,33,0,250.0,1.2447774400114746,fallback: No module named 'cvxpy',heuristic,680,689,predicted_history_signal_no_proposed_feedback,False,cp_sat,False,,OPTIMAL
42,0.12930779616678578,0.1750996015936255,cp_sat,CP-SAT,50,50,50,4,40,49,10,0.1943620178041543,0.21405228758169934,54.80081992345205,62.84729406159402,rsu_covered_requests_only,612,62,31.254185450104348,28.769020708294452,61.61156171373877,27.87891239824964,30.907259487426447,40.768746470814094,122.45452212220313,130.49648053090937,93.72895261480947,126.15016265858394,54,77,481,674,131,54,77,543,62,481,385.8175026505553,0.0,39,40,3,300.0,0.9474843053778075,fallback: No module named 'cvxpy',heuristic,680,674,predicted_history_signal_no_proposed_feedback,False,cp_sat,False,,OPTIMAL
42,0.12930779616678578,0.1750996015936255,cp_sat,CP-SAT,50,50,50,5,50,59,10,0.20950965824665677,0.23898305084745763,57.883878825288384,62.84729406159402,rsu_covered_requests_only,590,83,33.43046313805583,31.905756436378073,65.86863431537923,25.668401930507496,27.390672856219037,33.36505456065291,179.63379148839206,170.06653882734292,145.37748482077524,187.58701528749904,51,90,449,673,141,51,90,532,83,449,401.8175026505553,0.0,36,42,5,400.0,0.9302019524366311,fallback: No module named 'cvxpy',heuristic,680,673,predicted_history_signal_no_proposed_feedback,False,cp_sat,False,,OPTIMAL
42,0.12930779616678578,0.1750996015936255,cp_sat,CP-SAT,50,50,50,6,60,69,10,0.12099125364431487,0.23055555555555557,59.01262537156587,62.84729406159402,rsu_covered_requests_only,360,326,28.97828594774742,33.22482181072646,67.2149008491905,30.542468626331353,25.97528216269159,33.00144991779754,196.42478120845513,94.52834904648024,170.5141494709055,212.6924427513208,31,52,277,686,83,31,52,603,326,277,582.0542441299159,30.0,18,29,0,650.0,1.1976372465542782,fallback: No module named 'cvxpy',heuristic,680,686,predicted_history_signal_no_proposed_feedback,False,cp_sat,False,,OPTIMAL
42,0.12930779616678578,0.1750996015936255,cp_sat,CP-SAT,50,50,50,7,70,79,10,0.141399416909621,0.16695352839931152,70.94978402962613,62.84729406159402,rsu_covered_requests_only,581,105,29.462541635016283,33.77188448171065,78.98836436853033,29.825046287912116,25.265599168064437,22.008864280864824,344.16016965553706,99.34391407712822,174.92804076157037,388.38345243216503,66,31,484,686,97,66,31,589,105,484,882.0542441299159,30.0,40,16,7,0.0,1.4918588943958153,fallback: No module named 'cvxpy',heuristic,680,686,predicted_history_signal_no_proposed_feedback,False,cp_sat,False,,OPTIMAL
42,0.12930779616678578,0.1750996015936255,cp_sat,CP-SAT,50,50,50,8,80,89,10,0.11403508771929824,0.11981566820276497,69.95875887566885,62.84729406159402,rsu_covered_requests_only,651,33,30.972512328246577,31.04908067240229,75.26191201479348,28.15426254182951,28.734939164230273,24.71360184788399,308.5005586131322,123.97848565065203,132.78117759213737,333.1732350961521,49,29,573,684,78,49,29,606,33,573,980.0542441299159,0.0,39,12,0,900.0,0.8983294826311092,fallback: No module named 'cvxpy',heuristic,680,684,predicted_history_signal_no_proposed_feedback,False,cp_sat,False,,OPTIMAL
42,0.12930779616678578,0.1750996015936255,cp_sat,CP-SAT,50,50,50,9,90,99,10,0.13549337260677466,0.13549337260677466,64.86677681526041,62.84729406159402,rsu_covered_requests_only,679,0,33.952045430339496,31.01060784296748,69.94753125140898,25.262395447769748,28.388369966890586,28.501603296666374,235.17291904605617,180.58449434124398,126.38557367536562,248.06812235804765,45,47,587,679,92,45,47,587,0,587,3.945755870084099,0.0,35,21,5,0.0,0.9171059532193446,fallback: No module named 'cvxpy',heuristic,680,679,predicted_history_signal_no_proposed_feedback,False,cp_sat,False,,OPTIMAL
42,0.2189913548221171,0.29965787884886297,cp_sat,CP-SAT,100,100,100,0,0,9,10,0.08836524300441827,0.2631578947368421,56.54876848841577,58.046482425571995,rsu_covered_requests_only,228,451,34.11230859044927,30.76352197727369,65.27938701194142,24.920427283938807,28.018040370053736,34.7526558178451,170.72590316005164,186.20105149626522,118.18897431957895,179.77308100640815,24,36,168,679,60,24,36,619,451,168,368.72990353697753,30.0,7,17,4,600.0,1.3720588235294118,fallback: No module named 'cvxpy',heuristic,680,679,predicted_history_signal_no_proposed_feedback,False,cp_sat,False,,OPTIMAL
42,0.2189913548221171,0.29965787884886297,cp_sat,CP-SAT,100,100,100,1,10,19,10,0.08955223880597014,0.38461538461538464,53.84662251573577,58.046482425571995,rsu_covered_requests_only,156,514,27.501836309127786,34.596917480112715,69.72085713061702,31.71937527758471,24.54219790837823,27.036983918450286,185.6978155454869,67.34090186055337,200.0,248.61596175361646,52,8,96,670,60,52,8,610,514,96,668.7299035369775,30.0,13,13,5,50.0,1.6724158312842823,fallback: No module named 'cvxpy',heuristic,680,670,predicted_history_signal_no_proposed_feedback,False,cp_sat,False,,OPTIMAL
42,0.2189913548221171,0.29965787884886297,cp_sat,CP-SAT,100,100,100,2,20,29,10,0.14666666666666667,0.20162932790224034,64.25392781415829,58.046482425571995,rsu_covered_requests_only,491,184,29.738680123994875,32.107144799754415,72.68077275520349,30.170748860307846,26.72598703466333,26.305935224241875,259.2134830841427,110.89716447727628,141.09006394724472,292.9738309604725,51,48,392,675,99,51,48,576,184,392,968.7299035369775,30.0,22,13,1,150.0,1.3271217136372233,fallback: No module named 'cvxpy',heuristic,680,675,predicted_history_signal_no_proposed_feedback,False,cp_sat,False,,OPTIMAL
42,0.2189913548221171,0.29965787884886297,cp_sat,CP-SAT,100,100,100,3,30,39,10,0.3076923076923077,0.3076923076923077,54.97209536085715,58.046482425571995,rsu_covered_requests_only,689,0,30.276146828875877,28.840132984238604,66.2461130954465,29.246854853166326,30.200678596192244,35.642817763497355,166.53496898643004,117.12344043478905,84.80647076842534,195.202943933847,113,99,477,689,212,113,99,477,0,477,268.7299035369774,30.0,41,33,5,350.0,1.2780040665783996,fallback: No module named 'cvxpy',heuristic,680,689,predicted_history_signal_no_proposed_feedback,False,cp_sat,False,,OPTIMAL
42,0.2189913548221171,0.29965787884886297,cp_sat,CP-SAT,100,100,100,4,40,49,10,0.34124629080118696,0.38333333333333336,49.59167958754351,58.046482425571995,rsu_covered_requests_only,600,74,31.94079453024959,29.753103041866932,61.33841242039683,27.106748198235803,29.641590350699758,41.47763546947653,122.50154576183364,141.22379215194948,107.07066074576767,122.95544723340981,99,131,370,674,230,99,131,444,74,370,396.7299035369774,0.0,38,40,3,300.0,0.7818275959901646,fallback: No module named 'cvxpy',heuristic,680,674,predicted_history_signal_no_proposed_feedback,False,cp_sat,False,,OPTIMAL
42,0.2189913548221171,0.29965787884886297,cp_sat,CP-SAT,100,100,100,5,50,59,10,0.34175334323922735,0.3898305084745763,52.97093283990207,58.046482425571995,rsu_covered_requests_only,590,83,32.83764581873511,32.50866687224912,65.96911311475853,26.219308094436904,26.73592645229664,33.24049465915444,176.32729236397282,157.90277275024306,155.4731593880847,189.0973542771875,82,148,360,673,230,82,148,443,83,360,400.0,0.0,37,42,5,400.0,0.776309948931341,fallback: No module named 'cvxpy',heuristic,680,673,predicted_history_signal_no_proposed_feedback,False,cp_sat,False,,OPTIMAL
42,0.2189913548221171,0.29965787884886297,cp_sat,CP-SAT,100,100,100,6,60,69,10,0.19970845481049562,0.38055555555555554,53.787981330452,58.046482425571995,rsu_covered_requests_only,360,326,30.555017810130963,32.47837819825852,67.41427717428347,28.53279667980853,26.800242000189602,32.81912074990604,187.06968121135452,118.37877715133796,158.1626743146521,215.88968824711105,62,75,223,686,137,62,75,549,326,223,600.0,28.0,21,29,2,600.0,0.9967647058823529,fallback: No module named 'cvxpy',heuristic,680,686,predicted_history_signal_no_proposed_feedback,False,cp_sat,False,,OPTIMAL
42,0.2189913548221171,0.29965787884886297,cp_sat,CP-SAT,100,100,100,7,70,79,10,0.23760932944606414,0.2791095890410959,65.89102118874675,58.046482425571995,rsu_covered_requests_only,584,102,29.98355816390331,33.64396270617872,79.41087551936282,28.96874541908452,25.367820660536264,21.617068622411278,318.77220664380667,103.91829915773296,171.77771585323154,394.86572822487096,119,44,421,686,163,119,44,523,102,421,900.0,30.0,41,16,6,0.0,1.3258823529411765,fallback: No module named 'cvxpy',heuristic,680,686,predicted_history_signal_no_proposed_feedback,False,cp_sat,False,,OPTIMAL
42,0.2189913548221171,0.29965787884886297,cp_sat,CP-SAT,100,100,100,8,80,89,10,0.21198830409356725,0.21198830409356725,65.44580491867158,58.046482425571995,rsu_covered_requests_only,684,0,29.394247206960888,30.22808723235682,75.07775435671614,30.10380397647379,29.735995579318296,24.594613641613698,282.1840913463029,100.08634607864188,118.68766771129067,329.68746098193736,102,43,539,684,145,102,43,539,0,539,200.0,30.0,41,12,7,800.0,1.9494117647058824,fallback: No module named 'cvxpy',heuristic,680,684,predicted_history_signal_no_proposed_feedback,False,cp_sat,False,,OPTIMAL
42,0.2189913548221171,0.29965787884886297,cp_sat,CP-SAT,100,100,100,9,90,99,10,0.22533136966126657,0.2606473594548552,58.08945185492473,58.046482425571995,rsu_covered_requests_only,587,92,27.89997248743955,30.924667799453932,68.2862487287872,31.740278603239588,28.71088015263981,29.297626869260505,190.45040277275695,78.49770413715699,128.5144289006539,222.54186016073618,89,64,434,679,153,89,64,526,92,434,298.0,0.0,38,21,2,200.0,0.7338235294117647,fallback: No module named 'cvxpy',heuristic,680,679,predicted_history_signal_no_proposed_feedback,False,cp_sat,False,,OPTIMAL
42,0.28486868824293915,0.3872451019592163,cp_sat,CP-SAT,150,150,150,0,0,9,10,0.1251840942562592,0.37280701754385964,53.090269280612645,54.58080671158102,rsu_covered_requests_only,228,451,34.21266772562475,31.02547844296746,65.33647095317353,24.842484218023554,27.709612696720875,34.52160854522539,170.08807049627907,188.7094077413476,121.81010768587767,180.5394980257951,39,46,143,679,85,39,46,594,451,143,368.71116348832226,30.0,7,17,3,700.0,1.3726470588235293,fallback: No module named 'cvxpy',heuristic,680,679,predicted_history_signal_no_proposed_feedback,False,cp_sat,False,,OPTIMAL
42,0.28486868824293915,0.3872451019592163,cp_sat,CP-SAT,150,150,150,1,10,19,10,0.10746268656716418,0.46153846153846156,50.583042431706,54.58080671158102,rsu_covered_requests_only,156,514,27.959350892379117,34.596917480112715,69.57968478757347,31.157988838353855,24.54219790837823,27.158850720118842,170.67132757951282,73.68892488786359,200.0,246.28058493948976,67,5,84,670,72,67,5,598,514,84,668.7111634883222,30.0,13,13,5,50.0,1.5989107815828283,fallback: No module named 'cvxpy',heuristic,680,670,predicted_history_signal_no_proposed_feedback,False,cp_sat,False,,OPTIMAL
42,0.28486868824293915,0.3872451019592163,cp_sat,CP-SAT,150,150,150,2,20,29,10,0.24888888888888888,0.3421588594704684,57.93445652161286,54.58080671158102,rsu_covered_requests_only,491,184,29.625304092868785,31.742761779368806,72.25227457568718,30.241791753915486,27.055537583373322,26.62871150112851,228.52019552525712,108.38215267500775,133.6117432913962,286.16402394824723,106,62,323,675,168,106,62,507,184,323,968.7111634883222,30.0,22,13,1,150.0,1.2021460757004752,fallback: No module named 'cvxpy',heuristic,680,675,predicted_history_signal_no_proposed_feedback,False,cp_sat,False,,OPTIMAL
42,0.28486868824293915,0.3872451019592163,cp_sat,CP-SAT,150,150,150,3,30,39,10,0.40783744557329465,0.40783744557329465,50.867521328544846,54.58080671158102,rsu_covered_requests_only,689,0,30.72986519362983,27.57943032751885,65.36229240223629,28.67256826785875,31.633253671217012,36.5892541084796,151.1989327824722,123.5308677055217,65.75980658059,181.72388924752755,200,81,408,689,281,200,81,408,0,408,268.7111634883222,30.0,41,33,7,400.0,1.298910781582828,fallback: No module named 'cvxpy',heuristic,680,689,predicted_history_signal_no_proposed_feedback,False,cp_sat,False,,FEASIBLE
42,0.28486868824293915,0.3872451019592163,cp_sat,CP-SAT,150,150,150,4,40,49,10,0.4124629080118694,0.4633333333333333,47.42713657317324,54.58080671158102,rsu_covered_requests_only,600,74,32.072764308321176,30.339293521213747,61.27557531916917,27.015091059711636,28.989865033599468,41.737899318139775,127.43795915535657,143.81328555284745,116.9802826280599,122.4668087926987,168,110,322,674,278,168,110,396,74,322,396.7111634883222,0.0,38,40,3,300.0,0.6789107815828281,fallback: No module named 'cvxpy',heuristic,680,674,predicted_history_signal_no_proposed_feedback,False,cp_sat,False,,OPTIMAL
42,0.28486868824293915,0.3872451019592163,cp_sat,CP-SAT,150,150,150,5,50,59,10,0.40416047548291234,0.4610169491525424,50.72178607666337,54.58080671158102,rsu_covered_requests_only,590,83,32.673733040468576,33.0340976286137,66.0299271546396,26.43788542914074,26.15326958710868,33.210564814011136,175.96289072336694,156.11299178671305,163.89598161938395,190.15129220086808,158,114,318,673,272,158,114,401,83,318,400.0,0.0,37,42,6,400.0,0.702804899229887,fallback: No module named 'cvxpy',heuristic,680,673,predicted_history_signal_no_proposed_feedback,False,cp_sat,False,,OPTIMAL
42,0.28486868824293915,0.3872451019592163,cp_sat,CP-SAT,150,150,150,6,60,69,10,0.21865889212827988,0.4166666666666667,52.55888278285741,54.58080671158102,rsu_covered_requests_only,360,326,29.67551839830737,32.96177629307529,67.80872375928006,29.88790989071046,26.366635024810133,32.21060653907051,185.85166888820277,106.89281597688182,168.20808112269046,221.81242782387676,80,70,210,686,150,80,70,536,326,210,552.6530612244896,27.755102040816325,17,29,7,900.0,1.4411764705882355,fallback: No module named 'cvxpy',heuristic,680,686,predicted_history_signal_no_proposed_feedback,False,cp_sat,False,,OPTIMAL
42,0.28486868824293915,0.3872451019592163,cp_sat,CP-SAT,150,150,150,7,70,79,10,0.3206997084548105,0.38869257950530034,60.3183977899113,54.58080671158102,rsu_covered_requests_only,566,120,30.604247256517713,32.24054967948959,79.0888291608631,28.596739599479086,26.59859071538075,21.89540581916476,286.10778319984627,119.58115900148633,142.54449148996906,390.26619556672097,194,26,346,686,220,194,26,466,120,346,852.6530612244896,30.0,38,16,2,900.0,1.0765510204081634,fallback: No module named 'cvxpy',heuristic,680,686,predicted_history_signal_no_proposed_feedback,False,cp_sat,False,,OPTIMAL
42,0.28486868824293915,0.3872451019592163,cp_sat,CP-SAT,150,150,150,8,80,89,10,0.2675438596491228,0.2675438596491228,62.311114402488,54.58080671158102,rsu_covered_requests_only,684,0,26.349973565144282,30.846815818971432,74.95295561860259,33.92923031737042,28.924326201234095,24.75135637710277,261.68652958984995,60.468666147967255,128.26385750135245,327.74268425138354,128,55,501,684,183,128,55,501,0,501,112.65306122448965,14.0,38,12,2,50.0,0.890374549819928,fallback: No module named 'cvxpy',heuristic,680,684,predicted_history_signal_no_proposed_feedback,False,cp_sat,False,,OPTIMAL
42,0.28486868824293915,0.3872451019592163,cp_sat,CP-SAT,150,150,150,9,90,99,10,0.33578792341678937,0.3573667711598746,55.57957660998045,54.58080671158102,rsu_covered_requests_only,638,41,29.451312616108137,30.99816110010045,69.80007079270123,29.659695648142737,28.50425790971606,28.282965448610774,196.5325686701896,97.04981682626106,128.2153210673941,245.6215834815135,146,82,410,679,228,146,82,451,41,410,187.3877551020414,0.0,39,21,1,150.0,0.6485510204081634,fallback: No module named 'cvxpy',heuristic,680,679,predicted_history_signal_no_proposed_feedback,False,cp_sat,False,,OPTIMAL
42,0.34430878881665544,0.46971520256718813,cp_sat,CP-SAT,200,200,200,0,0,9,10,0.14727540500736377,0.43859649122807015,50.943180379489014,51.288207630609804,rsu_covered_requests_only,228,451,34.186222024848796,31.13872079491339,65.3916444855073,24.863067572392048,27.60956684470105,34.45803870133263,168.369788584054,188.04918880448614,124.25151211468068,181.40516006277034,43,57,128,679,100,43,57,579,451,128,370.79012904686437,30.0,7,17,3,700.0,1.2991176470588235,fallback: No module named 'cvxpy',heuristic,680,679,predicted_history_signal_no_proposed_feedback,False,cp_sat,False,,OPTIMAL
42,0.34430878881665544,0.46971520256718813,cp_sat,CP-SAT,200,200,200,1,10,19,10,0.1208955223880597,0.5192307692307693,48.07139351525173,51.288207630609804,rsu_covered_requests_only,156,514,27.758546522822694,34.596917480112715,69.64455514935295,31.405187890059945,24.54219790837823,27.101033275846465,159.01129462681268,70.83285349087188,200.0,247.35509657314194,77,4,75,670,81,77,4,589,514,75,670.7901290468644,30.0,13,13,5,50.0,1.5226787145920173,fallback: No module named 'cvxpy',heuristic,680,670,predicted_history_signal_no_proposed_feedback,False,cp_sat,False,,OPTIMAL
42,0.34430878881665544,0.46971520256718813,cp_sat,CP-SAT,200,200,200,2,20,29,10,0.30518518518518517,0.4195519348268839,54.66485990184297,51.288207630609804,rsu_covered_requests_only,491,184,29.65942499704758,31.806476452512676,72.17395018685339,30.17195544839558,26.979806059279625,26.717532019852133,214.84853647123524,108.394486846744,134.3848883222556,284.9546912501188,131,75,285,675,206,131,75,469,184,285,970.7901290468644,30.0,22,13,2,50.0,1.0209140087096644,fallback: No module named 'cvxpy',heuristic,680,675,predicted_history_signal_no_proposed_feedback,False,cp_sat,False,,OPTIMAL
42,0.34430878881665544,0.46971520256718813,cp_sat,CP-SAT,200,200,200,3,30,39,10,0.4876632801161103,0.4876632801161103,47.900680251092666,51.288207630609804,rsu_covered_requests_only,689,0,30.701142511489884,27.27222679388042,65.10728487494805,28.760722688400378,32.07518430811347,36.91893936003398,143.94085354766827,123.96182219174337,62.841855183428095,177.84813881199085,250,86,353,689,336,250,86,353,0,353,266.7901290468644,26.0,41,33,0,250.0,0.8703257734155467,fallback: No module named 'cvxpy',heuristic,680,689,predicted_history_signal_no_proposed_feedback,False,cp_sat,False,,OPTIMAL
42,0.34430878881665544,0.46971520256718813,cp_sat,CP-SAT,200,200,200,4,40,49,10,0.45845697329376855,0.515,45.93534054660317,51.288207630609804,rsu_covered_requests_only,600,74,31.86465766569394,31.84403046568559,60.881833002278746,27.218709056282922,27.32378418511746,42.52327194113808,129.23427676576037,140.1426180153044,142.34982768188044,117.06715446185842,232,77,291,674,309,232,77,365,74,291,394.7901290468644,0.0,38,40,3,300.0,0.6078787145920175,fallback: No module named 'cvxpy',heuristic,680,674,predicted_history_signal_no_proposed_feedback,False,cp_sat,False,,OPTIMAL
42,0.34430878881665544,0.46971520256718813,cp_sat,CP-SAT,200,200,200,5,50,59,10,0.4457652303120357,0.5084745762711864,49.19163097316253,51.288207630609804,rsu_covered_requests_only,590,83,32.856654501215274,33.55870084382915,65.91558133494175,26.269285849229238,25.694620863817377,33.37740276833737,175.71021039721575,159.74908225124796,175.04593186975822,188.42388374637983,228,72,290,673,300,228,72,373,83,290,400.0,0.0,37,42,6,400.0,0.6317728322390763,fallback: No module named 'cvxpy',heuristic,680,673,predicted_history_signal_no_proposed_feedback,False,cp_sat,False,,OPTIMAL
42,0.34430878881665544,0.46971520256718813,cp_sat,CP-SAT,200,200,200,6,60,69,10,0.2565597667638484,0.4888888888888889,49.960263966836635,51.288207630609804,rsu_covered_requests_only,360,326,29.841877317926922,33.86660600427714,67.65091784443035,29.437300392577093,25.40748671887377,32.40491134613445,179.40249109576058,106.0457179674441,184.3808844114108,219.34268268848922,105,71,184,686,176,105,71,510,326,184,560.8602150537635,29.247311827956995,18,29,7,900.0,1.3676470588235294,fallback: No module named 'cvxpy',heuristic,680,686,predicted_history_signal_no_proposed_feedback,False,cp_sat,False,,OPTIMAL
42,0.34430878881665544,0.46971520256718813,cp_sat,CP-SAT,200,200,200,7,70,79,10,0.3877551020408163,0.46996466431095407,56.25368678892727,51.288207630609804,rsu_covered_requests_only,566,120,30.46979181082376,31.56672795883623,79.03862147248483,28.816386166918324,27.232812420176124,21.919344122984228,262.3477823696442,118.13037845609354,129.5651270592487,389.42011477077165,245,21,300,686,266,245,21,420,120,300,856.8602150537635,26.0,38,16,0,850.0,0.9082346616065781,fallback: No module named 'cvxpy',heuristic,680,686,predicted_history_signal_no_proposed_feedback,False,cp_sat,False,,OPTIMAL
42,0.34430878881665544,0.46971520256718813,cp_sat,CP-SAT,200,200,200,8,80,89,10,0.4064327485380117,0.4270353302611367,55.055787526792344,51.288207630609804,rsu_covered_requests_only,651,33,27.44345897094965,30.860086178026695,75.0034552512855,32.03600521185992,28.7530320970487,24.89735376171475,223.77523252071612,67.45552491415904,127.10653899189498,329.24697177878335,209,69,373,684,278,209,69,406,33,373,72.86021505376357,6.0,36,12,1,0.0,0.743434661606578,fallback: No module named 'cvxpy',heuristic,680,684,predicted_history_signal_no_proposed_feedback,False,cp_sat,False,,OPTIMAL
42,0.34430878881665544,0.46971520256718813,cp_sat,CP-SAT,200,200,200,9,90,99,10,0.4270986745213549,0.44274809160305345,52.69303785320055,51.288207630609804,rsu_covered_requests_only,655,24,31.737175812305665,30.290292819458962,69.58074462424251,27.349806680905544,29.195107095441667,28.838780899133532,193.84077595144524,137.49602466901558,114.71461600048131,242.352727710395,230,60,365,679,290,230,60,389,24,365,114.86021505376357,0.0,39,21,0,100.0,0.5529287792536368,fallback: No module named 'cvxpy',heuristic,680,679,predicted_history_signal_no_proposed_feedback,False,cp_sat,False,,OPTIMAL
42,0.3849510038735908,0.5260092388029725,cp_sat,CP-SAT,250,250,250,0,0,9,10,0.16789396170839468,0.5,49.05673035464172,48.90206121516459,rsu_covered_requests_only,228,451,34.07088106729262,31.00409022816757,65.8987951498823,24.953554775747723,27.736430812489576,33.862990767880795,168.01806529322627,185.198527729835,121.58506234502626,189.34048980005443,45,69,114,679,114,45,69,565,451,114,374.3001261034048,30.0,7,17,5,600.0,1.1661764705882354,fallback: No module named 'cvxpy',heuristic,680,679,predicted_history_signal_no_proposed_feedback,False,cp_sat,False,,OPTIMAL
42,0.3849510038735908,0.5260092388029725,cp_sat,CP-SAT,250,250,250,1,10,19,10,0.1328358208955224,0.5705128205128205,45.77808549371799,48.90206121516459,rsu_covered_requests_only,156,514,27.639583979286204,34.596917480112715,69.56099048300081,31.59120494504176,24.54219790837823,27.180421733071228,147.8729959249042,69.62994930616394,200.0,245.9703242381337,86,3,67,670,89,86,3,581,514,67,674.3001261034049,30.0,13,13,5,50.0,1.4769392478302796,fallback: No module named 'cvxpy',heuristic,680,670,predicted_history_signal_no_proposed_feedback,False,cp_sat,False,,OPTIMAL
42,0.3849510038735908,0.5260092388029725,cp_sat,CP-SAT,250,250,250,2,20,29,10,0.35555555555555557,0.48879837067209775,52.18892020085073,48.90206121516459,rsu_covered_requests_only,491,184,29.71934468903697,31.9648381970858,72.77915435236635,30.06300436657034,26.840335328180387,26.179269580237495,209.61182185704988,108.68857035685771,137.72966671151906,294.5419841063726,140,100,251,675,240,140,100,435,184,251,970.4458991370104,26.14577303360555,22,13,7,950.0,1.0378216007714558,fallback: No module named 'cvxpy',heuristic,680,675,predicted_history_signal_no_proposed_feedback,False,cp_sat,False,,OPTIMAL
42,0.3849510038735908,0.5260092388029725,cp_sat,CP-SAT,250,250,250,3,30,39,10,0.5442670537010159,0.5442670537010159,46.08053170665447,48.90206121516459,rsu_covered_requests_only,689,0,30.831547244079847,26.956040541698027,65.41505490213927,28.645198457704236,32.494819713081284,36.28301300802689,142.7886004677852,126.44422516316892,58.83593116411141,181.90164343958563,284,91,314,689,375,284,91,314,0,314,269.95498754322966,30.0,42,33,7,400.0,1.189302684063063,fallback: No module named 'cvxpy',heuristic,680,689,predicted_history_signal_no_proposed_feedback,False,cp_sat,False,,OPTIMAL
42,0.3849510038735908,0.5260092388029725,cp_sat,CP-SAT,250,250,250,4,40,49,10,0.5074183976261127,0.57,44.25779282694466,48.90206121516459,rsu_covered_requests_only,600,74,31.8312649885151,32.816912876385565,60.393976961093145,27.23031327264184,26.32575047631312,43.49968609581543,129.75559447212694,139.10475410751434,159.55330351371538,110.38782337504098,254,88,258,674,342,254,88,332,74,258,397.95498754322966,0.0,38,40,4,300.0,0.5625879279585073,fallback: No module named 'cvxpy',heuristic,680,674,predicted_history_signal_no_proposed_feedback,False,cp_sat,False,,OPTIMAL
42,0.3849510038735908,0.5260092388029725,cp_sat,CP-SAT,250,250,250,5,50,59,10,0.4487369985141159,0.511864406779661,49.006701816896914,48.90206121516459,rsu_covered_requests_only,590,83,32.84978196551152,34.81728453037572,65.55279433896729,26.29121470956768,24.39285800202455,33.819225373565004,174.84368509067167,159.89145903435517,197.95654731742164,182.85686963438604,244,58,288,673,302,244,58,371,83,288,400.0,0.0,37,42,6,400.0,0.6055996926643897,fallback: No module named 'cvxpy',heuristic,680,673,predicted_history_signal_no_proposed_feedback,False,cp_sat,False,,OPTIMAL
42,0.3849510038735908,0.5260092388029725,cp_sat,CP-SAT,250,250,250,6,60,69,10,0.28425655976676384,0.5416666666666666,48.076036111509104,48.90206121516459,rsu_covered_requests_only,360,326,29.87016628527038,34.46787168235265,67.86444145391788,29.207171653915168,24.732181813693057,32.073345239956915,174.08105302790665,104.50238000542504,194.40146305752444,222.53013236217183,133,62,165,686,195,133,62,491,326,165,590.0,22.0,20,29,5,550.0,0.7508823529411764,fallback: No module named 'cvxpy',heuristic,680,686,predicted_history_signal_no_proposed_feedback,False,cp_sat,False,,OPTIMAL
42,0.3849510038735908,0.5260092388029725,cp_sat,CP-SAT,250,250,250,7,70,79,10,0.4518950437317784,0.5335628227194492,53.05026409396122,48.90206121516459,rsu_covered_requests_only,581,105,29.944252736089254,31.45525898382087,79.36440575351082,29.30474702165929,27.301506082241954,21.647858533517233,241.73121594077452,107.18128108762369,126.1392235525396,394.175359899127,289,21,271,686,310,289,21,376,105,271,886.0,30.0,40,16,3,900.0,0.903,fallback: No module named 'cvxpy',heuristic,680,686,predicted_history_signal_no_proposed_feedback,False,cp_sat,False,,OPTIMAL
42,0.3849510038735908,0.5260092388029725,cp_sat,CP-SAT,250,250,250,8,80,89,10,0.4868421052631579,0.4868421052631579,52.44248639070799,48.90206121516459,rsu_covered_requests_only,684,0,28.576659043995136,30.63340306805655,74.7035466325638,30.947008025043765,29.05969865342499,25.173990038761648,212.64874665949608,88.00550397512801,124.37989318677856,324.1640301784057,268,65,351,684,333,268,65,351,0,351,186.0,30.0,40,12,7,800.0,1.797023529411765,fallback: No module named 'cvxpy',heuristic,680,684,predicted_history_signal_no_proposed_feedback,False,cp_sat,False,,OPTIMAL
42,0.3849510038735908,0.5260092388029725,cp_sat,CP-SAT,250,250,250,9,90,99,10,0.4698085419734904,0.5316666666666666,47.18988978301426,48.90206121516459,rsu_covered_requests_only,600,79,27.90070980989303,32.735285643698006,68.38217021803088,31.707265260166945,26.122384605600303,29.239249620692892,151.45248450052796,78.0805933805084,151.37555382339266,224.05227058283393,278,41,281,679,319,278,41,360,79,281,284.0,0.0,39,21,3,200.0,0.5093764705882352,fallback: No module named 'cvxpy',heuristic,680,679,predicted_history_signal_no_proposed_feedback,False,cp_sat,False,,OPTIMAL
42,0.4317561511280853,0.5749804228660924,cp_sat,CP-SAT,300,300,300,0,0,9,10,0.18998527245949925,0.5657894736842105,46.9491263628798,47.0727389225335,rsu_covered_requests_only,228,451,34.083787246649855,30.894571367934695,66.38684013992044,24.943507310514505,27.82636444424836,33.38953010857599,166.45292436560402,185.52029886614292,119.04066872367757,197.34300508535256,46,83,99,679,129,46,83,550,451,99,374.3001261034048,30.0,7,17,5,600.0,1.1661764705882354,fallback: No module named 'cvxpy',heuristic,680,679,predicted_history_signal_no_proposed_feedback,False,cp_sat,False,,OPTIMAL
42,0.4317561511280853,0.5749804228660924,cp_sat,CP-SAT,300,300,300,1,10,19,10,0.14029850746268657,0.6025641025641025,44.4365456277427,47.0727389225335,rsu_covered_requests_only,156,514,27.624899816048327,34.596917480112715,69.58781422946977,31.610208427839286,24.54219790837823,27.153737819834298,142.28645342158993,69.43977421889868,200.0,246.41398838464923,91,3,62,670,94,91,3,576,514,62,674.3001261034049,30.0,13,13,5,50.0,1.4769392478302796,fallback: No module named 'cvxpy',heuristic,680,670,predicted_history_signal_no_proposed_feedback,False,cp_sat,False,,OPTIMAL
42,0.4317561511280853,0.5749804228660924,cp_sat,CP-SAT,300,300,300,2,20,29,10,0.4014814814814815,0.5519348268839104,49.5401875160514,47.0727389225335,rsu_covered_requests_only,491,184,29.85995565090689,32.08182052291248,72.6616231281493,29.806354099338087,26.734807890562738,26.327241292561883,198.63915514779183,109.8695649231947,140.13587935419798,292.7164190069939,160,111,220,675,271,160,111,404,184,220,970.4458991370104,26.14577303360555,22,13,7,950.0,1.0378216007714558,fallback: No module named 'cvxpy',heuristic,680,675,predicted_history_signal_no_proposed_feedback,False,cp_sat,False,,OPTIMAL
42,0.4317561511280853,0.5749804228660924,cp_sat,CP-SAT,300,300,300,3,30,39,10,0.5878084179970973,0.5878084179970973,43.98854247178735,47.0727389225335,rsu_covered_requests_only,689,0,31.31442081571118,27.448119331298187,64.74446029974581,27.821282776775504,31.72081064125173,36.97574843867431,128.0803459928938,130.70387476056584,62.397184152066686,171.72079986249645,208,197,284,689,405,208,197,284,0,284,128.44589913701043,0.0,26,33,5,50.0,0.7004791546512982,fallback: No module named 'cvxpy',heuristic,680,689,predicted_history_signal_no_proposed_feedback,False,cp_sat,False,,OPTIMAL
42,0.4317561511280853,0.5749804228660924,cp_sat,CP-SAT,300,300,300,4,40,49,10,0.5801186943620178,0.5801186943620178,43.84871993469334,47.0727389225335,rsu_covered_requests_only,674,0,30.456341912977038,30.961900358802975,61.958956501510905,29.052932886026436,27.92843911193371,41.45276271374089,125.71858167609561,119.91105521187595,119.86070682962068,133.78154807753037,171,220,283,674,391,171,220,283,0,283,330.44589913701043,30.0,26,40,2,350.0,0.7953732722983571,fallback: No module named 'cvxpy',heuristic,680,674,predicted_history_signal_no_proposed_feedback,False,cp_sat,False,,OPTIMAL
42,0.4317561511280853,0.5749804228660924,cp_sat,CP-SAT,300,300,300,5,50,59,10,0.5185735512630015,0.5915254237288136,46.41018432111465,47.0727389225335,rsu_covered_requests_only,590,83,31.75275361512555,34.610590986554946,65.69133779611786,27.21471700746309,24.611671227867326,33.451735447789666,172.1172424115039,136.48000247465853,194.2124527884969,184.43788509403302,185,164,241,673,349,185,164,324,83,241,428.44589913701043,0.0,29,42,7,350.0,0.7401262134748274,fallback: No module named 'cvxpy',heuristic,680,673,predicted_history_signal_no_proposed_feedback,False,cp_sat,False,,OPTIMAL
42,0.4317561511280853,0.5749804228660924,cp_sat,CP-SAT,300,300,300,6,60,69,10,0.31341107871720114,0.5972222222222222,46.17375697565852,47.0727389225335,rsu_covered_requests_only,360,326,30.66529498051558,34.05053256824428,68.11847171709258,28.37166175179479,25.15791681726694,31.799281078172612,170.91638611559293,119.25246643614713,186.8349998445535,226.54761872043815,170,45,145,686,215,170,45,471,326,145,594.4679913672061,30.0,22,29,7,900.0,1.3233144487689452,fallback: No module named 'cvxpy',heuristic,680,686,predicted_history_signal_no_proposed_feedback,False,cp_sat,False,,OPTIMAL
42,0.4317561511280853,0.5749804228660924,cp_sat,CP-SAT,300,300,300,7,70,79,10,0.4897959183673469,0.5783132530120482,50.953310761300216,47.0727389225335,rsu_covered_requests_only,581,105,30.03226704076164,31.70152418037152,79.48832209146322,29.22088317960336,27.082030544780636,21.575871889219993,231.01175433145653,109.17981200259,131.2209526922925,396.0263926442565,313,23,245,686,336,313,23,350,105,245,882.4679913672061,22.0,40,16,0,850.0,0.8086621994579263,fallback: No module named 'cvxpy',heuristic,680,686,predicted_history_signal_no_proposed_feedback,False,cp_sat,False,,OPTIMAL
42,0.4317561511280853,0.5749804228660924,cp_sat,CP-SAT,300,300,300,8,80,89,10,0.5511695906432749,0.5511695906432749,48.94255003381659,47.0727389225335,rsu_covered_requests_only,684,0,26.759103170100285,31.159684147774158,74.879705078288,33.85402651074664,28.31669887989263,25.079677086568765,193.09901534268812,69.07392351420619,131.07081471179038,327.0265154089993,286,91,307,684,377,286,91,307,0,307,94.4679913672062,6.0,38,12,2,0.0,0.6557327876932204,fallback: No module named 'cvxpy',heuristic,680,684,predicted_history_signal_no_proposed_feedback,False,cp_sat,False,,OPTIMAL
42,0.4317561511280853,0.5749804228660924,cp_sat,CP-SAT,300,300,300,9,90,99,10,0.5449189985272459,0.5648854961832062,48.15196088865642,47.0727389225335,rsu_covered_requests_only,655,24,32.053192349311686,30.028910845026417,69.61323316373041,27.054803299999715,29.450575839645538,28.52216573007093,182.57160315895368,143.55939273436869,109.97307939699132,242.52892460017915,291,79,285,679,370,291,79,309,24,285,101.5320086327938,0.0,39,21,0,100.0,0.4498386700461614,fallback: No module named 'cvxpy',heuristic,680,679,predicted_history_signal_no_proposed_feedback,False,cp_sat,False,,OPTIMAL
42,0.47025701389879265,0.6262725137039937,cp_sat,CP-SAT,350,350,350,0,0,9,10,0.203240058910162,0.6052631578947368,45.67264480058522,45.06905436965949,rsu_covered_requests_only,228,451,34.08058637801819,30.887414265898695,66.64030649397415,24.94607424658076,27.829107120630525,33.08245035668429,165.4245427781824,185.44343233496025,118.7853720138323,201.3869724455843,48,90,90,679,138,48,90,541,451,90,374.3001261034048,30.0,7,17,5,600.0,1.1661764705882354,fallback: No module named 'cvxpy',heuristic,680,679,predicted_history_signal_no_proposed_feedback,False,cp_sat,False,,OPTIMAL
42,0.47025701389879265,0.6262725137039937,cp_sat,CP-SAT,350,350,350,1,10,19,10,0.14776119402985075,0.6346153846153846,42.995762627967615,45.06905436965949,rsu_covered_requests_only,156,514,27.635401506709087,34.596917480112715,69.55215271623412,31.59784924752738,24.54219790837823,27.17970782810522,134.8250003562615,69.60041484220862,200.0,245.82209475509384,98,1,57,670,99,98,1,571,514,57,674.3001261034049,30.0,13,13,5,50.0,1.4769392478302796,fallback: No module named 'cvxpy',heuristic,680,670,predicted_history_signal_no_proposed_feedback,False,cp_sat,False,,OPTIMAL
42,0.47025701389879265,0.6262725137039937,cp_sat,CP-SAT,350,350,350,2,20,29,10,0.4414814814814815,0.6069246435845214,47.273582708974246,45.06905436965949,rsu_covered_requests_only,491,184,29.926443580154128,32.17118475296813,72.6393290162545,29.741417098378612,26.65327281682676,26.396759668942753,190.03533793471954,111.09713667677403,141.93635073205166,292.4249745156723,176,122,193,675,298,176,122,377,184,193,970.4458991370104,26.14577303360555,22,13,7,950.0,1.0378216007714558,fallback: No module named 'cvxpy',heuristic,680,675,predicted_history_signal_no_proposed_feedback,False,cp_sat,False,,OPTIMAL
42,0.47025701389879265,0.6262725137039937,cp_sat,CP-SAT,350,350,350,3,30,39,10,0.6357039187227866,0.6357039187227866,42.38978054034323,45.06905436965949,rsu_covered_requests_only,689,0,31.364827183852842,27.400441631101447,65.02433218968322,27.78070842641688,31.78670340343038,36.648183776172274,126.03711344100428,131.80809482911857,61.89557185284063,175.8518648031784,223,215,251,689,438,223,215,251,0,251,128.44589913701043,0.0,26,33,5,50.0,0.7004791546512982,fallback: No module named 'cvxpy',heuristic,680,689,predicted_history_signal_no_proposed_feedback,False,cp_sat,False,,OPTIMAL
42,0.47025701389879265,0.6262725137039937,cp_sat,CP-SAT,350,350,350,4,40,49,10,0.629080118694362,0.629080118694362,42.335803123985286,45.06905436965949,rsu_covered_requests_only,674,0,30.557785302288778,30.939457291318153,61.95102299193884,28.911879406616077,27.95329693592855,41.512871503680756,125.2633962564424,121.13272551844868,119.47749451631101,133.83155189409777,188,236,250,674,424,188,236,250,0,250,330.44589913701043,30.0,26,40,2,350.0,0.7953732722983571,fallback: No module named 'cvxpy',heuristic,680,674,predicted_history_signal_no_proposed_feedback,False,cp_sat,False,,OPTIMAL
42,0.47025701389879265,0.6262725137039937,cp_sat,CP-SAT,350,350,350,5,50,59,10,0.5601783060921248,0.6389830508474577,44.82195054729314,45.06905436965949,rsu_covered_requests_only,590,83,31.85030556754123,34.69308047561688,65.44553997665103,27.124298960842793,24.54099182622369,33.772496127750024,170.7496881950035,138.41152087506975,196.03220676195707,180.6457870185234,202,175,213,673,377,202,175,296,83,213,428.44589913701043,0.0,29,42,7,350.0,0.7401262134748274,fallback: No module named 'cvxpy',heuristic,680,673,predicted_history_signal_no_proposed_feedback,False,cp_sat,False,,OPTIMAL
42,0.47025701389879265,0.6262725137039937,cp_sat,CP-SAT,350,350,350,6,60,69,10,0.3338192419825073,0.6361111111111111,44.78524927078539,45.06905436965949,rsu_covered_requests_only,360,326,30.753503423358573,34.48755818917978,68.05984002929385,28.26932775233198,24.70395875745277,31.80331540600869,167.7944255903288,120.60276750809105,194.52537441064635,225.46079961414566,185,44,131,686,229,185,44,457,326,131,594.4679913672061,30.0,22,29,7,900.0,1.3233144487689452,fallback: No module named 'cvxpy',heuristic,680,686,predicted_history_signal_no_proposed_feedback,False,cp_sat,False,,OPTIMAL
42,0.47025701389879265,0.6262725137039937,cp_sat,CP-SAT,350,350,350,7,70,79,10,0.5335276967930029,0.6299483648881239,48.378750364301204,45.06905436965949,rsu_covered_requests_only,581,105,30.028962773362796,31.53461536238301,79.46199641697568,29.2154278545791,27.236955125943883,21.595384749781896,215.75648444260818,108.93744871400222,127.96583930251678,395.6501704134103,344,22,215,686,366,344,22,320,105,215,882.4679913672061,22.0,40,16,0,850.0,0.8086621994579263,fallback: No module named 'cvxpy',heuristic,680,686,predicted_history_signal_no_proposed_feedback,False,cp_sat,False,,OPTIMAL
42,0.47025701389879265,0.6262725137039937,cp_sat,CP-SAT,350,350,350,8,80,89,10,0.6257309941520468,0.6257309941520468,45.48776111114356,45.06905436965949,rsu_covered_requests_only,684,0,26.649822936138087,31.053968391790406,75.10723644019137,34.038291118220556,28.566497797740602,24.553846262391122,176.20856975969116,68.23065833371189,131.01824214313933,330.0003645061425,319,109,256,684,428,319,109,256,0,256,94.4679913672062,6.0,38,12,2,0.0,0.6557327876932204,fallback: No module named 'cvxpy',heuristic,680,684,predicted_history_signal_no_proposed_feedback,False,cp_sat,False,,OPTIMAL
42,0.47025701389879265,0.6262725137039937,cp_sat,CP-SAT,350,350,350,9,90,99,10,0.5920471281296024,0.6137404580152672,46.336618939982415,45.06905436965949,rsu_covered_requests_only,655,24,32.06447525744349,30.21694272323979,69.65671626563685,27.030453608345077,29.204071155456337,28.47043556486951,177.87778169290465,143.48545485866805,112.71849881361872,243.22642801435705,314,88,253,679,402,314,88,277,24,253,101.5320086327938,0.0,39,21,0,100.0,0.4498386700461614,fallback: No module named 'cvxpy',heuristic,680,679,predicted_history_signal_no_proposed_feedback,False,cp_sat,False,,OPTIMAL
42,0.5092156173025868,0.6781519185591229,cp_sat,CP-SAT,400,400,400,0,0,9,10,0.22238586156111928,0.6622807017543859,43.819049075069856,43.040658085740795,rsu_covered_requests_only,228,451,34.09483178915575,30.86227153308027,67.04476693902443,24.934927994063337,27.848361455534167,32.54939596531733,163.87775269460218,185.79660167571262,118.16021598750372,207.8551031749269,52,99,77,679,151,52,99,528,451,77,374.3001261034048,30.0,7,17,5,600.0,1.1661764705882354,fallback: No module named 'cvxpy',heuristic,680,679,predicted_history_signal_no_proposed_feedback,False,cp_sat,False,,OPTIMAL
42,0.5092156173025868,0.6781519185591229,cp_sat,CP-SAT,400,400,400,1,10,19,10,0.16417910447761194,0.7051282051282052,40.056947614308235,43.040658085740795,rsu_covered_requests_only,156,514,27.6034766834981,34.596917480112715,69.68495547501476,31.619036996685704,24.54219790837823,27.063894397497965,122.5346068489701,68.86591562519924,200.0,248.02204054983957,109,1,46,670,110,109,1,560,514,46,674.3001261034049,30.0,13,13,5,50.0,1.4769392478302796,fallback: No module named 'cvxpy',heuristic,680,670,predicted_history_signal_no_proposed_feedback,False,cp_sat,False,,OPTIMAL
42,0.5092156173025868,0.6781519185591229,cp_sat,CP-SAT,400,400,400,2,20,29,10,0.482962962962963,0.6639511201629328,45.04020363005017,43.040658085740795,rsu_covered_requests_only,491,184,29.937502603573467,32.12468232755067,73.0634576448776,29.66765816754478,26.695510953780175,25.977775861218866,182.39718079886967,110.49522395220427,140.99371834482594,299.13502443658933,189,137,165,675,326,189,137,349,184,165,970.4458991370104,26.14577303360555,22,13,7,950.0,1.0378216007714558,fallback: No module named 'cvxpy',heuristic,680,675,predicted_history_signal_no_proposed_feedback,False,cp_sat,False,,OPTIMAL
42,0.5092156173025868,0.6781519185591229,cp_sat,CP-SAT,400,400,400,3,30,39,10,0.6850507982583455,0.6850507982583455,40.566943791328384,43.040658085740795,rsu_covered_requests_only,689,0,31.35068973926407,27.312752492128087,64.93041546833255,27.775589928585077,31.888805618903493,36.535762507230594,120.93134489772376,131.1800592760612,60.61604678513884,174.08091960426162,240,232,217,689,472,240,232,217,0,217,128.44589913701043,0.0,26,33,5,50.0,0.7004791546512982,fallback: No module named 'cvxpy',heuristic,680,689,predicted_history_signal_no_proposed_feedback,False,cp_sat,False,,OPTIMAL
42,0.5092156173025868,0.6781519185591229,cp_sat,CP-SAT,400,400,400,4,40,49,10,0.6810089020771514,0.6810089020771514,40.54614108788682,43.040658085740795,rsu_covered_requests_only,674,0,30.569470769428676,31.003293664990238,61.32862022699623,28.88414814311975,27.89582727794903,42.783309272791236,122.3843581305299,121.15236003598464,120.78093839657544,125.45678168906491,203,256,215,674,459,203,256,215,0,215,330.44589913701043,30.0,26,40,2,350.0,0.7953732722983571,fallback: No module named 'cvxpy',heuristic,680,674,predicted_history_signal_no_proposed_feedback,False,cp_sat,False,,OPTIMAL
42,0.5092156173025868,0.6781519185591229,cp_sat,CP-SAT,400,400,400,5,50,59,10,0.5943536404160475,0.6779661016949152,43.544699066893386,43.040658085740795,rsu_covered_requests_only,590,83,31.896552242727736,34.823913566536206,65.29382375837093,27.07789759118755,24.412043281801168,34.013275794026825,169.92844374373695,139.23263864803326,198.53419762583468,178.37076701888026,220,180,190,673,400,220,180,273,83,190,428.44589913701043,0.0,29,42,7,350.0,0.7401262134748274,fallback: No module named 'cvxpy',heuristic,680,673,predicted_history_signal_no_proposed_feedback,False,cp_sat,False,,OPTIMAL
42,0.5092156173025868,0.6781519185591229,cp_sat,CP-SAT,400,400,400,6,60,69,10,0.35714285714285715,0.6805555555555556,43.364271185642764,43.040658085740795,rsu_covered_requests_only,360,326,30.855092189720775,34.71976763382507,68.46839104279138,28.160754777954665,24.455188513690615,31.10737340177898,166.88965993766809,122.3459148406443,198.44663761104505,231.3469147318628,199,46,115,686,245,199,46,441,326,115,594.4679913672061,30.0,22,29,7,900.0,1.3233144487689452,fallback: No module named 'cvxpy',heuristic,680,686,predicted_history_signal_no_proposed_feedback,False,cp_sat,False,,OPTIMAL
42,0.5092156173025868,0.6781519185591229,cp_sat,CP-SAT,400,400,400,7,70,79,10,0.5743440233236151,0.6781411359724613,46.05285041560408,43.040658085740795,rsu_covered_requests_only,581,105,30.095859271798915,31.706897721281507,79.48392883683732,29.118783388580162,27.055957239933885,21.526840400367906,202.64056645436207,109.66315793665686,130.83183453233607,396.0490588119605,372,22,187,686,394,372,22,292,105,187,882.4679913672061,22.0,40,16,0,850.0,0.8086621994579263,fallback: No module named 'cvxpy',heuristic,680,686,predicted_history_signal_no_proposed_feedback,False,cp_sat,False,,OPTIMAL
42,0.5092156173025868,0.6781519185591229,cp_sat,CP-SAT,400,400,400,8,80,89,10,0.6871345029239766,0.6871345029239766,42.575066095584894,43.040658085740795,rsu_covered_requests_only,684,0,26.425756400160168,31.00512844834938,75.43250612815748,34.387168178520845,28.627701777212653,24.079952177859397,161.61178168666544,66.17624031951945,130.104577367725,334.76807758702773,348,122,214,684,470,348,122,214,0,214,94.4679913672062,6.0,38,12,2,0.0,0.6557327876932204,fallback: No module named 'cvxpy',heuristic,680,684,predicted_history_signal_no_proposed_feedback,False,cp_sat,False,,OPTIMAL
42,0.5092156173025868,0.6781519185591229,cp_sat,CP-SAT,400,400,400,9,90,99,10,0.6435935198821797,0.667175572519084,44.332869862680695,43.040658085740795,rsu_covered_requests_only,655,24,32.103566973085194,30.00875923967227,69.77005750103334,26.968598100811683,29.343434046930227,28.24713553005968,172.12931615697528,143.6923124744193,107.92049182062239,244.8864968544132,341,96,218,679,437,341,96,242,24,218,101.5320086327938,0.0,39,21,0,100.0,0.4498386700461614,fallback: No module named 'cvxpy',heuristic,680,679,predicted_history_signal_no_proposed_feedback,False,cp_sat,False,,OPTIMAL
2026,0.14816541458439506,0.189244894135282,cp_sat,CP-SAT,50,50,50,0,0,9,10,0.1894273127753304,0.19427710843373494,59.22301415530164,61.13151119523778,rsu_covered_requests_only,664,17,26.49336910795303,31.179290955114247,66.142615811513,34.32575196186931,28.17565525481066,34.095868602037406,179.1809694669902,68.54008858460723,131.7831491448663,192.73740668500636,18,111,535,681,129,18,111,552,17,535,368.3950223356733,30.0,21,49,7,400.0,1.3826470588235293,fallback: No module named 'cvxpy',heuristic,680,681,predicted_history_signal_no_proposed_feedback,False,cp_sat,False,,OPTIMAL
2026,0.14816541458439506,0.189244894135282,cp_sat,CP-SAT,50,50,50,1,10,19,10,0.14890510948905109,0.24878048780487805,55.74643898089599,61.13151119523778,rsu_covered_requests_only,410,275,28.314438123200247,31.386708944813062,64.14279417827807,32.373784903649224,27.98100566287,38.40456554116023,157.13729408664597,98.78048940536547,138.07428391972562,167.66041829443742,33,69,308,685,102,33,69,583,275,308,496.71344625950394,0.0,29,35,7,400.0,1.0028511768459776,fallback: No module named 'cvxpy',heuristic,680,685,predicted_history_signal_no_proposed_feedback,False,cp_sat,False,,OPTIMAL
2026,0.14816541458439506,0.189244894135282,cp_sat,CP-SAT,50,50,50,2,20,29,10,0.08259587020648967,0.21132075471698114,61.68041028706642,61.13151119523778,rsu_covered_requests_only,265,413,27.903729604202113,34.31569388094075,70.1783947906985,32.45802622468536,24.780909497038024,27.172905454606166,226.5513265080748,88.98501361154932,191.02079443899206,254.6234292224837,38,18,209,678,56,38,18,622,413,209,678.0960606547903,30.0,21,17,2,700.0,1.1863313433920566,fallback: No module named 'cvxpy',heuristic,680,678,predicted_history_signal_no_proposed_feedback,False,cp_sat,False,,OPTIMAL
2026,0.14816541458439506,0.189244894135282,cp_sat,CP-SAT,50,50,50,3,30,39,10,0.11487481590574374,0.13287904599659284,66.9829348182482,61.13151119523778,rsu_covered_requests_only,587,92,29.10804189939644,32.40837668653877,72.57945924748569,30.369466228898524,26.503354241372982,26.711751912539317,266.51158533212174,95.49455180233706,146.90167139657785,289.48663599677303,46,32,509,679,78,46,32,601,92,509,975.0850897029662,26.989029048175865,33,17,7,950.0,1.3284751211487724,fallback: No module named 'cvxpy',heuristic,680,679,predicted_history_signal_no_proposed_feedback,False,cp_sat,False,,OPTIMAL
2026,0.14816541458439506,0.189244894135282,cp_sat,CP-SAT,50,50,50,4,40,49,10,0.14705882352941177,0.15128593040847202,61.9073373618556,61.13151119523778,rsu_covered_requests_only,661,19,30.011606470399485,28.513851400060112,67.67828433404183,29.628220578013337,30.716918551117406,34.272437365177595,200.53632105256392,116.04697242008842,81.15478281770442,217.58709632979,68,32,561,680,100,68,32,580,19,561,255.08079418996977,19.99785224350171,39,18,0,200.0,1.1997423245626144,fallback: No module named 'cvxpy',heuristic,680,680,predicted_history_signal_no_proposed_feedback,False,cp_sat,False,,OPTIMAL
2026,0.14816541458439506,0.189244894135282,cp_sat,CP-SAT,50,50,50,5,50,59,10,0.19040697674418605,0.21163166397415187,57.67781503664633,61.13151119523778,rsu_covered_requests_only,619,69,30.041534280670998,30.387514112815474,65.0426886263795,29.064172410951812,28.798008380312364,34.419828916028536,161.08519835179524,107.55588325492836,114.38138896578809,174.3917595068449,55,76,488,688,131,55,76,557,69,488,346.4131078358284,0.0,36,34,6,300.0,1.0231008499059804,fallback: No module named 'cvxpy',heuristic,680,688,predicted_history_signal_no_proposed_feedback,False,cp_sat,False,,OPTIMAL
2026,0.14816541458439506,0.189244894135282,cp_sat,CP-SAT,50,50,50,6,60,69,10,0.1834319526627219,0.21305841924398625,57.7614223405011,61.13151119523778,rsu_covered_requests_only,582,94,30.382457736907693,29.865770385195404,65.2677032597974,28.883883032016072,29.907299912265433,36.0350210046731,168.1947861840243,117.22296758341719,115.25868045202863,182.350989979615,41,83,458,676,124,41,83,552,94,458,419.12901052530316,0.0,35,40,2,400.0,1.0167217833428348,fallback: No module named 'cvxpy',heuristic,680,676,predicted_history_signal_no_proposed_feedback,False,cp_sat,False,,OPTIMAL
2026,0.14816541458439506,0.189244894135282,cp_sat,CP-SAT,50,50,50,7,70,79,10,0.14970930232558138,0.24879227053140096,56.5197302003343,61.13151119523778,rsu_covered_requests_only,414,274,29.937519578685293,32.282600359177636,64.90875994664546,29.399040343021742,26.80651169963939,34.54790210600049,162.24804295674312,109.75220056989487,149.63738694254272,172.5804754819834,48,55,311,688,103,48,55,585,274,311,585.0852092606103,30.0,29,36,1,700.0,1.3239558157288704,fallback: No module named 'cvxpy',heuristic,680,688,predicted_history_signal_no_proposed_feedback,False,cp_sat,False,,OPTIMAL
2026,0.14816541458439506,0.189244894135282,cp_sat,CP-SAT,50,50,50,8,80,89,10,0.13196480938416422,0.1965065502183406,64.3017988310809,61.13151119523778,rsu_covered_requests_only,458,224,30.009193712143595,31.684753311490763,72.52921696892656,29.698536988624532,28.098560819072496,29.686467842061486,262.6990740482154,116.28443607537932,148.871765641856,295.407663403456,55,35,368,682,90,55,35,592,224,368,885.0852092606103,30.0,37,25,7,550.0,2.227918639725912,fallback: No module named 'cvxpy',heuristic,680,682,predicted_history_signal_no_proposed_feedback,False,cp_sat,False,,OPTIMAL
2026,0.14816541458439506,0.189244894135282,cp_sat,CP-SAT,50,50,50,9,90,99,10,0.1432791728212703,0.1432791728212703,66.9491948739976,61.13151119523778,rsu_covered_requests_only,677,0,31.030623236430618,32.731765883187045,72.85654418236705,28.21333646028357,26.187696895496686,26.03867332422041,269.4161187443653,126.21281529607792,152.07982895963963,291.849294554577,63,34,580,677,97,63,34,580,0,580,185.08520926061033,30.0,37,18,6,750.0,2.1023304044317945,fallback: No module named 'cvxpy',heuristic,680,677,predicted_history_signal_no_proposed_feedback,False,cp_sat,False,,OPTIMAL
2026,0.24736655524760823,0.31478715459297985,cp_sat,CP-SAT,100,100,100,0,0,9,10,0.3465491923641703,0.35542168674698793,53.88031425418229,56.70128604727679,rsu_covered_requests_only,664,17,27.21945738560635,31.514216545615735,66.56422927713096,32.989255263109634,27.68545174018453,33.53508419322494,173.2712381032035,75.02593599820842,135.2697409307422,199.1518140502585,35,201,428,681,236,35,201,445,17,428,369.84502088371073,30.0,21,49,1,550.0,1.3379411764705884,fallback: No module named 'cvxpy',heuristic,680,681,predicted_history_signal_no_proposed_feedback,False,cp_sat,False,,OPTIMAL
2026,0.24736655524760823,0.31478715459297985,cp_sat,CP-SAT,100,100,100,1,10,19,10,0.24817518248175183,0.4146341463414634,50.33514689069076,56.70128604727679,rsu_covered_requests_only,410,275,30.108983762600186,30.881458388580626,64.28864970386437,29.82855323944231,28.819771506976586,38.30147647459639,153.35722889221296,122.23819057977013,133.36467949732722,170.02207805337406,54,116,240,685,170,54,116,515,275,240,497.84502088371073,0.0,29,35,7,400.0,0.8936132375570583,fallback: No module named 'cvxpy',heuristic,680,685,predicted_history_signal_no_proposed_feedback,False,cp_sat,False,,OPTIMAL
2026,0.24736655524760823,0.31478715459297985,cp_sat,CP-SAT,100,100,100,2,20,29,10,0.15339233038348082,0.3586206896551724,56.41387630789957,56.70128604727679,rsu_covered_requests_only,290,388,28.992112124104,34.06341083447392,70.84672909108522,30.800226064355215,24.982261214873738,26.613252753742188,215.75924403319397,101.28344822622984,184.38219869259416,265.02388918660387,71,33,186,678,104,71,33,574,388,186,694.5557764981361,30.0,23,17,2,700.0,1.0495661787335289,fallback: No module named 'cvxpy',heuristic,680,678,predicted_history_signal_no_proposed_feedback,False,cp_sat,False,,OPTIMAL
2026,0.24736655524760823,0.31478715459297985,cp_sat,CP-SAT,100,100,100,3,30,39,10,0.18409425625920472,0.21294718909710392,63.38990256450276,56.70128604727679,rsu_covered_requests_only,587,92,29.348337768340407,32.58998303961872,72.27050488435171,29.94326662150054,26.3095447809506,27.016624810631498,249.01230999699288,97.93806699694281,149.83937702152778,284.60737234299023,78,47,462,679,125,78,47,554,92,462,994.5557764981361,30.0,33,17,7,150.0,1.4479598434935994,fallback: No module named 'cvxpy',heuristic,680,679,predicted_history_signal_no_proposed_feedback,False,cp_sat,False,,OPTIMAL
2026,0.24736655524760823,0.31478715459297985,cp_sat,CP-SAT,100,100,100,4,40,49,10,0.2411764705882353,0.2481089258698941,58.16658068537703,56.70128604727679,rsu_covered_requests_only,661,19,30.292734442287582,28.5479753404371,67.53991818831304,29.19578379771643,30.58388299475564,34.60884984064082,188.89243211736485,118.73870042874542,80.52361676415238,215.88632785209973,114,50,497,680,164,114,50,516,19,497,255.62147105231793,14.426277821672755,39,18,0,200.0,1.027371608199482,fallback: No module named 'cvxpy',heuristic,680,680,predicted_history_signal_no_proposed_feedback,False,cp_sat,False,,FEASIBLE
2026,0.24736655524760823,0.31478715459297985,cp_sat,CP-SAT,100,100,100,5,50,59,10,0.2936046511627907,0.33666666666666667,53.39564384416065,56.70128604727679,rsu_covered_requests_only,600,88,30.26696157766132,30.586300362937674,65.03803872757699,28.847864428428693,28.562249400530643,34.270891438687144,154.4106428048886,112.0934185176304,117.64824858890947,174.21340586386518,82,120,398,688,202,82,120,486,88,398,348.6054158040274,0.0,35,34,5,300.0,0.9135744405731631,fallback: No module named 'cvxpy',heuristic,680,688,predicted_history_signal_no_proposed_feedback,False,cp_sat,False,,OPTIMAL
2026,0.24736655524760823,0.31478715459297985,cp_sat,CP-SAT,100,100,100,6,60,69,10,0.3210059171597633,0.37285223367697595,52.58688112260632,56.70128604727679,rsu_covered_requests_only,582,94,30.758158194686235,30.284062575733294,65.76843149941254,28.315032575582432,29.405310759299184,35.05933992152301,163.77668371512218,120.50460513421538,120.82023861838069,189.36705794811624,60,157,365,676,217,60,157,459,94,365,412.6054158040274,0.0,35,40,2,400.0,0.8888717829841761,fallback: No module named 'cvxpy',heuristic,680,676,predicted_history_signal_no_proposed_feedback,False,cp_sat,False,,OPTIMAL
2026,0.24736655524760823,0.31478715459297985,cp_sat,CP-SAT,100,100,100,7,70,79,10,0.24709302325581395,0.4106280193236715,51.30610693402826,56.70128604727679,rsu_covered_requests_only,414,274,30.235088182453524,32.51508540154052,65.09903091744809,28.941692510080497,26.499103808580653,34.381305692292266,159.0037398138029,113.21463706502917,152.270410965921,175.6998420544046,75,95,244,688,170,75,95,518,274,244,604.955349406031,30.0,31,36,0,650.0,1.0880247241606467,fallback: No module named 'cvxpy',heuristic,680,688,predicted_history_signal_no_proposed_feedback,False,cp_sat,False,,OPTIMAL
2026,0.24736655524760823,0.31478715459297985,cp_sat,CP-SAT,100,100,100,8,80,89,10,0.21700879765395895,0.31422505307855625,59.83161285645921,56.70128604727679,rsu_covered_requests_only,471,211,30.04538428256927,31.789416999173294,73.11802659306368,29.128007882106075,27.687198890762993,29.455232978572106,248.8936210135252,110.12309629539968,145.13160505926245,305.2170500262303,81,67,323,682,148,81,67,534,211,323,904.955349406031,30.0,37,25,7,550.0,2.106499222242748,fallback: No module named 'cvxpy',heuristic,680,682,predicted_history_signal_no_proposed_feedback,False,cp_sat,False,,OPTIMAL
2026,0.24736655524760823,0.31478715459297985,cp_sat,CP-SAT,100,100,100,9,90,99,10,0.22156573116691286,0.22156573116691286,63.80468739384458,56.70128604727679,rsu_covered_requests_only,677,0,31.280323714430686,32.86752566127612,72.89343738035073,28.010011435346446,26.04367512979936,25.99075046860983,258.789468765577,132.49951074727772,154.1961047926136,292.42985669006674,94,56,527,677,150,94,56,527,0,527,204.95534940603102,30.0,37,18,7,750.0,1.976499222242748,fallback: No module named 'cvxpy',heuristic,680,677,predicted_history_signal_no_proposed_feedback,False,cp_sat,False,,OPTIMAL
2026,0.33844008103246614,0.39533687639293674,cp_sat,CP-SAT,150,150,150,0,0,9,10,0.4170337738619677,0.42771084337349397,51.573292093023724,54.1445591236754,rsu_covered_requests_only,664,17,28.125410747283343,32.38535861695324,67.01236577310706,32.43090045786177,26.77228825272811,32.76516255895116,173.5039164384203,93.29423491224527,150.31013551806447,205.54231654566067,98,186,380,681,284,98,186,397,17,380,374.62321792260695,30.0,23,49,0,500.0,1.1552941176470588,fallback: No module named 'cvxpy',heuristic,680,681,predicted_history_signal_no_proposed_feedback,False,cp_sat,False,,OPTIMAL
2026,0.33844008103246614,0.39533687639293674,cp_sat,CP-SAT,150,150,150,1,10,19,10,0.310948905109489,0.5182481751824818,45.81625363004726,54.1445591236754,rsu_covered_requests_only,411,274,29.471582503832874,31.362924433245656,63.064829298502886,29.88131984833507,28.075437888941963,40.02148677636927,128.50790343177601,100.8251765636229,139.46952174066118,151.45673546066627,178,35,198,685,213,178,35,472,274,198,674.623217922607,30.0,36,35,5,800.0,1.3191662872888463,fallback: No module named 'cvxpy',heuristic,680,685,predicted_history_signal_no_proposed_feedback,False,cp_sat,False,,OPTIMAL
2026,0.33844008103246614,0.39533687639293674,cp_sat,CP-SAT,150,150,150,2,20,29,10,0.3525073746312684,0.44672897196261685,55.703124326117994,54.1445591236754,rsu_covered_requests_only,535,143,31.331138961785378,34.26586504370746,75.03484422209172,27.75168337709436,24.837060568596687,23.601784468870605,243.94134605549613,131.5094213184599,185.31372843238495,328.3605327553754,204,35,296,678,239,204,35,439,143,296,974.623217922607,30.0,42,17,5,600.0,1.9603427578770816,fallback: No module named 'cvxpy',heuristic,680,678,predicted_history_signal_no_proposed_feedback,False,cp_sat,False,,OPTIMAL
2026,0.33844008103246614,0.39533687639293674,cp_sat,CP-SAT,150,150,150,3,30,39,10,0.2768777614138439,0.2984126984126984,60.33379335334553,54.1445591236754,rsu_covered_requests_only,630,49,30.26873356025686,32.36940321103234,72.71291926088847,29.104330209732424,26.50856282382963,26.352483551017066,242.71595708940586,116.84373407463414,144.63473166597095,290.847070514569,102,86,442,679,188,102,86,491,49,442,72.62321792260695,0.0,36,17,0,0.0,0.6638721696417873,fallback: No module named 'cvxpy',heuristic,680,679,predicted_history_signal_no_proposed_feedback,False,cp_sat,False,,OPTIMAL
2026,0.33844008103246614,0.39533687639293674,cp_sat,CP-SAT,150,150,150,4,40,49,10,0.27647058823529413,0.2844175491679274,56.78124756157833,54.1445591236754,rsu_covered_requests_only,661,19,30.68042919358017,28.439153712138907,67.45387802355391,28.45881485816909,30.665163332432297,34.7749527758476,183.69142976246107,119.53395704699801,77.99073168669868,214.72489290877377,125,63,473,680,188,125,63,492,19,473,183.94921902758574,20.241091109996145,37,18,5,0.0,1.9761780519947287,fallback: No module named 'cvxpy',heuristic,680,680,predicted_history_signal_no_proposed_feedback,False,cp_sat,False,,OPTIMAL
2026,0.33844008103246614,0.39533687639293674,cp_sat,CP-SAT,150,150,150,5,50,59,10,0.37209302325581395,0.40764331210191085,51.42971936839304,54.1445591236754,rsu_covered_requests_only,628,60,30.411762978476183,30.820839337813865,65.77162624993129,28.769307112505334,28.327575919586312,33.31409965684934,157.68045106085893,114.5592045538939,121.90547285630578,185.16325569584637,145,111,372,688,256,145,111,432,60,372,322.1190390175511,0.0,35,34,6,250.0,0.8696895446759032,fallback: No module named 'cvxpy',heuristic,680,688,predicted_history_signal_no_proposed_feedback,False,cp_sat,False,,OPTIMAL
2026,0.33844008103246614,0.39533687639293674,cp_sat,CP-SAT,150,150,150,6,60,69,10,0.386094674556213,0.4484536082474227,50.249120018253265,54.1445591236754,rsu_covered_requests_only,582,94,30.24154568293783,30.263662355634278,66.50573024837105,28.977527445120273,29.452110428260593,33.92218052829569,163.35324086941677,113.04383486843793,120.78390527833521,200.3287034533489,98,163,321,676,261,98,163,415,94,321,432.2610274679535,20.025816081891357,33,40,7,250.0,1.997421719865419,fallback: No module named 'cvxpy',heuristic,680,676,predicted_history_signal_no_proposed_feedback,False,cp_sat,False,,OPTIMAL
2026,0.33844008103246614,0.39533687639293674,cp_sat,CP-SAT,150,150,150,7,70,79,10,0.3226744186046512,0.49333333333333335,48.515757491025056,54.1445591236754,rsu_covered_requests_only,450,238,29.780898365369957,32.498317740634256,66.05440215223048,29.686372587721504,26.51322376436877,33.347633354162575,156.13330705954442,109.97115014305915,151.64676470999032,190.2961911648549,163,59,228,688,222,163,59,466,238,228,711.5229505698348,30.0,36,36,7,400.0,2.0595312525269547,fallback: No module named 'cvxpy',heuristic,680,688,predicted_history_signal_no_proposed_feedback,False,cp_sat,False,,OPTIMAL
2026,0.33844008103246614,0.39533687639293674,cp_sat,CP-SAT,150,150,150,8,80,89,10,0.3225806451612903,0.35714285714285715,58.4702001257892,54.1445591236754,rsu_covered_requests_only,616,66,30.161909934864234,30.30723204313657,74.16510118281899,29.424606634637488,29.648890584992643,26.88727024516319,247.33112634240004,115.52592923194567,124.21291337612845,318.64773175592546,133,87,396,682,220,133,87,462,66,396,11.522950569834848,30.0,38,25,7,550.0,1.8944319289650968,fallback: No module named 'cvxpy',heuristic,680,682,predicted_history_signal_no_proposed_feedback,False,cp_sat,False,,OPTIMAL
2026,0.33844008103246614,0.39533687639293674,cp_sat,CP-SAT,150,150,150,9,90,99,10,0.34711964549483015,0.35823170731707316,57.947584525877595,54.1445591236754,rsu_covered_requests_only,656,21,31.019574685086237,32.95942863430763,72.62847149130549,27.938679104654913,25.98581531408639,26.183949213072733,232.93364948738719,122.02082150493358,157.22691376602614,288.48911638532917,159,76,421,677,235,159,76,442,21,421,139.52295056983485,0.0,35,18,4,50.0,0.8250201642592145,fallback: No module named 'cvxpy',heuristic,680,677,predicted_history_signal_no_proposed_feedback,False,cp_sat,False,,OPTIMAL
2026,0.3936879599423885,0.486310063463282,cp_sat,CP-SAT,200,200,200,0,0,9,10,0.46255506607929514,0.4743975903614458,49.79087158665643,50.11492743528022,rsu_covered_requests_only,664,17,27.926949588656655,32.854941780191126,66.88428387763919,32.77165461067861,26.315001866009773,32.91860180653455,169.42023830495464,91.31237404171249,159.16144775911854,203.56407915815333,128,187,349,681,315,128,187,366,17,349,374.98842294828916,30.0,23,49,6,450.0,1.143235294117647,fallback: No module named 'cvxpy',heuristic,680,681,predicted_history_signal_no_proposed_feedback,False,cp_sat,False,,OPTIMAL
2026,0.3936879599423885,0.486310063463282,cp_sat,CP-SAT,200,200,200,1,10,19,10,0.345985401459854,0.5766423357664233,43.79482667132931,50.11492743528022,rsu_covered_requests_only,411,274,29.502101180638864,29.95685220389945,63.1893261692738,29.81926434427203,29.646892585108926,39.82482223438955,124.1814490959982,101.07932124579406,115.56820192465064,153.31659646088553,209,28,174,685,237,209,28,448,274,174,674.9884229482891,30.0,36,35,5,800.0,1.2451621089907534,fallback: No module named 'cvxpy',heuristic,680,685,predicted_history_signal_no_proposed_feedback,False,cp_sat,False,,OPTIMAL
2026,0.3936879599423885,0.486310063463282,cp_sat,CP-SAT,200,200,200,2,20,29,10,0.4174041297935103,0.5289719626168224,51.85620111868441,50.11492743528022,rsu_covered_requests_only,535,143,31.355434607337145,33.92294452050526,74.63436256628458,27.718817216628107,25.14314101846132,23.854728912437043,223.4802890675772,131.78517115278376,178.2731649545799,322.0279339828289,259,24,252,678,283,259,24,395,143,252,974.9884229482891,30.0,42,17,5,600.0,1.8878091678142832,fallback: No module named 'cvxpy',heuristic,680,678,predicted_history_signal_no_proposed_feedback,False,cp_sat,False,,OPTIMAL
2026,0.3936879599423885,0.486310063463282,cp_sat,CP-SAT,200,200,200,3,30,39,10,0.43593519882179677,0.46984126984126984,52.32710268172256,50.11492743528022,rsu_covered_requests_only,630,49,29.990675185891774,32.102788469162235,71.57842243143709,29.410054885308764,26.77173457806397,27.306050130395523,201.21221922597726,112.08380515208604,139.86909254120732,273.04597925713705,210,86,334,679,296,210,86,383,49,334,72.9884229482891,0.0,36,17,0,0.0,0.5898679913436947,fallback: No module named 'cvxpy',heuristic,680,679,predicted_history_signal_no_proposed_feedback,False,cp_sat,False,,OPTIMAL
2026,0.3936879599423885,0.486310063463282,cp_sat,CP-SAT,200,200,200,4,40,49,10,0.41323529411764703,0.42511346444780634,50.868993539171846,50.11492743528022,rsu_covered_requests_only,661,19,30.515169849502644,27.506001799479858,66.46651209772084,28.59925595390211,31.721441583028515,36.278361388758206,158.97354385794893,116.00953235602985,63.85262432530987,200.21489618994613,212,69,380,680,281,212,69,399,19,380,185.8363193309401,20.51779934230019,37,18,3,50.0,1.9495268148731064,fallback: No module named 'cvxpy',heuristic,680,680,predicted_history_signal_no_proposed_feedback,False,cp_sat,False,,OPTIMAL
2026,0.3936879599423885,0.486310063463282,cp_sat,CP-SAT,200,200,200,5,50,59,10,0.4694767441860465,0.4785185185185185,49.47130710835754,50.11492743528022,rsu_covered_requests_only,675,13,30.28160074788288,32.1812742625482,66.43242737163447,29.567872653324905,26.85224643007247,32.96029947469889,164.389133288725,122.19856933154081,144.38667833213805,195.53964203332396,203,120,352,688,323,203,120,365,13,352,228.425316042441,0.0,35,34,4,200.0,0.7140010201638956,fallback: No module named 'cvxpy',heuristic,680,688,predicted_history_signal_no_proposed_feedback,False,cp_sat,False,,OPTIMAL
2026,0.3936879599423885,0.486310063463282,cp_sat,CP-SAT,200,200,200,6,60,69,10,0.41863905325443784,0.4756302521008403,49.824830190706976,50.11492743528022,rsu_covered_requests_only,595,81,31.369689107575216,32.48573141342127,66.07810959112757,28.1124707750089,26.82499908612967,34.53330595532249,171.3736877841363,138.93385996478605,155.21779961540165,193.70014765718886,147,136,312,676,283,147,136,393,81,312,257.149367915118,0.0,28,40,7,250.0,0.7589294420860032,fallback: No module named 'cvxpy',heuristic,680,676,predicted_history_signal_no_proposed_feedback,False,cp_sat,False,,OPTIMAL
2026,0.3936879599423885,0.486310063463282,cp_sat,CP-SAT,200,200,200,7,70,79,10,0.3066860465116279,0.5096618357487923,48.23659855728464,50.11492743528022,rsu_covered_requests_only,414,274,29.141735384834067,34.06955063700397,65.51082374278741,30.20666506973743,25.02360719261907,33.51887457867991,160.45990546522745,97.44249790155519,182.76151701227303,181.4099398011819,105,106,203,688,211,105,106,477,274,203,449.1383761682398,30.0,19,36,5,550.0,1.0909999393574055,fallback: No module named 'cvxpy',heuristic,680,688,predicted_history_signal_no_proposed_feedback,False,cp_sat,False,,OPTIMAL
2026,0.3936879599423885,0.486310063463282,cp_sat,CP-SAT,200,200,200,8,80,89,10,0.2932551319648094,0.5617977528089888,47.58460568059603,50.11492743528022,rsu_covered_requests_only,356,326,30.891815046723792,32.235852172392704,68.80469123915628,28.143982522566667,27.28675024914415,33.54711979640443,176.65969640569799,122.99391351566274,156.03027036291536,241.01478027886938,179,21,156,682,200,179,21,482,326,156,749.1383761682398,30.0,30,25,7,0.0,1.4587671698048177,fallback: No module named 'cvxpy',heuristic,680,682,predicted_history_signal_no_proposed_feedback,False,cp_sat,False,,OPTIMAL
2026,0.3936879599423885,0.486310063463282,cp_sat,CP-SAT,200,200,200,9,90,99,10,0.37370753323485967,0.44076655052264807,54.07750454027914,50.11492743528022,rsu_covered_requests_only,574,103,28.827665864663423,32.501705020036745,72.98270011166014,30.600370234352514,26.361069739697395,26.227493031095165,213.52775487949458,92.24347107314797,147.10939387068802,294.2492144421728,166,87,321,677,253,166,87,424,103,321,49.1383761682398,30.0,34,18,6,700.0,1.9890612874518763,fallback: No module named 'cvxpy',heuristic,680,677,predicted_history_signal_no_proposed_feedback,False,cp_sat,False,,OPTIMAL
2026,0.4667581750849236,0.5609454930322808,cp_sat,CP-SAT,250,250,250,0,0,9,10,0.5389133627019089,0.552710843373494,46.83534617883552,47.29026459501497,rsu_covered_requests_only,664,17,27.812982922103465,33.25661777841341,66.78531975828513,33.09128836991912,25.985684865161208,33.039241493678695,163.16681578213795,91.17318779586223,167.83448475168328,202.05358299268977,173,194,297,681,367,173,194,314,17,297,378.80396732788796,30.0,24,49,0,500.0,1.0082352941176471,fallback: No module named 'cvxpy',heuristic,680,681,predicted_history_signal_no_proposed_feedback,False,cp_sat,False,,OPTIMAL
2026,0.4667581750849236,0.5609454930322808,cp_sat,CP-SAT,250,250,250,1,10,19,10,0.37372262773722625,0.624390243902439,42.591183029698904,47.29026459501497,rsu_covered_requests_only,410,275,29.771061676652288,32.123703452939864,63.29147780455883,29.127388233431855,27.28955795842894,39.73816144040979,125.59233190711181,99.54660544860356,153.0014485308417,155.00474911547926,216,40,154,685,256,216,40,429,275,154,618.8039673278879,10.0,32,35,5,550.0,0.9093195483560985,fallback: No module named 'cvxpy',heuristic,680,685,predicted_history_signal_no_proposed_feedback,False,cp_sat,False,,OPTIMAL
2026,0.4667581750849236,0.5609454930322808,cp_sat,CP-SAT,250,250,250,2,20,29,10,0.3672566371681416,0.5956937799043063,47.478507787034644,47.29026459501497,rsu_covered_requests_only,418,260,29.16025964487195,34.503181394187116,74.1203518589639,30.813226105635714,24.63398281502918,24.44739470126996,191.76992259766558,104.89952066531559,191.66515994096272,314.1149406398137,238,11,169,678,249,238,11,429,260,169,878.8039673278879,30.0,37,17,1,900.0,0.9111430777678632,fallback: No module named 'cvxpy',heuristic,680,678,predicted_history_signal_no_proposed_feedback,False,cp_sat,False,,OPTIMAL
2026,0.4667581750849236,0.5609454930322808,cp_sat,CP-SAT,250,250,250,3,30,39,10,0.5390279823269514,0.5390279823269514,49.94922013793202,47.29026459501497,rsu_covered_requests_only,679,0,31.37369138367843,31.875295290365962,71.55153590458359,27.914196479575864,26.965042666377936,27.330728007680552,197.8743774438541,133.68799887333563,134.75460138326073,272.6772080223694,292,74,313,679,366,292,74,313,0,313,175.05088324250437,26.24691591461637,41,17,7,150.0,1.0657901365913927,fallback: No module named 'cvxpy',heuristic,680,679,predicted_history_signal_no_proposed_feedback,False,cp_sat,False,,OPTIMAL
2026,0.4667581750849236,0.5609454930322808,cp_sat,CP-SAT,250,250,250,4,40,49,10,0.4264705882352941,0.5534351145038168,44.35402921800093,47.29026459501497,rsu_covered_requests_only,524,156,30.12878845555949,28.38799817510274,62.32580773940703,29.226610749910748,30.464582781258212,40.21876831843666,121.37940342691267,114.37178733282225,73.3976218109437,138.11880633841966,244,46,234,680,290,244,46,390,156,234,265.6947005449738,0.0,36,18,0,200.0,0.567727969431803,fallback: No module named 'cvxpy',heuristic,680,680,predicted_history_signal_no_proposed_feedback,False,cp_sat,False,,OPTIMAL
2026,0.4667581750849236,0.5609454930322808,cp_sat,CP-SAT,250,250,250,5,50,59,10,0.5276162790697675,0.5417910447761194,47.57820782744632,47.29026459501497,rsu_covered_requests_only,670,18,31.05551671897478,33.21086014614207,66.39168176678488,28.040400261411175,25.902356249299768,32.92460016813399,163.2156312198417,125.16102685002859,165.0178258432522,194.83964128479326,260,103,307,688,363,260,103,325,18,307,308.61059891005243,0.0,39,34,7,300.0,0.7651851245856516,fallback: No module named 'cvxpy',heuristic,680,688,predicted_history_signal_no_proposed_feedback,False,cp_sat,False,,OPTIMAL
2026,0.4667581750849236,0.5609454930322808,cp_sat,CP-SAT,250,250,250,6,60,69,10,0.4822485207100592,0.5601374570446735,46.83321566089434,47.29026459501497,rsu_covered_requests_only,582,94,30.420556636539022,33.53778147104708,66.33339529359515,28.640011815021442,25.840690661922643,34.25146256650905,163.06474673452277,113.82202659014041,175.940842435865,197.86733636268806,211,115,256,676,326,211,115,350,94,256,420.8059794983274,20.39916010695909,33,40,4,300.0,1.9608650449463436,fallback: No module named 'cvxpy',heuristic,680,676,predicted_history_signal_no_proposed_feedback,False,cp_sat,False,,OPTIMAL
2026,0.4667581750849236,0.5609454930322808,cp_sat,CP-SAT,250,250,250,7,70,79,10,0.40261627906976744,0.6155555555555555,44.01607814810305,47.29026459501497,rsu_covered_requests_only,450,238,29.724543311110867,32.38118323064619,66.53050469017235,29.72876121146073,26.541455273229676,32.63155764807018,144.97057390348246,108.91196920927901,147.15753841166642,197.40028395803196,253,24,173,688,277,253,24,411,238,173,710.5403302322748,30.0,37,36,7,850.0,1.2947169325345271,fallback: No module named 'cvxpy',heuristic,680,688,predicted_history_signal_no_proposed_feedback,False,cp_sat,False,,OPTIMAL
2026,0.4667581750849236,0.5609454930322808,cp_sat,CP-SAT,250,250,250,8,80,89,10,0.48533724340175954,0.5373376623376623,50.05553149834712,47.29026459501497,rsu_covered_requests_only,616,66,30.66404464326464,27.74806147802209,73.26238420397362,28.694261978771582,32.532188647240886,28.09583202253481,202.32614716395835,121.62201304695893,81.37635856852013,305.51747082284334,264,67,285,682,331,264,67,351,66,285,10.540330232274755,30.0,38,25,6,600.0,1.8901211001098077,fallback: No module named 'cvxpy',heuristic,680,682,predicted_history_signal_no_proposed_feedback,False,cp_sat,False,,OPTIMAL
2026,0.4667581750849236,0.5609454930322808,cp_sat,CP-SAT,250,250,250,9,90,99,10,0.5243722304283605,0.5411585365853658,49.92169773885669,47.29026459501497,rsu_covered_requests_only,656,21,31.102966575460265,33.30613344103411,71.47975104683279,27.854726631471742,25.694657180062176,27.116895930106846,196.4663848421026,123.5419280208196,164.88934425550056,270.52272025452197,268,87,301,677,355,268,87,322,21,301,138.54033023227475,0.0,35,18,2,50.0,0.717474041286278,fallback: No module named 'cvxpy',heuristic,680,677,predicted_history_signal_no_proposed_feedback,False,cp_sat,False,,OPTIMAL
2026,0.4815832803940022,0.6035688005886681,cp_sat,CP-SAT,300,300,300,0,0,9,10,0.5609397944199707,0.5753012048192772,45.76359733345099,45.34978747005348,rsu_covered_requests_only,664,17,27.217554151764347,33.405411051346434,65.86136068593325,33.022932859281894,25.633673855279866,34.2068499350809,154.97181155964785,75.61959718187795,167.48814736685475,187.8606338998905,153,229,282,681,382,153,229,299,17,282,365.9556313993173,30.0,21,49,7,650.0,1.465,fallback: No module named 'cvxpy',heuristic,680,681,predicted_history_signal_no_proposed_feedback,False,cp_sat,False,,OPTIMAL
2026,0.4815832803940022,0.6035688005886681,cp_sat,CP-SAT,300,300,300,1,10,19,10,0.3897810218978102,0.651219512195122,42.34715273623352,45.34978747005348,rsu_covered_requests_only,410,275,30.27956563116641,33.51400243764544,63.52183489472424,29.615443566260467,25.695744889587775,39.154823289370256,143.76337306133675,124.81724890519253,175.4708256292471,157.8850552029257,207,60,143,685,267,207,60,418,275,143,493.9556313993173,0.0,28,35,7,400.0,0.7530812085926522,fallback: No module named 'cvxpy',heuristic,680,685,predicted_history_signal_no_proposed_feedback,False,cp_sat,False,,OPTIMAL
2026,0.4815832803940022,0.6035688005886681,cp_sat,CP-SAT,300,300,300,2,20,29,10,0.2728613569321534,0.6379310344827587,43.59149501615858,45.34978747005348,rsu_covered_requests_only,290,388,27.97947721581158,34.70954993717832,70.5856160760944,32.2510773780018,24.45772283193065,26.79406876138301,154.5089396329605,89.42587970009986,199.6251571872607,260.7829574204075,177,8,105,678,185,177,8,493,388,105,693.9588748733614,30.0,23,17,6,750.0,1.0181517968279463,fallback: No module named 'cvxpy',heuristic,680,678,predicted_history_signal_no_proposed_feedback,False,cp_sat,False,,OPTIMAL
2026,0.4815832803940022,0.6035688005886681,cp_sat,CP-SAT,300,300,300,3,30,39,10,0.49779086892488955,0.575809199318569,47.89334331727818,45.34978747005348,rsu_covered_requests_only,587,92,29.714654257372292,31.49782322603499,71.7460841640733,29.434403411058696,27.236427219750702,27.3769079430534,180.53973825904848,101.93070065902448,125.86450025475962,276.19221920402265,223,115,249,679,338,223,115,341,92,249,993.9588748733614,30.0,33,17,7,150.0,1.3060887567822772,fallback: No module named 'cvxpy',heuristic,680,679,predicted_history_signal_no_proposed_feedback,False,cp_sat,False,,OPTIMAL
2026,0.4815832803940022,0.6035688005886681,cp_sat,CP-SAT,300,300,300,4,40,49,10,0.5573529411764706,0.5690690690690691,45.125795516967706,45.34978747005348,rsu_covered_requests_only,666,14,30.064850106102842,27.63053794250187,66.16818145762106,29.29964145256753,31.512687808353167,36.574401288176624,138.35862159205743,111.85998315319952,64.57456709332024,195.7586235170426,243,136,287,680,379,243,136,301,14,287,91.95887487336131,0.0,34,18,6,0.0,0.6990299332528653,fallback: No module named 'cvxpy',heuristic,680,680,predicted_history_signal_no_proposed_feedback,False,cp_sat,False,,OPTIMAL
2026,0.4815832803940022,0.6035688005886681,cp_sat,CP-SAT,300,300,300,5,50,59,10,0.5828488372093024,0.5828488372093024,45.790411634211715,45.34978747005348,rsu_covered_requests_only,688,0,30.536686871200853,31.817146932447756,66.3535696121834,28.41477665528782,27.235723538791625,33.191375584597594,153.16788367497614,113.11714406420445,138.6734881120371,194.16746828781086,233,168,287,688,401,233,168,287,0,287,293.9588748733613,30.0,34,34,2,350.0,0.9972181685469831,fallback: No module named 'cvxpy',heuristic,680,688,predicted_history_signal_no_proposed_feedback,False,cp_sat,False,,OPTIMAL
2026,0.4815832803940022,0.6035688005886681,cp_sat,CP-SAT,300,300,300,6,60,69,10,0.5295857988165681,0.6151202749140894,44.95968471954912,45.34978747005348,rsu_covered_requests_only,582,94,30.56763923205771,34.00741839743465,66.24136783561923,28.488714474982217,25.36128784320692,34.44344115232032,160.5470672215176,116.4927705318088,185.07628225830334,196.66351767485844,246,112,224,676,358,246,112,318,94,224,422.24675075983214,0.0,34,40,6,350.0,0.8007946391352184,fallback: No module named 'cvxpy',heuristic,680,676,predicted_history_signal_no_proposed_feedback,False,cp_sat,False,,OPTIMAL
2026,0.4815832803940022,0.6035688005886681,cp_sat,CP-SAT,300,300,300,7,70,79,10,0.3953488372093023,0.6570048309178744,42.742011045237774,45.34978747005348,rsu_covered_requests_only,414,274,30.136406515107993,34.07733204695545,65.30603693875887,29.022054656479174,24.997899177833617,33.80325336726208,143.34376769674964,109.91064203810338,182.51286000009435,178.24154062152638,215,57,142,688,272,215,57,416,274,142,591.4746930023878,30.0,29,36,7,850.0,1.292843929894571,fallback: No module named 'cvxpy',heuristic,680,688,predicted_history_signal_no_proposed_feedback,False,cp_sat,False,,OPTIMAL
2026,0.4815832803940022,0.6035688005886681,cp_sat,CP-SAT,300,300,300,8,80,89,10,0.42961876832844575,0.6397379912663755,44.639600458147676,45.34978747005348,rsu_covered_requests_only,458,224,29.844585047568234,25.05228184196079,72.04468736916867,29.484418038561216,36.941836958942474,30.430216795398984,169.57252608386372,109.03170818515981,60.31393273895268,288.59345267005955,254,39,165,682,293,254,39,389,224,165,891.4746930023878,30.0,36,25,7,0.0,1.2722593696851312,fallback: No module named 'cvxpy',heuristic,680,682,predicted_history_signal_no_proposed_feedback,False,cp_sat,False,,OPTIMAL
2026,0.4815832803940022,0.6035688005886681,cp_sat,CP-SAT,300,300,300,9,90,99,10,0.5997045790251108,0.5997045790251108,47.49321749784256,45.34978747005348,rsu_covered_requests_only,677,0,30.82151139681805,33.28795955333543,71.57809114240806,28.75825226498658,25.719116130855866,27.054312307924576,190.35330238031946,127.00693915013382,164.32383904855996,271.7612997286944,308,98,271,677,406,308,98,271,0,271,191.47469300238777,30.0,37,18,7,750.0,1.8704946638027782,fallback: No module named 'cvxpy',heuristic,680,677,predicted_history_signal_no_proposed_feedback,False,cp_sat,False,,OPTIMAL
2026,0.5226806184700596,0.6550772626931567,cp_sat,CP-SAT,350,350,350,0,0,9,10,0.6372980910425844,0.6536144578313253,43.018435117136974,43.41168880631619,rsu_covered_requests_only,664,17,27.052298930638816,33.1554405584301,66.11395935007397,33.20294519953345,25.95664080728658,33.95622624899392,150.5024388666813,73.06381160466876,163.99357653702828,191.85885853902118,169,265,230,681,434,169,265,247,17,230,365.9556313993173,30.0,21,49,7,650.0,1.465,fallback: No module named 'cvxpy',heuristic,680,681,predicted_history_signal_no_proposed_feedback,False,cp_sat,False,,OPTIMAL
2026,0.5226806184700596,0.6550772626931567,cp_sat,CP-SAT,350,350,350,1,10,19,10,0.4116788321167883,0.6878048780487804,41.13731536147557,43.41168880631619,rsu_covered_requests_only,410,275,30.31996849636684,33.851625933351535,63.369000397534556,29.529662092445427,25.374321809881152,39.44177443355267,142.62154469458264,124.98923083498721,181.94526132064223,155.65953485269142,224,58,128,685,282,224,58,403,275,128,493.9556313993173,0.0,28,35,7,400.0,0.7530812085926522,fallback: No module named 'cvxpy',heuristic,680,685,predicted_history_signal_no_proposed_feedback,False,cp_sat,False,,OPTIMAL
2026,0.5226806184700596,0.6550772626931567,cp_sat,CP-SAT,350,350,350,2,20,29,10,0.2831858407079646,0.6620689655172414,42.46241813832082,43.41168880631619,rsu_covered_requests_only,290,388,27.9834508484128,34.72406910338741,70.55424718569267,32.26427289490522,24.446837508883903,26.785084747453432,148.7824894015142,89.60201030738378,200.0,260.22187743521397,188,4,98,678,192,188,4,486,388,98,693.9588748733614,30.0,23,17,6,750.0,1.0181517968279463,fallback: No module named 'cvxpy',heuristic,680,678,predicted_history_signal_no_proposed_feedback,False,cp_sat,False,,OPTIMAL
2026,0.5226806184700596,0.6550772626931567,cp_sat,CP-SAT,350,350,350,3,30,39,10,0.5493372606774669,0.6354344122657581,45.38949747384703,43.41168880631619,rsu_covered_requests_only,587,92,29.727586590585886,31.5163296336185,71.60980077714234,29.408967098369196,27.21604373211019,27.482892656902557,170.0051774144755,101.970521569541,126.13499496290602,274.0225118182908,244,129,214,679,373,244,129,306,92,214,993.9588748733614,30.0,33,17,7,150.0,1.3060887567822772,fallback: No module named 'cvxpy',heuristic,680,679,predicted_history_signal_no_proposed_feedback,False,cp_sat,False,,OPTIMAL
2026,0.5226806184700596,0.6550772626931567,cp_sat,CP-SAT,350,350,350,4,40,49,10,0.6073529411764705,0.6201201201201201,43.32301525061904,43.41168880631619,rsu_covered_requests_only,666,14,30.209254720937835,27.64130347340174,66.28301382623707,29.12807721901621,31.49244170025094,36.664774447737344,134.5807278930357,114.0599892681171,64.63172160412293,197.97041170600988,260,153,253,680,413,260,153,267,14,253,91.95887487336131,0.0,34,18,6,0.0,0.6990299332528653,fallback: No module named 'cvxpy',heuristic,680,680,predicted_history_signal_no_proposed_feedback,False,cp_sat,False,,OPTIMAL
2026,0.5226806184700596,0.6550772626931567,cp_sat,CP-SAT,350,350,350,5,50,59,10,0.6351744186046512,0.6351744186046512,43.982845398987344,43.41168880631619,rsu_covered_requests_only,688,0,30.498727833429992,32.016823841913386,66.34631038140813,28.462352840735097,27.031989022448236,33.34897428112212,150.32965392787474,112.62404069963951,142.1707869704159,194.3167123618028,253,184,251,688,437,253,184,251,0,251,293.9588748733613,30.0,34,34,2,350.0,0.9972181685469831,fallback: No module named 'cvxpy',heuristic,680,688,predicted_history_signal_no_proposed_feedback,False,cp_sat,False,,OPTIMAL
2026,0.5226806184700596,0.6550772626931567,cp_sat,CP-SAT,350,350,350,6,60,69,10,0.5665680473372781,0.6580756013745704,43.563502766625135,43.41168880631619,rsu_covered_requests_only,582,94,30.615899632000538,34.23917780951823,66.31607511555285,28.4435337034812,25.100628305153514,34.38687164404742,159.54784717823753,117.44945371421441,188.81132877573327,197.8977042857757,264,119,199,676,383,264,119,293,94,199,422.24675075983214,0.0,34,40,6,350.0,0.8007946391352184,fallback: No module named 'cvxpy',heuristic,680,676,predicted_history_signal_no_proposed_feedback,False,cp_sat,False,,OPTIMAL
2026,0.5226806184700596,0.6550772626931567,cp_sat,CP-SAT,350,350,350,7,70,79,10,0.42441860465116277,0.7053140096618358,40.99446930338999,43.41168880631619,rsu_covered_requests_only,414,274,30.180790053355285,34.275153891400315,64.86276857164763,28.960800697701153,24.83377716900488,34.33549231820629,139.51186959251032,110.50331591275187,186.9891776557832,171.326180821261,232,60,122,688,292,232,60,396,274,122,591.4746930023878,30.0,29,36,7,850.0,1.292843929894571,fallback: No module named 'cvxpy',heuristic,680,688,predicted_history_signal_no_proposed_feedback,False,cp_sat,False,,OPTIMAL
2026,0.5226806184700596,0.6550772626931567,cp_sat,CP-SAT,350,350,350,8,80,89,10,0.4633431085043988,0.6899563318777293,42.262322036902475,43.41168880631619,rsu_covered_requests_only,458,224,29.66978044157163,24.18717084856515,71.75233829506298,29.704606545306117,37.964208951057635,30.99878386140901,156.85870605327477,106.62453234860817,47.19502192913874,284.5511024378838,278,38,142,682,316,278,38,366,224,142,891.4746930023878,30.0,36,25,7,0.0,1.2722593696851312,fallback: No module named 'cvxpy',heuristic,680,682,predicted_history_signal_no_proposed_feedback,False,cp_sat,False,,OPTIMAL
2026,0.5226806184700596,0.6550772626931567,cp_sat,CP-SAT,350,350,350,9,90,99,10,0.6484490398818316,0.6484490398818316,45.49856081505679,43.41168880631619,rsu_covered_requests_only,677,0,30.932371398334116,33.37648182035214,71.31897212134004,28.602770700230668,25.646311086598857,27.246783885406394,183.08765387809487,128.3750434108355,166.31416670776298,267.7475085791044,337,102,238,677,439,337,102,238,0,238,191.47469300238777,30.0,37,18,7,750.0,1.8704946638027782,fallback: No module named 'cvxpy',heuristic,680,677,predicted_history_signal_no_proposed_feedback,False,cp_sat,False,,OPTIMAL
2026,0.5545462567331187,0.6949963208241354,cp_sat,CP-SAT,400,400,400,0,0,9,10,0.6916299559471366,0.7093373493975904,41.08764076804871,41.905407120259284,rsu_covered_requests_only,664,17,27.12951894651849,33.243543556614505,66.0910829413817,33.11480634812434,25.843084773685614,33.97653947846861,147.51853739741344,74.26280841282107,165.21920952944544,191.50774792792345,185,286,193,681,471,185,286,210,17,193,365.9556313993173,30.0,21,49,7,650.0,1.465,fallback: No module named 'cvxpy',heuristic,680,681,predicted_history_signal_no_proposed_feedback,False,cp_sat,False,,OPTIMAL
2026,0.5545462567331187,0.6949963208241354,cp_sat,CP-SAT,400,400,400,1,10,19,10,0.42773722627737226,0.7146341463414634,40.256716988933626,41.905407120259284,rsu_covered_requests_only,410,275,30.291162122203858,34.67532567454124,63.26467486269669,29.5162770678481,24.510173520512442,39.65124438721041,141.76436137386008,123.90098510317466,196.54372810965737,154.21347770696892,241,52,117,685,293,241,52,392,275,117,493.9556313993173,0.0,28,35,7,400.0,0.7530812085926522,fallback: No module named 'cvxpy',heuristic,680,685,predicted_history_signal_no_proposed_feedback,False,cp_sat,False,,OPTIMAL
2026,0.5545462567331187,0.6949963208241354,cp_sat,CP-SAT,400,400,400,2,20,29,10,0.2935103244837758,0.6862068965517242,41.310439817875064,41.905407120259284,rsu_covered_requests_only,290,388,27.858219060769347,34.72406910338741,70.57703575830145,32.466052026871175,24.446837508883903,26.75752124152405,143.20727623770603,88.39543912804547,200.0,260.6176769308769,197,2,91,678,199,197,2,479,388,91,693.9588748733614,30.0,23,17,6,750.0,1.0181517968279463,fallback: No module named 'cvxpy',heuristic,680,678,predicted_history_signal_no_proposed_feedback,False,cp_sat,False,,OPTIMAL
2026,0.5545462567331187,0.6949963208241354,cp_sat,CP-SAT,400,400,400,3,30,39,10,0.5949926362297496,0.6882453151618398,43.14365633867637,41.905407120259284,rsu_covered_requests_only,587,92,29.73576416323189,31.41700318567225,71.46658647397891,29.39196788967283,27.307616653880004,27.519088673869906,160.1413495646744,101.99956609140983,124.14566986760465,271.67671622209417,265,139,183,679,404,265,139,275,92,183,993.9588748733614,30.0,33,17,7,150.0,1.3060887567822772,fallback: No module named 'cvxpy',heuristic,680,679,predicted_history_signal_no_proposed_feedback,False,cp_sat,False,,OPTIMAL
2026,0.5545462567331187,0.6949963208241354,cp_sat,CP-SAT,400,400,400,4,40,49,10,0.663235294117647,0.6771771771771772,41.106475189125355,41.905407120259284,rsu_covered_requests_only,666,14,30.232067397236037,27.66524439160425,65.958961924498,29.084960237289685,31.45670921103433,37.25854478731376,127.08878434972588,114.04999684155156,64.86401583233243,193.55992815792632,280,171,215,680,451,280,171,229,14,215,91.95887487336131,0.0,34,18,6,0.0,0.6990299332528653,fallback: No module named 'cvxpy',heuristic,680,680,predicted_history_signal_no_proposed_feedback,False,cp_sat,False,,OPTIMAL
2026,0.5545462567331187,0.6949963208241354,cp_sat,CP-SAT,400,400,400,5,50,59,10,0.6758720930232558,0.6758720930232558,42.53410250480524,41.905407120259284,rsu_covered_requests_only,688,0,30.567813309733996,32.02562182050474,66.23107668256375,28.394971529215677,27.045288752004137,33.37441036037232,147.3797204421965,113.90668348136772,142.79865804909477,192.30215573269774,273,192,223,688,465,273,192,223,0,223,293.9588748733613,30.0,34,34,2,350.0,0.9972181685469831,fallback: No module named 'cvxpy',heuristic,680,688,predicted_history_signal_no_proposed_feedback,False,cp_sat,False,,OPTIMAL
2026,0.5545462567331187,0.6949963208241354,cp_sat,CP-SAT,400,400,400,6,60,69,10,0.5902366863905325,0.6855670103092784,42.609443084612,41.905407120259284,rsu_covered_requests_only,582,94,30.680091090087746,34.5759524215468,66.00081194824979,28.37032013307155,24.639478262551318,35.043221297260075,157.9032192480144,118.41267898770478,193.45755191496065,193.5655481759437,276,123,183,676,399,276,123,277,94,183,422.24675075983214,0.0,34,40,6,350.0,0.8007946391352184,fallback: No module named 'cvxpy',heuristic,680,676,predicted_history_signal_no_proposed_feedback,False,cp_sat,False,,OPTIMAL
2026,0.5545462567331187,0.6949963208241354,cp_sat,CP-SAT,400,400,400,7,70,79,10,0.436046511627907,0.7246376811594203,40.42834574681412,41.905407120259284,rsu_covered_requests_only,414,274,30.274655561929237,34.596754101433596,65.02544695078973,28.861751784444003,24.550241746001614,34.060010889060024,140.17716133416124,112.2122261127177,193.78174025871826,173.69986110834571,244,56,114,688,300,244,56,388,274,114,591.4746930023878,30.0,29,36,7,850.0,1.292843929894571,fallback: No module named 'cvxpy',heuristic,680,688,predicted_history_signal_no_proposed_feedback,False,cp_sat,False,,OPTIMAL
2026,0.5545462567331187,0.6949963208241354,cp_sat,CP-SAT,400,400,400,8,80,89,10,0.4838709677419355,0.7205240174672489,40.93458282967662,41.905407120259284,rsu_covered_requests_only,458,224,29.737235598540984,22.704199423379713,71.67089389397539,29.636438705257273,39.9420810949717,31.16873957279417,151.0095929883749,107.79741021082988,28.21328251320883,283.55553563141365,296,34,128,682,330,296,34,352,224,128,891.4746930023878,30.0,36,25,7,0.0,1.2722593696851312,fallback: No module named 'cvxpy',heuristic,680,682,predicted_history_signal_no_proposed_feedback,False,cp_sat,False,,OPTIMAL
2026,0.5545462567331187,0.6949963208241354,cp_sat,CP-SAT,400,400,400,9,90,99,10,0.6883308714918759,0.6883308714918759,43.988990993522805,41.905407120259284,rsu_covered_requests_only,677,0,30.97260451144182,33.39556137056042,71.49589506871204,28.545435376468394,25.631335854847944,27.09888220179671,179.06967346362762,128.8660270552559,166.77006036578592,270.5448565383384,358,108,211,677,466,358,108,211,0,211,191.47469300238777,30.0,37,18,7,750.0,1.8704946638027782,fallback: No module named 'cvxpy',heuristic,680,677,predicted_history_signal_no_proposed_feedback,False,cp_sat,False,,OPTIMAL
