seed,average_chr,average_local_rsu_chr,method,method_label,rsu_cache_capacity,mrsu_cache_capacity,frsu_cache_capacity,round,physical_tick_start,physical_tick_end,decision_interval_ticks,chr,local_rsu_chr,round_delay_ms,average_delay_ms,latency_scope,latency_request_count,excluded_not_covered_request_count,mrsu_average_delay_ms,frsu_average_delay_ms,mbs_average_delay_ms,mrsu_average_rate_mbps,frsu_average_rate_mbps,mbs_average_rate_mbps,average_service_distance_m,mrsu_average_distance_m,frsu_average_distance_m,mbs_average_distance_m,mrsu_latency_request_count,frsu_latency_request_count,mbs_latency_request_count,request_count,hit_count,mrsu_hit_count,frsu_hit_count,mbs_miss_count,not_covered_count,not_cached_count,mrsu_position,mrsu_speed,mrsu_covered_count,frsu_covered_count,selected_hotspot_id,selected_hotspot_position,lambda_smooth,path_plan_status,path_plan_solver,decision_request_count,evaluation_request_count,decision_request_source,uses_proposed_miss_feedback,decision_policy,fallback_to_topk,fallback_reason,solver_status
7,0.16448076129159997,0.22006281900274832,thompson_sampling,Thompson Sampling,50,50,50,0,0,9,10,0.04747774480712166,0.08226221079691516,67.23418516671973,59.22604221320718,rsu_covered_requests_only,389,285,27.730553547862666,34.059091989987024,70.42058696773076,32.61852545584184,24.981956994695757,27.778180657639034,248.61560420852888,87.95879030370752,182.66349922896097,257.71062904452106,12,20,357,674,32,12,20,642,285,357,348.8842507428895,30.0,16,25,6,950.0,2.0785294117647055,fallback: No module named 'cvxpy',heuristic,680,674,predicted_history_signal_no_proposed_feedback,False,thompson_hotspot,,,
7,0.16448076129159997,0.22006281900274832,thompson_sampling,Thompson Sampling,50,50,50,1,10,19,10,0.03823529411764706,0.16774193548387098,49.96920880409537,59.22604221320718,rsu_covered_requests_only,155,525,32.15902040646378,22.038880644115682,54.18646474546906,26.630730803367936,40.86971766323212,58.61865186115509,45.085200431252815,145.18558437011728,18.96422524400129,32.73761043589197,18,8,129,680,26,18,8,654,525,129,648.8842507428894,30.0,12,12,1,950.0,1.6432151799165964,fallback: No module named 'cvxpy',heuristic,680,680,predicted_history_signal_no_proposed_feedback,False,thompson_hotspot,,,
7,0.16448076129159997,0.22006281900274832,thompson_sampling,Thompson Sampling,50,50,50,2,20,29,10,0.1091703056768559,0.14677103718199608,60.88317197588092,59.22604221320718,rsu_covered_requests_only,511,176,34.15658208493189,31.409868826248374,65.72002827324594,24.92019596012339,27.349556192824487,33.036592461213,178.53841024262266,183.57650303618274,125.85625727891272,182.70242946110722,37,38,436,687,75,37,38,612,176,436,948.8842507428894,30.0,21,29,3,200.0,1.6267445916813024,fallback: No module named 'cvxpy',heuristic,680,687,predicted_history_signal_no_proposed_feedback,False,thompson_hotspot,,,
7,0.16448076129159997,0.22006281900274832,thompson_sampling,Thompson Sampling,50,50,50,3,30,39,10,0.1952662721893491,0.1961367013372957,55.942609172481355,59.22604221320718,rsu_covered_requests_only,673,3,30.247066264005884,28.49789166522026,62.5095883351561,29.011007628362258,32.45456784562872,43.770496376442274,139.68689450621392,111.79070924200389,103.84981542298802,147.84374974877434,40,92,541,676,132,40,92,544,3,541,215.90601230323819,16.808704624139466,18,43,7,150.0,1.2129210622695379,fallback: No module named 'cvxpy',heuristic,680,676,predicted_history_signal_no_proposed_feedback,False,thompson_hotspot,,,
7,0.16448076129159997,0.22006281900274832,thompson_sampling,Thompson Sampling,50,50,50,4,40,49,10,0.21585903083700442,0.2784090909090909,53.31757569682159,59.22604221320718,rsu_covered_requests_only,528,153,28.912511184221092,31.476589527730773,62.3231812201764,30.983183294340876,28.35190217779761,43.82974223016253,138.0915394936704,99.64702785330684,144.21947696576,145.7881899274599,86,61,381,681,147,86,61,534,153,381,492.88909426412454,30.0,29,38,2,550.0,1.344616301652849,fallback: No module named 'cvxpy',heuristic,680,681,predicted_history_signal_no_proposed_feedback,False,thompson_hotspot,,,
7,0.16448076129159997,0.22006281900274832,thompson_sampling,Thompson Sampling,50,50,50,5,50,59,10,0.17690058479532164,0.2671081677704194,58.54671204214397,59.22604221320718,rsu_covered_requests_only,453,231,28.52141112269617,34.26005869781943,68.98840069146509,30.87362766428374,24.850588479199192,29.88187156054918,203.05231939207087,85.6268553623776,187.64673772757845,236.93757408786018,92,29,332,684,121,92,29,563,231,332,737.4457270236963,11.518877586523928,31,31,0,650.0,1.0821853539272264,fallback: No module named 'cvxpy',heuristic,680,684,predicted_history_signal_no_proposed_feedback,False,thompson_hotspot,,,
7,0.16448076129159997,0.22006281900274832,thompson_sampling,Thompson Sampling,50,50,50,6,60,69,10,0.16567164179104477,0.22469635627530365,65.98133613081374,59.22604221320718,rsu_covered_requests_only,494,176,29.66329980995365,31.38466757447002,76.4170402465452,29.53103515480008,28.35298111690326,25.50348155488571,299.48853139948966,103.19266932747678,141.56614371483218,354.3746180894278,91,20,383,670,111,91,20,559,176,383,853.5967477158875,0.0,30,17,1,800.0,0.9769087901633122,fallback: No module named 'cvxpy',heuristic,680,670,predicted_history_signal_no_proposed_feedback,False,thompson_hotspot,,,
7,0.16448076129159997,0.22006281900274832,thompson_sampling,Thompson Sampling,50,50,50,7,70,79,10,0.21594202898550724,0.22439759036144577,64.01189660897806,59.22604221320718,rsu_covered_requests_only,664,26,29.34578244504306,31.651722048914845,73.82211014264135,29.919315770909304,27.483323253022338,25.80831649741378,264.2839621791493,96.74275406627932,136.44544677504544,308.9795118220387,100,49,515,690,149,100,49,541,26,515,18.693032374810173,30.0,30,19,6,150.0,1.332383051498758,fallback: No module named 'cvxpy',heuristic,680,690,predicted_history_signal_no_proposed_feedback,False,thompson_hotspot,,,
7,0.16448076129159997,0.22006281900274832,thompson_sampling,Thompson Sampling,50,50,50,8,80,89,10,0.24260355029585798,0.2496194824961948,58.46280235292678,59.22604221320718,rsu_covered_requests_only,657,19,29.955636736179454,28.429160965615054,68.0821534585077,29.483912177821733,31.332761934746312,32.5066922046612,194.2115970367169,111.0847613919634,89.58773972320218,223.78293577741687,120,44,493,676,164,120,44,512,19,493,299.1123695317875,20.20966857848867,36,23,4,250.0,1.2256990579127467,fallback: No module named 'cvxpy',heuristic,680,676,predicted_history_signal_no_proposed_feedback,False,thompson_hotspot,,,
7,0.16448076129159997,0.22006281900274832,thompson_sampling,Thompson Sampling,50,50,50,9,90,99,10,0.23768115942028986,0.28771929824561404,54.132238106954695,59.22604221320718,rsu_covered_requests_only,570,120,31.45819942893666,32.07206948788571,63.25189751991598,27.898481495229394,26.93140260236295,36.96502287842661,144.44817356413043,137.1108117987389,143.2964969540475,147.01590636089446,138,26,406,690,164,138,26,526,120,406,579.8634196507453,30.0,38,35,7,100.0,2.0088009784322054,fallback: No module named 'cvxpy',heuristic,680,690,predicted_history_signal_no_proposed_feedback,False,thompson_hotspot,,,
7,0.22176092309522732,0.3037185929648241,thompson_sampling,Thompson Sampling,100,100,100,0,0,9,10,0.07566765578635015,0.13110539845758354,65.44610861035684,56.17135412340024,rsu_covered_requests_only,389,285,25.928157167971417,33.707846787331,70.64932093616392,34.77017993355719,25.281148686345176,27.550259787888972,244.83440340780385,62.57763698953655,174.90852166702032,261.36746817991826,18,33,338,674,51,18,33,623,285,338,363.15937149270485,30.0,16,25,6,650.0,1.5723529411764705,fallback: No module named 'cvxpy',heuristic,680,674,predicted_history_signal_no_proposed_feedback,False,thompson_hotspot,,,
7,0.22176092309522732,0.3037185929648241,thompson_sampling,Thompson Sampling,100,100,100,1,10,19,10,0.05,0.21935483870967742,48.34290983223435,56.17135412340024,rsu_covered_requests_only,155,525,32.68880823758765,23.46347631094118,54.037704022077136,26.155952183295042,38.531275723232056,59.29651005999854,45.25277837741986,156.60691596564416,31.37894362007736,31.557198640849688,17,17,121,680,34,17,17,646,525,121,663.1593714927048,30.0,12,12,2,850.0,1.362304581765366,fallback: No module named 'cvxpy',heuristic,680,680,predicted_history_signal_no_proposed_feedback,False,thompson_hotspot,,,
7,0.22176092309522732,0.3037185929648241,thompson_sampling,Thompson Sampling,100,100,100,2,20,29,10,0.18777292576419213,0.25244618395303325,57.499820468711846,56.17135412340024,rsu_covered_requests_only,511,176,34.05413057491645,31.589609166316574,65.92702253043697,25.006266559464535,27.220839465140457,32.829045072648846,176.9237661642615,181.2745123004762,130.48638541024957,185.95783886781183,50,79,382,687,129,50,79,558,176,382,963.1593714927048,30.0,20,29,2,150.0,1.3696575229418366,fallback: No module named 'cvxpy',heuristic,680,687,predicted_history_signal_no_proposed_feedback,False,thompson_hotspot,,,
7,0.22176092309522732,0.3037185929648241,thompson_sampling,Thompson Sampling,100,100,100,3,30,39,10,0.27514792899408286,0.2897196261682243,51.96566028954342,56.17135412340024,rsu_covered_requests_only,642,34,29.101149066218856,28.60899864684147,61.43335939585221,30.072800950468448,32.44600624061496,45.19391286702607,123.41661951280163,90.72098945095327,106.87545052621849,132.1121300186,55,131,456,676,186,55,131,490,34,456,263.15937149270485,30.0,21,43,6,500.0,1.486128111177131,fallback: No module named 'cvxpy',heuristic,680,676,predicted_history_signal_no_proposed_feedback,False,thompson_hotspot,,,
7,0.22176092309522732,0.3037185929648241,thompson_sampling,Thompson Sampling,100,100,100,4,40,49,10,0.2657856093979442,0.3428030303030303,50.84627309219159,56.17135412340024,rsu_covered_requests_only,528,153,28.309137218791335,31.617673315349567,61.886853454853195,31.730358657627246,28.411975665428507,44.572412504945504,130.4842913109446,87.20637226497398,149.59226529553098,139.57466989892416,106,75,347,681,181,106,75,500,153,347,563.1593714927048,30.0,32,38,6,650.0,1.2970104641183071,fallback: No module named 'cvxpy',heuristic,680,681,predicted_history_signal_no_proposed_feedback,False,thompson_hotspot,,,
7,0.22176092309522732,0.3037185929648241,thompson_sampling,Thompson Sampling,100,100,100,5,50,59,10,0.32748538011695905,0.34890965732087226,58.794320888428125,56.17135412340024,rsu_covered_requests_only,642,42,30.172749970874104,33.170729520856916,73.85248041733428,29.589609035638496,26.10384412553133,25.968934873476332,246.07647967184238,118.80904288230454,167.78769973583348,309.70743235980615,185,39,418,684,224,185,39,460,42,418,863.1593714927048,30.0,43,31,7,500.0,2.0164222288241893,fallback: No module named 'cvxpy',heuristic,680,684,predicted_history_signal_no_proposed_feedback,False,thompson_hotspot,,,
7,0.22176092309522732,0.3037185929648241,thompson_sampling,Thompson Sampling,100,100,100,6,60,69,10,0.29253731343283584,0.29253731343283584,62.546708993051155,56.17135412340024,rsu_covered_requests_only,670,0,30.262415754992986,32.901364359602994,75.72374289160915,29.752993580539105,26.709008157210082,25.250604984045466,279.5213422601584,123.61106751636036,167.0071881289437,341.15242688208735,165,31,474,670,196,165,31,474,0,474,163.15937149270485,30.0,39,17,2,800.0,1.9649516405888952,fallback: No module named 'cvxpy',heuristic,680,670,predicted_history_signal_no_proposed_feedback,False,thompson_hotspot,,,
7,0.22176092309522732,0.3037185929648241,thompson_sampling,Thompson Sampling,100,100,100,7,70,79,10,0.21304347826086956,0.3466981132075472,55.95207633848507,56.17135412340024,rsu_covered_requests_only,424,266,32.00774164424161,33.088874890564746,68.59264650045725,26.957941869646845,26.122036126231986,29.811764502338608,200.71679683774076,143.18091937064128,167.90886778936687,229.73267721516058,130,17,277,690,147,130,17,543,266,277,463.15937149270485,30.0,25,19,3,950.0,1.7905398758830133,fallback: No module named 'cvxpy',heuristic,680,690,predicted_history_signal_no_proposed_feedback,False,thompson_hotspot,,,
7,0.22176092309522732,0.3037185929648241,thompson_sampling,Thompson Sampling,100,100,100,8,80,89,10,0.20118343195266272,0.4121212121212121,50.06443564842416,56.17135412340024,rsu_covered_requests_only,330,346,33.69970655106963,29.760936268618533,62.409643274123184,25.353862418388797,29.528457738970356,41.47296612233153,147.71958768013062,177.36882721077532,107.5763531541051,142.40401968151792,93,43,194,676,136,93,43,540,346,194,763.1593714927048,30.0,21,23,0,200.0,1.6799516405888952,fallback: No module named 'cvxpy',heuristic,680,676,predicted_history_signal_no_proposed_feedback,False,thompson_hotspot,,,
7,0.22176092309522732,0.3037185929648241,thompson_sampling,Thompson Sampling,100,100,100,9,90,99,10,0.3289855072463768,0.33187134502923976,54.111713399418875,56.17135412340024,rsu_covered_requests_only,684,6,32.03600194885155,30.55307545624529,65.61252165009462,27.492506524686878,28.77711727612024,34.19661166765012,164.14195702687758,150.3202194060659,117.75505624715164,182.76512193091497,62,165,457,690,227,62,165,463,6,457,63.15937149270485,30.0,17,35,2,400.0,1.5881869347065425,fallback: No module named 'cvxpy',heuristic,680,690,predicted_history_signal_no_proposed_feedback,False,thompson_hotspot,,,
7,0.2658035955627927,0.35522446579102135,thompson_sampling,Thompson Sampling,150,150,150,0,0,9,10,0.10682492581602374,0.18508997429305912,63.404476111325586,54.0610693761531,rsu_covered_requests_only,389,285,26.23598409833143,33.6957773613999,70.74050494909012,34.39578483093004,25.299308564654787,27.453515100892215,239.5846007749242,66.53727709048671,174.89417892277368,262.8231904252775,25,47,317,674,72,25,47,602,285,317,365.03139717425427,30.0,16,25,6,650.0,1.4988235294117647,fallback: No module named 'cvxpy',heuristic,680,674,predicted_history_signal_no_proposed_feedback,False,thompson_hotspot,,,
7,0.2658035955627927,0.35522446579102135,thompson_sampling,Thompson Sampling,150,150,150,1,10,19,10,0.075,0.32903225806451614,46.133474692865825,54.0610693761531,rsu_covered_requests_only,155,525,33.0428032944481,22.99008300912662,54.38949321921594,25.829307170231854,38.831667309535575,57.872713093432026,60.012403915146805,163.8522001504068,23.724969447239797,34.69113252439599,32,19,104,680,51,32,19,629,525,104,665.0313971742543,30.0,12,12,2,0.0,1.4534003601440577,fallback: No module named 'cvxpy',heuristic,680,680,predicted_history_signal_no_proposed_feedback,False,thompson_hotspot,,,
7,0.2658035955627927,0.35522446579102135,thompson_sampling,Thompson Sampling,150,150,150,2,20,29,10,0.2081513828238719,0.2765957446808511,56.70439871073123,54.0610693761531,rsu_covered_requests_only,517,170,33.9713397149337,31.59306677027923,65.9369672580432,25.079485476909323,27.228609262233242,32.83635771038569,176.21612130420013,179.3689377486847,130.7380196149114,186.0631140577013,58,85,374,687,143,58,85,544,170,374,965.0313971742543,30.0,20,29,4,300.0,1.5431062424969988,fallback: No module named 'cvxpy',heuristic,680,687,predicted_history_signal_no_proposed_feedback,False,thompson_hotspot,,,
7,0.2658035955627927,0.35522446579102135,thompson_sampling,Thompson Sampling,150,150,150,3,30,39,10,0.2958579881656805,0.3115264797507788,51.21942292991145,54.0610693761531,rsu_covered_requests_only,642,34,29.397377917312866,29.03412549140947,61.20131222926227,29.63552995297541,31.81311961738662,45.9580890687627,122.23377727308839,93.87929533028547,112.57952981278399,129.52148241189673,69,131,442,676,200,69,131,476,34,442,265.0313971742544,30.0,21,43,4,400.0,1.2684003601440577,fallback: No module named 'cvxpy',heuristic,680,676,predicted_history_signal_no_proposed_feedback,False,thompson_hotspot,,,
7,0.2658035955627927,0.35522446579102135,thompson_sampling,Thompson Sampling,150,150,150,4,40,49,10,0.30983847283406757,0.3996212121212121,49.309182574901264,54.0610693761531,rsu_covered_requests_only,528,153,28.25751779272493,30.54935266500567,62.7575679029811,31.260065039087497,30.06940300367278,42.48682723865834,131.7762323419144,83.27650578685694,136.81448630336575,150.8850014991051,133,78,317,681,211,133,78,470,153,317,541.0313971742544,18.0,31,38,1,500.0,0.915753301320528,fallback: No module named 'cvxpy',heuristic,680,681,predicted_history_signal_no_proposed_feedback,False,thompson_hotspot,,,
7,0.2658035955627927,0.35522446579102135,thompson_sampling,Thompson Sampling,150,150,150,5,50,59,10,0.28362573099415206,0.4282560706401766,52.58093538388655,54.0610693761531,rsu_covered_requests_only,453,231,29.858313750186895,32.98859063352937,69.08127009799468,29.832210311422653,26.35011917096494,29.47648545022039,189.81980415608228,113.95402244765806,167.66415170708026,237.72878521121413,151,43,259,684,194,151,43,490,231,259,661.0313971742544,0.0,30,31,3,600.0,0.7796003601440575,fallback: No module named 'cvxpy',heuristic,680,684,predicted_history_signal_no_proposed_feedback,False,thompson_hotspot,,,
7,0.2658035955627927,0.35522446579102135,thompson_sampling,Thompson Sampling,150,150,150,6,60,69,10,0.23582089552238805,0.3412526997840173,60.328219309145595,54.0610693761531,rsu_covered_requests_only,463,207,29.832056017135464,30.456669034381676,76.08117771491013,29.264592093099115,29.746340201128703,26.095359977382873,267.69217697374904,104.6202437455994,132.55059535983403,350.15413669353427,136,22,305,670,158,136,22,512,207,305,855.8242068309896,30.0,29,17,3,950.0,1.0683062424969987,fallback: No module named 'cvxpy',heuristic,680,670,predicted_history_signal_no_proposed_feedback,False,thompson_hotspot,,,
7,0.2658035955627927,0.35522446579102135,thompson_sampling,Thompson Sampling,150,150,150,7,70,79,10,0.336231884057971,0.3493975903614458,58.40585296539359,54.0610693761531,rsu_covered_requests_only,664,26,28.052454580216136,31.966002786036224,73.94578439148684,32.55020531557133,27.090725815751085,25.713291936402836,239.41386238792757,86.44845144384702,140.70896919638366,311.0112972208294,148,84,432,690,232,148,84,458,26,432,43.824206830989624,2.0,30,19,3,950.0,0.816546178178537,fallback: No module named 'cvxpy',heuristic,680,690,predicted_history_signal_no_proposed_feedback,False,thompson_hotspot,,,
7,0.2658035955627927,0.35522446579102135,thompson_sampling,Thompson Sampling,150,150,150,8,80,89,10,0.40088757396449703,0.4124809741248097,51.77009820730192,54.0610693761531,rsu_covered_requests_only,657,19,29.05819334502474,28.013243072502107,68.01328667272836,30.63455921525239,31.903573763614308,32.629516219340125,168.69435537610838,95.84305162107253,85.05604221899218,222.91527338606573,161,110,386,676,271,161,110,405,19,386,175.52773481837352,22.309732361342522,30,23,6,0.0,1.9694991193550075,fallback: No module named 'cvxpy',heuristic,680,676,predicted_history_signal_no_proposed_feedback,False,thompson_hotspot,,,
7,0.2658035955627927,0.35522446579102135,thompson_sampling,Thompson Sampling,150,150,150,9,90,99,10,0.4057971014492754,0.4423380726698262,49.24269018768449,54.0610693761531,rsu_covered_requests_only,633,57,28.80697587390037,32.94650430241646,64.24447086678477,30.45581504924938,26.020876857017463,35.44945015142487,140.33898165310157,87.84455572248561,157.70276847741513,161.59406195569284,177,103,353,690,280,177,103,410,57,353,329.83746717971604,0.0,29,35,3,250.0,0.7865198270890557,fallback: No module named 'cvxpy',heuristic,680,690,predicted_history_signal_no_proposed_feedback,False,thompson_hotspot,,,
7,0.28752052876016265,0.39890154597233524,thompson_sampling,Thompson Sampling,200,200,200,0,0,9,10,0.1172106824925816,0.20308483290488433,62.791194686487565,52.05671606309839,rsu_covered_requests_only,389,285,26.425007107029177,33.66283714154222,70.86796722525223,33.83988806651858,25.32594960526465,27.336385688733795,238.62239118150293,65.45466532030933,174.1239079617056,264.87438785351287,28,51,310,674,79,28,51,595,285,310,352.1857636281724,30.0,16,25,6,50.0,1.9585294117647054,fallback: No module named 'cvxpy',heuristic,680,674,predicted_history_signal_no_proposed_feedback,False,thompson_hotspot,,,
7,0.28752052876016265,0.39890154597233524,thompson_sampling,Thompson Sampling,200,200,200,1,10,19,10,0.09411764705882353,0.4129032258064516,43.543681609102606,52.05671606309839,rsu_covered_requests_only,155,525,31.816750367328794,23.72792325306949,54.2800635725398,26.90916107592513,37.914342569133495,58.045643235924665,57.136345685148875,137.06485131739984,32.238481994578194,33.17715865849992,36,28,91,680,64,36,28,616,525,91,652.1857636281725,30.0,12,12,2,0.0,1.3965702719892583,fallback: No module named 'cvxpy',heuristic,680,680,predicted_history_signal_no_proposed_feedback,False,thompson_hotspot,,,
7,0.28752052876016265,0.39890154597233524,thompson_sampling,Thompson Sampling,200,200,200,2,20,29,10,0.19359534206695778,0.2602739726027397,57.086342218997814,52.05671606309839,rsu_covered_requests_only,511,176,34.15120256840321,31.99697271563452,65.55504503175679,24.928453951180963,26.847081479078053,33.29080433101413,174.9413276332277,183.57063132546205,138.65945144316595,180.22197631231114,63,70,378,687,133,63,70,554,176,378,952.1857636281725,30.0,21,29,6,350.0,1.5880408602245524,fallback: No module named 'cvxpy',heuristic,680,687,predicted_history_signal_no_proposed_feedback,False,thompson_hotspot,,,
7,0.28752052876016265,0.39890154597233524,thompson_sampling,Thompson Sampling,200,200,200,3,30,39,10,0.2958579881656805,0.3115264797507788,51.07936744227203,52.05671606309839,rsu_covered_requests_only,642,34,29.13243731526276,28.999975680206312,61.045468117246045,30.29876433627931,31.76406081933798,46.513922619830076,120.33642911474755,93.24794198355046,110.61730695919081,127.95659282314995,82,118,442,676,200,82,118,476,34,442,252.18576362817248,30.0,21,43,3,450.0,1.2692173308127874,fallback: No module named 'cvxpy',heuristic,680,676,predicted_history_signal_no_proposed_feedback,False,thompson_hotspot,,,
7,0.28752052876016265,0.39890154597233524,thompson_sampling,Thompson Sampling,200,200,200,4,40,49,10,0.3274596182085169,0.42234848484848486,48.62362612780611,52.05671606309839,rsu_covered_requests_only,528,153,28.52333610665513,31.4985408220123,62.62731511117107,30.894286221841508,28.53341609065655,42.87316431446663,130.92793186172025,86.32625647904278,147.64019540218936,149.2652562774372,152,71,305,681,223,152,71,458,153,305,540.1857636281725,22.0,31,38,1,500.0,0.8589232131657286,fallback: No module named 'cvxpy',heuristic,680,681,predicted_history_signal_no_proposed_feedback,False,thompson_hotspot,,,
7,0.28752052876016265,0.39890154597233524,thompson_sampling,Thompson Sampling,200,200,200,5,50,59,10,0.32748538011695905,0.49448123620309054,50.708980210763194,52.05671606309839,rsu_covered_requests_only,453,231,31.731828964571346,32.87635864275966,69.05187354398016,27.434567409139866,26.54064832956103,29.658096384355805,192.57706144453348,141.64349224192887,166.67321922715666,237.5893387983912,180,44,229,684,224,180,44,460,231,229,590.1857636281725,0.0,31,31,5,550.0,0.6568761543421993,fallback: No module named 'cvxpy',heuristic,680,684,predicted_history_signal_no_proposed_feedback,False,thompson_hotspot,,,
7,0.28752052876016265,0.39890154597233524,thompson_sampling,Thompson Sampling,200,200,200,6,60,69,10,0.21343283582089553,0.43730886850152906,53.47251086511243,52.05671606309839,rsu_covered_requests_only,327,343,29.15839145177887,29.28705664644351,72.34643363618542,31.03642346635883,31.626728194401192,29.203690712879354,214.26852973922206,106.47964741254741,123.65478727524136,295.0522563539409,111,32,184,670,143,111,32,527,343,184,753.4427091154826,13.81423637182752,23,17,5,700.0,0.7824643896363168,fallback: No module named 'cvxpy',heuristic,680,670,predicted_history_signal_no_proposed_feedback,False,thompson_hotspot,,,
7,0.28752052876016265,0.39890154597233524,thompson_sampling,Thompson Sampling,200,200,200,7,70,79,10,0.3652173913043478,0.417910447761194,55.75947157516052,52.05671606309839,rsu_covered_requests_only,603,87,29.715169936464758,31.49343282787521,74.01211225466824,29.4672922650022,27.58205474247933,25.832622069166714,229.1828478594984,103.04758423337957,132.66887626918273,312.3150778726929,164,88,351,690,252,164,88,438,87,351,968.6996546027926,10.0,28,19,4,900.0,0.8169950663851668,fallback: No module named 'cvxpy',heuristic,680,690,predicted_history_signal_no_proposed_feedback,False,thompson_hotspot,,,
7,0.28752052876016265,0.39890154597233524,thompson_sampling,Thompson Sampling,200,200,200,8,80,89,10,0.4408284023668639,0.4414814814814815,50.57493262636645,52.05671606309839,rsu_covered_requests_only,675,1,29.01343931892693,28.243661888128234,67.85713147257447,30.587834719575003,31.53665882908009,33.04260981295053,163.75054812877346,94.59915620632052,86.79177792597636,220.83430953909507,181,117,377,676,298,181,117,378,1,377,179.87490999141232,30.0,30,23,7,950.0,1.9742198607810755,fallback: No module named 'cvxpy',heuristic,680,676,predicted_history_signal_no_proposed_feedback,False,thompson_hotspot,,,
7,0.28752052876016265,0.39890154597233524,thompson_sampling,Thompson Sampling,200,200,200,9,90,99,10,0.5,0.5450236966824644,45.62512076685999,52.05671606309839,rsu_covered_requests_only,633,57,28.71398544581545,32.73887714794972,63.98260831640898,30.556204026177706,26.250843032999118,36.061825692167226,133.73123691887398,86.73246166991588,154.22267444483813,158.16147484769732,209,136,288,690,345,209,136,345,57,288,337.8749099914123,0.0,29,35,3,250.0,0.7073390875993991,fallback: No module named 'cvxpy',heuristic,680,690,predicted_history_signal_no_proposed_feedback,False,thompson_hotspot,,,
7,0.36144231485504213,0.49557165861513686,thompson_sampling,Thompson Sampling,250,250,250,0,0,9,10,0.142433234421365,0.2467866323907455,61.18656194052338,48.92520498098696,rsu_covered_requests_only,389,285,26.275526336482976,33.55682272863887,71.10908869160313,33.97893608595014,25.414673844156184,27.086903590004066,235.00460272181414,62.79777782403151,171.7302144187978,268.748550018423,35,61,293,674,96,35,61,578,285,293,352.1857636281724,30.0,16,25,6,50.0,1.9585294117647054,fallback: No module named 'cvxpy',heuristic,680,674,predicted_history_signal_no_proposed_feedback,False,thompson_hotspot,,,
7,0.36144231485504213,0.49557165861513686,thompson_sampling,Thompson Sampling,250,250,250,1,10,19,10,0.08676470588235294,0.38064516129032255,44.427447471044744,48.92520498098696,rsu_covered_requests_only,155,525,32.20385176380603,23.745219871813628,54.05452363911664,26.60054862667897,37.41148351937324,59.4223069394483,57.38775756914681,146.4791647371317,28.8705912393654,32.03580695493099,35,24,96,680,59,35,24,621,525,96,652.1857636281725,30.0,12,12,2,0.0,1.3362761543421993,fallback: No module named 'cvxpy',heuristic,680,680,predicted_history_signal_no_proposed_feedback,False,thompson_hotspot,,,
7,0.36144231485504213,0.49557165861513686,thompson_sampling,Thompson Sampling,250,250,250,2,20,29,10,0.24163027656477437,0.324853228962818,54.980154428010295,48.92520498098696,rsu_covered_requests_only,511,176,34.22587155769011,31.390923151666613,65.64008696646559,24.859959099115432,27.416609776257467,33.11775551944852,173.28118778069808,185.0383528123629,126.86935639926544,181.44979157958977,84,82,345,687,166,84,82,521,176,345,952.1857636281725,30.0,21,29,5,300.0,1.49362909551867,fallback: No module named 'cvxpy',heuristic,680,687,predicted_history_signal_no_proposed_feedback,False,thompson_hotspot,,,
7,0.36144231485504213,0.49557165861513686,thompson_sampling,Thompson Sampling,250,250,250,3,30,39,10,0.386094674556213,0.40654205607476634,48.08268529703327,48.92520498098696,rsu_covered_requests_only,642,34,30.482149194677294,28.869466074944008,60.94820340355287,28.68177558655347,32.10044537803899,46.113236812397,119.738374247631,114.98234253155032,110.37983717735662,125.30373592885951,70,191,381,676,261,70,191,415,34,381,212.18576362817248,14.0,17,43,7,150.0,0.8909820366951404,fallback: No module named 'cvxpy',heuristic,680,676,predicted_history_signal_no_proposed_feedback,False,thompson_hotspot,,,
7,0.36144231485504213,0.49557165861513686,thompson_sampling,Thompson Sampling,250,250,250,4,40,49,10,0.3920704845814978,0.5056818181818182,46.36264704520542,48.92520498098696,rsu_covered_requests_only,528,153,28.04176776094946,31.57185020551066,63.50871999707561,31.777008992734995,28.16607083245838,40.845245129833636,135.8847729490554,84.40039091122408,145.31692933926314,161.01189352220612,149,118,261,681,267,149,118,414,153,261,488.1857636281725,30.0,28,38,2,550.0,0.9773938014010227,fallback: No module named 'cvxpy',heuristic,680,681,predicted_history_signal_no_proposed_feedback,False,thompson_hotspot,,,
7,0.36144231485504213,0.49557165861513686,thompson_sampling,Thompson Sampling,250,250,250,5,50,59,10,0.3932748538011696,0.5523613963039015,48.0323029040518,48.92520498098696,rsu_covered_requests_only,487,197,28.889037310591434,33.052515808125484,70.58452147643222,30.54196497826492,26.203530273263862,28.315888321227813,176.2833430852732,92.01008960469656,166.71522095509152,261.08159001487417,213,56,218,684,269,213,56,415,197,218,776.1857636281725,22.0,34,31,3,750.0,0.9182996837539639,fallback: No module named 'cvxpy',heuristic,680,684,predicted_history_signal_no_proposed_feedback,False,thompson_hotspot,,,
7,0.36144231485504213,0.49557165861513686,thompson_sampling,Thompson Sampling,250,250,250,6,60,69,10,0.5328358208955224,0.5475460122699386,51.2059567810568,48.92520498098696,rsu_covered_requests_only,652,18,30.36993750253128,30.885128397877008,76.31628704788008,28.851044121286524,29.18041093223302,24.96005632436533,223.97324095230678,115.67461988365777,136.64800879398308,350.76715412819885,297,60,295,670,357,297,60,313,18,295,21.256945487310077,11.81423637182752,39,17,4,950.0,0.8068408602245523,fallback: No module named 'cvxpy',heuristic,680,670,predicted_history_signal_no_proposed_feedback,False,thompson_hotspot,,,
7,0.36144231485504213,0.49557165861513686,thompson_sampling,Thompson Sampling,250,250,250,7,70,79,10,0.49130434782608695,0.5678391959798995,49.18927584294356,48.92520498098696,rsu_covered_requests_only,597,93,30.876695238738282,31.015045663283086,73.22166170137622,28.099283037416317,28.427524343901588,26.104533765453652,199.31167497960845,120.4671688068853,132.19340170524063,300.40991057318837,284,55,258,690,339,284,55,351,93,258,259.0278778209355,30.0,35,19,7,800.0,1.7211895002782613,fallback: No module named 'cvxpy',heuristic,680,690,predicted_history_signal_no_proposed_feedback,False,thompson_hotspot,,,
7,0.36144231485504213,0.49557165861513686,thompson_sampling,Thompson Sampling,250,250,250,8,80,89,10,0.4378698224852071,0.6379310344827587,42.88898866561553,48.92520498098696,rsu_covered_requests_only,464,212,30.225378967131107,32.08930065602899,64.8349354216736,29.713381539269427,27.081738830827778,36.055061780066595,145.28319222771256,125.48726264730882,148.85485590232656,175.57167186095018,263,33,168,676,296,263,33,380,212,168,559.0278778209355,30.0,31,23,3,50.0,1.6120872882445485,fallback: No module named 'cvxpy',heuristic,680,676,predicted_history_signal_no_proposed_feedback,False,thompson_hotspot,,,
7,0.36144231485504213,0.49557165861513686,thompson_sampling,Thompson Sampling,250,250,250,9,90,99,10,0.5101449275362319,0.6482504604051565,42.144874999604895,48.92520498098696,rsu_covered_requests_only,543,147,32.535169605440316,29.929106869060384,62.55648086635441,26.580479380624332,29.36693060665595,38.1519666222443,130.80562087986945,154.36101427066166,106.5073085632835,137.00214054741923,154,198,191,690,352,154,198,338,147,191,859.0278778209355,30.0,20,35,7,100.0,1.3650284647151367,fallback: No module named 'cvxpy',heuristic,680,690,predicted_history_signal_no_proposed_feedback,False,thompson_hotspot,,,
7,0.41411037115277677,0.5748624974536566,thompson_sampling,Thompson Sampling,300,300,300,0,0,9,10,0.1543026706231454,0.26735218508997427,60.35948730663718,46.08141629994163,rsu_covered_requests_only,389,285,26.09358369940191,33.520132888757736,71.1958200330712,34.30250094194288,25.448556876915774,26.99642521193201,232.3880211291683,61.60068054717308,171.00704891093903,270.1419714633664,40,64,285,674,104,40,64,570,285,285,352.1857636281724,30.0,16,25,6,50.0,1.9585294117647054,fallback: No module named 'cvxpy',heuristic,680,674,predicted_history_signal_no_proposed_feedback,False,thompson_hotspot,,,
7,0.41411037115277677,0.5748624974536566,thompson_sampling,Thompson Sampling,300,300,300,1,10,19,10,0.10588235294117647,0.4645161290322581,42.4372633706471,46.08141629994163,rsu_covered_requests_only,155,525,32.370262459856825,24.23670148963133,54.305914173347304,26.4111046552191,36.569556739870265,58.43283981009192,63.53772575659736,148.81517711903408,32.80961249189935,34.28714226229458,40,32,83,680,72,40,32,608,525,83,652.1857636281725,30.0,12,12,2,0.0,1.3362761543421993,fallback: No module named 'cvxpy',heuristic,680,680,predicted_history_signal_no_proposed_feedback,False,thompson_hotspot,,,
7,0.41411037115277677,0.5748624974536566,thompson_sampling,Thompson Sampling,300,300,300,2,20,29,10,0.32751091703056767,0.44031311154598823,51.122636627395416,46.08141629994163,rsu_covered_requests_only,511,176,34.295724172743796,31.600909694603978,65.42532662154372,24.794381875707433,27.215089756270835,33.418714383298024,169.489003160579,186.36914076480613,130.83791729685962,178.1498328491344,112,113,286,687,225,112,113,462,176,286,952.1857636281725,30.0,21,29,3,200.0,1.2724526249304344,fallback: No module named 'cvxpy',heuristic,680,687,predicted_history_signal_no_proposed_feedback,False,thompson_hotspot,,,
7,0.41411037115277677,0.5748624974536566,thompson_sampling,Thompson Sampling,300,300,300,3,30,39,10,0.47337278106508873,0.4984423676012461,45.157099493131014,46.08141629994163,rsu_covered_requests_only,642,34,30.63609176333766,28.740000173953486,60.94815424680064,28.477289526846075,32.16942752077675,46.59547354461011,118.18841963565197,116.96008544399862,107.31154455321617,126.33090375707995,89,231,322,676,320,89,231,356,34,322,212.18576362817248,14.0,17,43,7,150.0,0.8909820366951404,fallback: No module named 'cvxpy',heuristic,680,676,predicted_history_signal_no_proposed_feedback,False,thompson_hotspot,,,
7,0.41411037115277677,0.5748624974536566,thompson_sampling,Thompson Sampling,300,300,300,4,40,49,10,0.45080763582966227,0.5814393939393939,44.369933055064365,46.08141629994163,rsu_covered_requests_only,528,153,28.501082434093334,32.38958683214452,63.73954605114729,30.651901660642626,27.32572594666026,40.3526552038039,138.43069396423732,80.93726136094031,159.39570578888234,164.33476752154505,155,152,221,681,307,155,152,374,153,221,464.1857636281725,18.0,24,38,3,400.0,0.8147467425774935,fallback: No module named 'cvxpy',heuristic,680,681,predicted_history_signal_no_proposed_feedback,False,thompson_hotspot,,,
7,0.41411037115277677,0.5748624974536566,thompson_sampling,Thompson Sampling,300,300,300,5,50,59,10,0.4415204678362573,0.6666666666666666,42.9808927625927,46.08141629994163,rsu_covered_requests_only,453,231,28.896215151598724,33.0079088162467,69.59815170057446,30.641055755204604,26.299845956177084,28.550090987665975,153.639257018485,94.21401168387158,167.00594103509127,245.01199952201972,245,57,151,684,302,245,57,382,231,151,712.1857636281725,14.0,31,31,0,650.0,0.7165585072833757,fallback: No module named 'cvxpy',heuristic,680,684,predicted_history_signal_no_proposed_feedback,False,thompson_hotspot,,,
7,0.41411037115277677,0.5748624974536566,thompson_sampling,Thompson Sampling,300,300,300,6,60,69,10,0.5,0.6285178236397748,47.14370260604402,46.08141629994163,rsu_covered_requests_only,533,137,29.01622850824499,29.902507145738426,77.5140215658956,30.438445935406484,30.40506245221723,24.373621273977808,201.44348985827682,96.19909264208675,122.76747939033235,370.51819266277795,268,67,198,670,335,268,67,335,137,198,964.1857636281725,18.0,35,17,1,900.0,0.7809232131657288,fallback: No module named 'cvxpy',heuristic,680,670,predicted_history_signal_no_proposed_feedback,False,thompson_hotspot,,,
7,0.41411037115277677,0.5748624974536566,thompson_sampling,Thompson Sampling,300,300,300,7,70,79,10,0.5869565217391305,0.6347962382445141,46.862473559014994,46.08141629994163,rsu_covered_requests_only,638,52,31.186416131125746,30.990303925609926,74.16779067605457,27.925939905562615,28.41365043978938,25.121400983846257,195.9865228427909,127.24634077925796,130.7128327995985,314.4588502176736,337,68,233,690,405,337,68,285,52,233,238.01493238832677,30.0,38,19,5,850.0,1.7736173308127878,fallback: No module named 'cvxpy',heuristic,680,690,predicted_history_signal_no_proposed_feedback,False,thompson_hotspot,,,
7,0.41411037115277677,0.5748624974536566,thompson_sampling,Thompson Sampling,300,300,300,8,80,89,10,0.5369822485207101,0.7021276595744681,41.37063632575987,46.08141629994163,rsu_covered_requests_only,517,159,31.031674408458997,31.36283476914464,65.62922617786741,28.460908038206853,27.952702507495836,34.92314594771452,150.49624080525004,134.38501789931496,137.54236480964946,187.40657765925678,311,52,154,676,363,311,52,313,159,154,538.0149323883268,30.0,33,23,0,200.0,1.724109999659881,fallback: No module named 'cvxpy',heuristic,680,676,predicted_history_signal_no_proposed_feedback,False,thompson_hotspot,,,
7,0.41411037115277677,0.5748624974536566,thompson_sampling,Thompson Sampling,300,300,300,9,90,99,10,0.563768115942029,0.716390423572744,40.017295333098986,46.08141629994163,rsu_covered_requests_only,543,147,32.13699181745566,30.417057442182095,62.24576557752857,26.828431307191035,28.4949609253102,38.378564633007095,128.04329257145258,144.3726368559465,111.01480401926595,131.8505283075657,181,208,154,690,389,181,208,301,147,154,838.0149323883268,30.0,21,35,7,100.0,1.3923452937775282,fallback: No module named 'cvxpy',heuristic,680,690,predicted_history_signal_no_proposed_feedback,False,thompson_hotspot,,,
7,0.4608593461828175,0.6231884057971014,thompson_sampling,Thompson Sampling,350,350,350,0,0,9,10,0.16913946587537093,0.2930591259640103,59.338685369061665,44.300764876587316,rsu_covered_requests_only,389,285,26.134670973057045,33.5925308764702,71.23201376109446,34.226046159615784,25.39078965613777,26.946127114329983,229.16055777050008,61.845225223979995,172.7324425640481,270.6977574571858,45,69,275,674,114,45,69,560,285,275,352.1857636281724,30.0,16,25,6,50.0,1.9585294117647054,fallback: No module named 'cvxpy',heuristic,680,674,predicted_history_signal_no_proposed_feedback,False,thompson_hotspot,,,
7,0.4608593461828175,0.6231884057971014,thompson_sampling,Thompson Sampling,350,350,350,1,10,19,10,0.12794117647058822,0.5612903225806452,40.114894839455964,44.300764876587316,rsu_covered_requests_only,155,525,32.095044831897795,24.53444733052702,54.044698783614734,26.683597724051136,36.18901951807479,58.768989923365496,71.33888814430345,143.71888051090485,36.41833501298267,30.80739793161389,54,33,68,680,87,54,33,593,525,68,652.1857636281725,30.0,12,12,2,0.0,1.3362761543421993,fallback: No module named 'cvxpy',heuristic,680,680,predicted_history_signal_no_proposed_feedback,False,thompson_hotspot,,,
7,0.4608593461828175,0.6231884057971014,thompson_sampling,Thompson Sampling,350,350,350,2,20,29,10,0.33624454148471616,0.4520547945205479,50.97798604547571,44.300764876587316,rsu_covered_requests_only,511,176,34.3619071471428,31.698738739875285,65.86565428839026,24.747075821332626,27.125496339240883,33.07616843862685,173.1283333812314,188.12016982066868,132.79513561700554,185.26115489460364,107,124,280,687,231,107,124,456,176,280,952.1857636281725,30.0,21,29,3,200.0,1.2724526249304344,fallback: No module named 'cvxpy',heuristic,680,687,predicted_history_signal_no_proposed_feedback,False,thompson_hotspot,,,
7,0.4608593461828175,0.6231884057971014,thompson_sampling,Thompson Sampling,350,350,350,3,30,39,10,0.5266272189349113,0.5545171339563862,43.0642883183121,44.300764876587316,rsu_covered_requests_only,642,34,28.983886022506663,28.947407683024096,60.62142657160954,30.87132121292185,31.974608845502313,47.75471515793083,113.57916943619136,95.43238713333272,111.2349853114488,122.96180417482046,117,239,286,676,356,117,239,320,34,286,252.18576362817248,30.0,21,43,4,450.0,1.2442173308127873,fallback: No module named 'cvxpy',heuristic,680,676,predicted_history_signal_no_proposed_feedback,False,thompson_hotspot,,,
7,0.4608593461828175,0.6231884057971014,thompson_sampling,Thompson Sampling,350,350,350,4,40,49,10,0.4698972099853157,0.6060606060606061,42.510043837463996,44.300764876587316,rsu_covered_requests_only,528,153,27.684849057834438,33.4556883557748,63.07073781029232,32.89266471742556,26.179617233507948,42.32784795655183,127.7055337095875,85.67301804921576,178.31124065003456,156.2954807319559,239,81,208,681,320,239,81,361,153,208,512.1857636281725,14.0,30,38,0,450.0,0.7086290955186698,fallback: No module named 'cvxpy',heuristic,680,681,predicted_history_signal_no_proposed_feedback,False,thompson_hotspot,,,
7,0.4608593461828175,0.6231884057971014,thompson_sampling,Thompson Sampling,350,350,350,5,50,59,10,0.47953216374269003,0.6735112936344969,42.842300254706316,44.300764876587316,rsu_covered_requests_only,487,197,28.900708337219097,33.85065174987093,70.0145960716281,30.641605032378997,25.293074466728704,29.075947407103452,154.32786446218086,93.31892098770453,179.49652717340376,252.54091819902092,277,51,159,684,328,277,51,356,197,159,776.1857636281725,22.0,33,31,3,750.0,0.887099683753964,fallback: No module named 'cvxpy',heuristic,680,684,predicted_history_signal_no_proposed_feedback,False,thompson_hotspot,,,
7,0.4608593461828175,0.6231884057971014,thompson_sampling,Thompson Sampling,350,350,350,6,60,69,10,0.6358208955223881,0.6533742331288344,46.12495591481529,44.300764876587316,rsu_covered_requests_only,652,18,30.07801073856532,30.488983190295514,76.2509005644461,29.660968011609253,29.678740246795122,25.144621592475687,197.8862362778565,114.5527829889141,130.7097093828685,350.1762231481863,359,67,226,670,426,359,67,244,18,226,48.18576362817248,18.0,39,17,6,0.0,0.9483114484598464,fallback: No module named 'cvxpy',heuristic,680,670,predicted_history_signal_no_proposed_feedback,False,thompson_hotspot,,,
7,0.4608593461828175,0.6231884057971014,thompson_sampling,Thompson Sampling,350,350,350,7,70,79,10,0.6028985507246377,0.7323943661971831,41.917979974448876,44.300764876587316,rsu_covered_requests_only,568,122,30.513576846856214,31.456173860333237,72.72694639025507,28.41883273218514,27.99114280306444,26.55128510039771,164.31561467168024,112.81988705407825,140.74537055287342,293.3094716552377,351,65,152,690,416,351,65,274,122,152,224.18576362817248,2.0,34,19,6,150.0,0.7897114484598463,fallback: No module named 'cvxpy',heuristic,680,690,predicted_history_signal_no_proposed_feedback,False,thompson_hotspot,,,
7,0.4608593461828175,0.6231884057971014,thompson_sampling,Thompson Sampling,350,350,350,8,80,89,10,0.6242603550295858,0.7455830388692579,40.52774318974743,44.300764876587316,rsu_covered_requests_only,566,110,31.0091714337531,32.36781754927934,67.87521406703277,28.037100210750985,27.055431617144183,31.343542955235762,151.87582999685765,124.20891026446446,157.03076550203724,219.73536140859872,364,58,144,676,422,364,58,254,110,144,368.49816223634446,24.6022542923949,35,23,2,150.0,1.769734977871611,fallback: No module named 'cvxpy',heuristic,680,676,predicted_history_signal_no_proposed_feedback,False,thompson_hotspot,,,
7,0.4608593461828175,0.6231884057971014,thompson_sampling,Thompson Sampling,350,350,350,9,90,99,10,0.636231884057971,0.8144712430426716,37.13224769485836,44.300764876587316,rsu_covered_requests_only,539,151,30.9635931378981,32.449832942365845,63.424934103545965,28.685438557382522,26.55600192596622,36.99152181837299,139.2595101319384,134.79001793803033,150.9246556531248,150.32922287419476,386,53,100,690,439,386,53,251,151,100,664.645888428483,30.0,32,35,3,250.0,1.7283053302692228,fallback: No module named 'cvxpy',heuristic,680,690,predicted_history_signal_no_proposed_feedback,False,thompson_hotspot,,,
7,0.461548114334969,0.6337630942788074,thompson_sampling,Thompson Sampling,400,400,400,0,0,9,10,0.18545994065281898,0.3213367609254499,58.19112417060769,44.084911804647135,rsu_covered_requests_only,389,285,26.505921159644345,33.64892811647212,71.16432437745745,33.83569441066823,25.343531834201215,27.002206013898117,225.32345581196915,68.29776781820176,174.00538322937174,269.6421673399357,50,75,264,674,125,50,75,549,285,264,352.1857636281724,30.0,16,25,6,50.0,1.9585294117647054,fallback: No module named 'cvxpy',heuristic,680,674,predicted_history_signal_no_proposed_feedback,False,thompson_hotspot,,,
7,0.461548114334969,0.6337630942788074,thompson_sampling,Thompson Sampling,400,400,400,1,10,19,10,0.15441176470588236,0.6774193548387096,37.96751932008887,44.084911804647135,rsu_covered_requests_only,155,525,32.072150923559306,24.57886510038465,54.544033013778744,26.688569624319992,36.24513302647598,56.40453941588029,88.85514470176169,142.76663374895782,37.503888620816916,34.588154974408724,77,28,50,680,105,77,28,575,525,50,652.1857636281725,30.0,12,12,2,0.0,1.3362761543421993,fallback: No module named 'cvxpy',heuristic,680,680,predicted_history_signal_no_proposed_feedback,False,thompson_hotspot,,,
7,0.461548114334969,0.6337630942788074,thompson_sampling,Thompson Sampling,400,400,400,2,20,29,10,0.3435225618631732,0.461839530332681,50.508017325348604,44.084911804647135,rsu_covered_requests_only,511,176,34.35455526068926,31.521170665814672,65.49367539117019,24.74979611289066,27.30005436244355,33.39801405491935,170.81250694577227,187.84042389047988,129.56418710953372,179.2980393463982,127,109,275,687,236,127,109,451,176,275,952.1857636281725,30.0,21,29,4,0.0,1.0845114484598464,fallback: No module named 'cvxpy',heuristic,680,687,predicted_history_signal_no_proposed_feedback,False,thompson_hotspot,,,
7,0.461548114334969,0.6337630942788074,thompson_sampling,Thompson Sampling,400,400,400,3,30,39,10,0.5384615384615384,0.5669781931464174,42.47097886230643,44.084911804647135,rsu_covered_requests_only,642,34,29.004574843703352,28.992559600910628,60.112930218986605,30.86898257247816,32.023446194279444,48.852803489959804,110.8025386495495,96.27282775881963,113.20962978208544,116.18013257406074,140,224,278,676,364,140,224,312,34,278,252.18576362817248,30.0,21,43,6,500.0,1.343040860224552,fallback: No module named 'cvxpy',heuristic,680,676,predicted_history_signal_no_proposed_feedback,False,thompson_hotspot,,,
7,0.461548114334969,0.6337630942788074,thompson_sampling,Thompson Sampling,400,400,400,4,40,49,10,0.44052863436123346,0.5681818181818182,45.32256095017411,44.084911804647135,rsu_covered_requests_only,528,153,30.044721937948612,32.334881770118066,64.11918781633912,28.81851553078905,27.422130416562794,38.86108969081736,145.29740665335862,104.02608757785015,159.27464360448934,168.10040419366317,170,130,228,681,300,170,130,381,153,228,440.1857636281725,2.0,25,38,4,350.0,0.7227467425774935,fallback: No module named 'cvxpy',heuristic,680,681,predicted_history_signal_no_proposed_feedback,False,thompson_hotspot,,,
7,0.461548114334969,0.6337630942788074,thompson_sampling,Thompson Sampling,400,400,400,5,50,59,10,0.44883040935672514,0.6883408071748879,42.83272749895923,44.084911804647135,rsu_covered_requests_only,446,238,28.201389955536968,34.42126326757005,70.76274937846566,31.54740027603961,24.70032191696291,27.520949758388113,163.51270734238042,83.90797030788559,191.0338611494981,263.8027574654875,209,98,139,684,307,209,98,377,238,139,656.1857636281725,30.0,26,31,1,700.0,0.8480526249304345,fallback: No module named 'cvxpy',heuristic,680,684,predicted_history_signal_no_proposed_feedback,False,thompson_hotspot,,,
7,0.461548114334969,0.6337630942788074,thompson_sampling,Thompson Sampling,400,400,400,6,60,69,10,0.5164179104477612,0.692,43.65689232019425,44.084911804647135,rsu_covered_requests_only,500,170,28.478026104832093,27.447756475552982,78.08118227292609,31.512273875629738,34.02956680192338,23.597656018718855,180.4473180900077,91.38006959957981,96.78533750500809,378.87468898758885,298,48,154,670,346,298,48,324,170,154,944.1857636281725,22.0,32,17,1,900.0,0.8537232131657287,fallback: No module named 'cvxpy',heuristic,680,670,predicted_history_signal_no_proposed_feedback,False,thompson_hotspot,,,
7,0.461548114334969,0.6337630942788074,thompson_sampling,Thompson Sampling,400,400,400,7,70,79,10,0.7246376811594203,0.7299270072992701,42.70415813887785,44.084911804647135,rsu_covered_requests_only,685,5,30.796906510649936,31.37544994156488,74.58570216453258,28.412606078534747,27.875607796383036,25.09463758116592,177.81226277166954,122.68465141256274,134.47138795516784,320.68944640120094,404,96,185,690,500,404,96,190,5,185,180.18576362817248,10.0,40,19,2,100.0,0.7702055661069052,fallback: No module named 'cvxpy',heuristic,680,690,predicted_history_signal_no_proposed_feedback,False,thompson_hotspot,,,
7,0.461548114334969,0.6337630942788074,thompson_sampling,Thompson Sampling,400,400,400,8,80,89,10,0.6153846153846154,0.734982332155477,40.79641876278169,44.084911804647135,rsu_covered_requests_only,566,110,31.06534481366788,32.82800695949672,67.04361241374255,27.95842241457229,26.440415336832544,32.595622342896526,151.14363928871057,125.07384969470341,162.89519303180938,207.55889156117263,353,63,150,676,416,353,63,260,110,150,406.8010955884398,30.0,35,23,7,950.0,1.6625232131657288,fallback: No module named 'cvxpy',heuristic,680,676,predicted_history_signal_no_proposed_feedback,False,thompson_hotspot,,,
7,0.461548114334969,0.6337630942788074,thompson_sampling,Thompson Sampling,400,400,400,9,90,99,10,0.6478260869565218,0.8247232472324724,36.96484864805119,44.084911804647135,rsu_covered_requests_only,542,148,31.243897457846423,32.29239306563764,63.088780208688696,28.068640679512136,26.722037100581893,37.525929901160666,138.47047787079276,135.2894023774203,145.79078915884054,145.47932942105837,375,72,95,690,447,375,72,243,148,95,706.8010955884398,30.0,32,35,3,250.0,1.6785115169114988,fallback: No module named 'cvxpy',heuristic,680,690,predicted_history_signal_no_proposed_feedback,False,thompson_hotspot,,,
42,0.1583242040618179,0.21932858596134283,thompson_sampling,Thompson Sampling,50,50,50,0,0,9,10,0.033873343151693665,0.10087719298245613,61.23944870603302,60.610717016914734,rsu_covered_requests_only,228,451,34.32767477548786,29.353037210871765,64.6470828593813,24.750195179386782,29.63356715698829,35.590931151256534,165.65275236914405,191.4748946715103,96.68544759705937,170.15383471176256,7,16,205,679,23,7,16,656,451,205,361.5430427720628,30.0,4,17,6,650.0,1.6297058823529413,fallback: No module named 'cvxpy',heuristic,680,679,predicted_history_signal_no_proposed_feedback,False,thompson_hotspot,,,
42,0.1583242040618179,0.21932858596134283,thompson_sampling,Thompson Sampling,50,50,50,1,10,19,10,0.04328358208955224,0.1858974358974359,62.32859201181458,60.610717016914734,rsu_covered_requests_only,156,514,28.051762676547654,34.49392612721891,69.59760187610873,30.935455706487303,24.621363642017492,27.15638258050169,223.09853549190078,73.18387619730805,197.37222662609327,246.57454545116497,18,11,127,670,29,18,11,641,514,127,661.5430427720628,30.0,13,13,1,900.0,1.570582279690436,fallback: No module named 'cvxpy',heuristic,680,670,predicted_history_signal_no_proposed_feedback,False,thompson_hotspot,,,
42,0.1583242040618179,0.21932858596134283,thompson_sampling,Thompson Sampling,50,50,50,2,20,29,10,0.10074074074074074,0.14345991561181434,66.3094455525784,60.610717016914734,rsu_covered_requests_only,474,201,29.845950399880014,31.80343404203432,72.29127583752293,29.332584509112962,27.025036991045322,26.72785657605232,262.62828134986904,105.98736307649509,135.8970123088425,286.9483098290523,42,26,406,675,68,42,26,607,201,406,961.5430427720628,30.0,20,13,6,250.0,1.709111691455142,fallback: No module named 'cvxpy',heuristic,680,675,predicted_history_signal_no_proposed_feedback,False,thompson_hotspot,,,
42,0.1583242040618179,0.21932858596134283,thompson_sampling,Thompson Sampling,50,50,50,3,30,39,10,0.19738751814223512,0.19738751814223512,57.85886384803748,60.610717016914734,rsu_covered_requests_only,689,0,30.575594883916494,28.433617143992542,64.81269599403325,28.9116031201966,30.627192970205286,37.04836526501601,158.67546146126557,121.06531042283562,77.81415157005323,172.85232140512045,73,63,553,689,136,73,63,553,0,553,138.2099954320165,0.7097809370511925,26,33,4,50.0,1.009111691455142,fallback: No module named 'cvxpy',heuristic,680,689,predicted_history_signal_no_proposed_feedback,False,thompson_hotspot,,,
42,0.1583242040618179,0.21932858596134283,thompson_sampling,Thompson Sampling,50,50,50,4,40,49,10,0.21513353115727002,0.21513353115727002,55.46675910334383,60.610717016914734,rsu_covered_requests_only,674,0,30.401208646102432,30.816021621441042,62.27454696397316,28.768462244789585,28.302939433906733,40.31148636320855,132.81188905262073,115.08056735843702,121.24731762950645,136.7394913663657,65,80,529,674,145,65,80,529,0,529,305.5095795309571,29.83737634222004,24,40,4,500.0,1.3732681824089668,fallback: No module named 'cvxpy',heuristic,680,674,predicted_history_signal_no_proposed_feedback,False,thompson_hotspot,,,
42,0.1583242040618179,0.21932858596134283,thompson_sampling,Thompson Sampling,50,50,50,5,50,59,10,0.22288261515601784,0.2542372881355932,57.14648865059664,60.610717016914734,rsu_covered_requests_only,590,83,30.66320296801238,33.211635923017525,65.84474359139742,28.764826394941945,26.084014107912047,33.37356198031803,175.2980029309186,122.68609706773297,169.75421334173382,187.13641941241818,93,57,440,673,150,93,57,523,83,440,526.6939697041623,7.481254335201483,34,42,3,450.0,1.065778723080344,fallback: No module named 'cvxpy',heuristic,680,673,predicted_history_signal_no_proposed_feedback,False,thompson_hotspot,,,
42,0.1583242040618179,0.21932858596134283,thompson_sampling,Thompson Sampling,50,50,50,6,60,69,10,0.2230320699708455,0.2727272727272727,59.67638852517674,60.610717016914734,rsu_covered_requests_only,561,125,29.151549808485655,29.554159802677134,71.0975465246982,30.197182253134308,29.9958767635321,28.794120662454826,223.16373054620638,92.98680999471783,107.17008832825084,271.07623938862275,127,26,408,686,153,127,26,533,125,408,751.8631310576676,30.0,37,29,6,850.0,1.3526507805610595,fallback: No module named 'cvxpy',heuristic,680,686,predicted_history_signal_no_proposed_feedback,False,thompson_hotspot,,,
42,0.1583242040618179,0.21932858596134283,thompson_sampling,Thompson Sampling,50,50,50,7,70,79,10,0.21865889212827988,0.2332814930015552,67.28618633739264,60.610717016914734,rsu_covered_requests_only,643,43,30.54225824066431,31.693794838413698,78.42383655189519,28.555744309698383,27.04324766272287,22.261678490824803,317.97108150060825,116.41377900075072,128.950931419639,378.83908683821204,132,18,493,686,150,132,18,536,43,493,51.86313105766749,30.0,41,16,0,750.0,2.172577929625032,fallback: No module named 'cvxpy',heuristic,680,686,predicted_history_signal_no_proposed_feedback,False,thompson_hotspot,,,
42,0.1583242040618179,0.21932858596134283,thompson_sampling,Thompson Sampling,50,50,50,8,80,89,10,0.2236842105263158,0.24440894568690097,63.834423647208865,60.610717016914734,rsu_covered_requests_only,626,58,32.899062678524444,33.07518671793422,73.83131794569525,26.359037331591445,25.966047039170725,25.86411390209962,275.6432786552423,163.33471066520775,162.4768702787784,312.01857411512066,127,26,473,684,153,127,26,531,58,473,351.8631310576675,30.0,37,12,7,800.0,1.8990485178603267,fallback: No module named 'cvxpy',heuristic,680,684,predicted_history_signal_no_proposed_feedback,False,thompson_hotspot,,,
42,0.1583242040618179,0.21932858596134283,thompson_sampling,Thompson Sampling,50,50,50,9,90,99,10,0.10456553755522828,0.2591240875912409,55.16620502142791,60.610717016914734,rsu_covered_requests_only,274,405,31.58356601302009,32.25887514889889,63.37440039072058,27.846598077071697,26.682438849852392,35.46086323825761,147.02161762416463,145.05376358652651,149.1858513182885,147.46562050047575,59,12,203,679,71,59,12,608,405,203,651.8631310576675,30.0,20,21,1,150.0,1.9066955766838556,fallback: No module named 'cvxpy',heuristic,680,679,predicted_history_signal_no_proposed_feedback,False,thompson_hotspot,,,
42,0.1686918737856572,0.26283226397800186,thompson_sampling,Thompson Sampling,100,100,100,0,0,9,10,0.042709867452135494,0.12719298245614036,60.43082698430254,57.901023541212226,rsu_covered_requests_only,228,451,34.24245627543313,30.02157331345299,64.67143205865841,24.8172445764371,28.929968393022467,35.56564476808392,165.7912549051361,189.37750037387497,108.26677673638869,170.50589487577074,9,20,199,679,29,9,20,650,451,199,365.42806183115334,30.0,5,17,6,650.0,1.4841176470588235,fallback: No module named 'cvxpy',heuristic,680,679,predicted_history_signal_no_proposed_feedback,False,thompson_hotspot,,,
42,0.1686918737856572,0.26283226397800186,thompson_sampling,Thompson Sampling,100,100,100,1,10,19,10,0.06567164179104477,0.28205128205128205,58.442863729233196,57.901023541212226,rsu_covered_requests_only,156,514,28.2366904916152,34.57506989354723,69.46068454553865,30.790471153724702,24.55881399220232,27.277145454268183,208.94393610532418,77.27067677217929,199.43579779953012,244.31131642003947,29,15,112,670,44,29,15,626,514,112,665.4280618311534,30.0,13,13,1,900.0,1.400825872560677,fallback: No module named 'cvxpy',heuristic,680,670,predicted_history_signal_no_proposed_feedback,False,thompson_hotspot,,,
42,0.1686918737856572,0.26283226397800186,thompson_sampling,Thompson Sampling,100,100,100,2,20,29,10,0.10814814814814815,0.1492842535787321,65.82682628967741,57.901023541212226,rsu_covered_requests_only,489,186,29.061218343782755,31.768971752229163,72.13528495569781,30.406489495824918,27.055478261985318,26.80058544773349,258.05181662913657,95.74324485663698,135.03427559521276,284.4559586078476,51,22,416,675,73,51,22,602,186,416,965.4280618311534,30.0,21,13,2,50.0,1.220531754913618,fallback: No module named 'cvxpy',heuristic,680,675,predicted_history_signal_no_proposed_feedback,False,thompson_hotspot,,,
42,0.1686918737856572,0.26283226397800186,thompson_sampling,Thompson Sampling,100,100,100,3,30,39,10,0.21770682148040638,0.21770682148040638,57.216861875297845,57.901023541212226,rsu_covered_requests_only,689,0,31.612835470213263,26.907660428914077,64.70892367955992,27.402225945139843,32.463621987167485,37.060743195168406,158.34826880956385,133.85824564187962,56.92269404834751,171.15865219004806,108,42,539,689,150,108,42,539,0,539,242.1258131710847,18.348875669965626,37,33,3,200.0,1.0299435196195006,fallback: No module named 'cvxpy',heuristic,680,689,predicted_history_signal_no_proposed_feedback,False,thompson_hotspot,,,
42,0.1686918737856572,0.26283226397800186,thompson_sampling,Thompson Sampling,100,100,100,4,40,49,10,0.24777448071216618,0.2802013422818792,51.92379312763101,57.901023541212226,rsu_covered_requests_only,596,78,28.604228839175256,31.127922540258744,60.77802826872876,31.477342933961012,28.156094335851314,42.060691333116715,110.89631055293668,94.96470742915751,131.28676893444128,113.88078464261113,129,38,429,674,167,129,38,507,78,429,512.7941427041089,30.0,39,40,7,200.0,2.07023644287759,fallback: No module named 'cvxpy',heuristic,680,674,predicted_history_signal_no_proposed_feedback,False,thompson_hotspot,,,
42,0.1686918737856572,0.26283226397800186,thompson_sampling,Thompson Sampling,100,100,100,5,50,59,10,0.30460624071322434,0.32591414944356123,55.63309280453985,57.901023541212226,rsu_covered_requests_only,629,44,30.57746589490227,31.2472786916831,67.6350899929933,28.4219457650868,28.124351080262386,32.09345739084643,184.5050555769136,115.22396135912709,134.53184656707086,214.7686510129566,134,71,424,673,205,134,71,468,44,424,812.7941427041089,30.0,40,42,5,400.0,1.92542643801407,fallback: No module named 'cvxpy',heuristic,680,673,predicted_history_signal_no_proposed_feedback,False,thompson_hotspot,,,
42,0.1686918737856572,0.26283226397800186,thompson_sampling,Thompson Sampling,100,100,100,6,60,69,10,0.3236151603498542,0.3236151603498542,59.498074258578875,57.901023541212226,rsu_covered_requests_only,686,0,32.63397835838299,30.9049959725109,72.63807627055223,26.790555935627033,28.46442787084593,27.25489760862709,246.4352348031845,159.71716015281885,127.41415839514255,293.2859755525859,145,77,464,686,222,145,77,464,0,464,112.79414270410894,30.0,33,29,3,750.0,1.9595440850728936,fallback: No module named 'cvxpy',heuristic,680,686,predicted_history_signal_no_proposed_feedback,False,thompson_hotspot,,,
42,0.1686918737856572,0.26283226397800186,thompson_sampling,Thompson Sampling,100,100,100,7,70,79,10,0.12244897959183673,0.27906976744186046,59.131614717276435,57.901023541212226,rsu_covered_requests_only,301,385,32.27815702164943,34.1094509101182,69.1973750158128,27.15982728656065,24.945705023287747,28.80942386165405,219.70655548809262,157.48100799509194,184.98655810659935,238.8504703962183,45,39,217,686,84,45,39,602,385,217,412.79414270410894,30.0,12,16,6,0.0,1.9592499674258348,fallback: No module named 'cvxpy',heuristic,680,686,predicted_history_signal_no_proposed_feedback,False,thompson_hotspot,,,
42,0.1686918737856572,0.26283226397800186,thompson_sampling,Thompson Sampling,100,100,100,8,80,89,10,0.07456140350877193,0.2982456140350877,54.57336994911148,57.901023541212226,rsu_covered_requests_only,171,513,31.380420113229015,32.810767243633485,64.31117803516115,27.813579600028113,26.097429115631268,37.727636941339966,162.62521185353947,138.95013986432565,160.7736670908902,170.86849018007496,41,10,120,684,51,41,10,633,513,120,712.7941427041089,30.0,11,12,1,0.0,1.495720555661129,fallback: No module named 'cvxpy',heuristic,680,684,predicted_history_signal_no_proposed_feedback,False,thompson_hotspot,,,
42,0.1686918737856572,0.26283226397800186,thompson_sampling,Thompson Sampling,100,100,100,9,90,99,10,0.1796759941089838,0.2911694510739857,57.96390988360201,57.901023541212226,rsu_covered_requests_only,419,260,30.28762249525529,30.59932378843084,69.25495757950542,29.439287176272533,28.79157544970864,30.011167786449985,204.01595606509002,118.66252739242418,120.91457738704634,238.51584360200314,48,74,297,679,122,48,74,557,260,297,993.3949596146313,19.86135397779048,15,21,6,950.0,1.0892499674258347,fallback: No module named 'cvxpy',heuristic,680,679,predicted_history_signal_no_proposed_feedback,False,thompson_hotspot,,,
42,0.2759162828056179,0.36536964980544745,thompson_sampling,Thompson Sampling,150,150,150,0,0,9,10,0.05891016200294551,0.17543859649122806,58.84244288709486,55.054928371753974,rsu_covered_requests_only,228,451,34.33666095329901,30.017472090050312,64.67674808209246,24.745014937924932,28.87110105205224,35.523879271214184,164.2430336531155,191.7665386875498,106.76800194627002,170.5942054118239,13,27,188,679,40,13,27,639,451,188,367.53544620517096,30.0,7,17,6,650.0,1.4105882352941177,fallback: No module named 'cvxpy',heuristic,680,679,predicted_history_signal_no_proposed_feedback,False,thompson_hotspot,,,
42,0.2759162828056179,0.36536964980544745,thompson_sampling,Thompson Sampling,150,150,150,1,10,19,10,0.08507462686567165,0.36538461538461536,55.23878843910568,55.054928371753974,rsu_covered_requests_only,156,514,28.12577719864704,34.50588586942317,69.68929030407712,30.90079076800999,24.61143159097862,27.069842914482113,198.96701553968398,74.87400053884029,197.6491574980422,248.09175321425423,39,18,99,670,57,39,18,613,514,99,667.535446205171,30.0,13,13,1,900.0,1.268674508168572,fallback: No module named 'cvxpy',heuristic,680,670,predicted_history_signal_no_proposed_feedback,False,thompson_hotspot,,,
42,0.2759162828056179,0.36536964980544745,thompson_sampling,Thompson Sampling,150,150,150,2,20,29,10,0.15851851851851853,0.21792260692464357,63.00357813802874,55.054928371753974,rsu_covered_requests_only,491,184,29.292792304371353,32.0637081013031,72.1443907195619,30.326568711298687,26.752633971763544,26.830574184182826,247.0629714709051,99.93342372149395,139.81023546429478,284.4254016745222,72,35,384,675,107,72,35,568,184,384,967.535446205171,30.0,22,13,0,100.0,1.1386745081685719,fallback: No module named 'cvxpy',heuristic,680,675,predicted_history_signal_no_proposed_feedback,False,thompson_hotspot,,,
42,0.2759162828056179,0.36536964980544745,thompson_sampling,Thompson Sampling,150,150,150,3,30,39,10,0.29027576197387517,0.29027576197387517,54.76722184560951,55.054928371753974,rsu_covered_requests_only,689,0,31.370252683520476,28.48069215517788,64.91562831635672,27.927789709436183,30.60818386485289,36.98320701936795,154.89635295286718,132.90222904104752,79.25292172447811,174.643708575337,102,98,489,689,200,102,98,489,0,489,183.53544620517096,6.0,32,33,6,100.0,0.8839686258156307,fallback: No module named 'cvxpy',heuristic,680,689,predicted_history_signal_no_proposed_feedback,False,thompson_hotspot,,,
42,0.2759162828056179,0.36536964980544745,thompson_sampling,Thompson Sampling,150,150,150,4,40,49,10,0.36053412462908013,0.3610698365527489,51.3315567050798,55.054928371753974,rsu_covered_requests_only,673,1,31.71527787517016,31.04746042481062,62.55525788821943,27.34258490643892,28.118376020886902,39.78414324893826,137.82209042709135,136.30768698092993,126.45653276139306,140.7168642944309,154,89,430,674,243,154,89,431,1,430,419.53544620517096,26.0,40,40,1,400.0,0.8946392140509248,fallback: No module named 'cvxpy',heuristic,680,674,predicted_history_signal_no_proposed_feedback,False,thompson_hotspot,,,
42,0.2759162828056179,0.36536964980544745,thompson_sampling,Thompson Sampling,150,150,150,5,50,59,10,0.3476968796433878,0.42857142857142855,50.38266909256075,55.054928371753974,rsu_covered_requests_only,546,127,29.106031963876298,32.39357822527994,65.61309343895597,30.222841144451266,26.758798710743463,33.753877669309695,152.61884508825943,94.03630375295566,151.51535414452078,183.8440380223719,165,69,312,673,234,165,69,439,127,312,635.535446205171,6.0,36,42,2,550.0,0.7843098022862188,fallback: No module named 'cvxpy',heuristic,680,673,predicted_history_signal_no_proposed_feedback,False,thompson_hotspot,,,
42,0.2759162828056179,0.36536964980544745,thompson_sampling,Thompson Sampling,150,150,150,6,60,69,10,0.35131195335276966,0.42504409171075835,53.704857021711966,55.054928371753974,rsu_covered_requests_only,567,119,29.37668956850697,29.039009181913205,71.7446895883128,29.81231146211917,30.75888758589001,28.127032815909697,202.8197500757499,95.69566136092243,102.39314700794976,280.9238563364277,188,53,326,686,241,188,53,445,119,326,749.535446205171,0.0,37,29,0,700.0,0.6926274493450425,fallback: No module named 'cvxpy',heuristic,680,686,predicted_history_signal_no_proposed_feedback,False,thompson_hotspot,,,
42,0.2759162828056179,0.36536964980544745,thompson_sampling,Thompson Sampling,150,150,150,7,70,79,10,0.336734693877551,0.3955479452054795,58.73511736490168,55.054928371753974,rsu_covered_requests_only,584,102,27.111204524867446,32.305282439222196,78.78209877514617,32.581421123272655,26.519550568662485,22.189306023100016,264.2551397839013,65.1088151619309,142.8367896241243,384.8862165865604,187,44,353,686,231,187,44,455,102,353,945.3998761428123,30.0,36,16,6,0.0,1.0579568611097483,fallback: No module named 'cvxpy',heuristic,680,686,predicted_history_signal_no_proposed_feedback,False,thompson_hotspot,,,
42,0.2759162828056179,0.36536964980544745,thompson_sampling,Thompson Sampling,150,150,150,8,80,89,10,0.4195906432748538,0.42205882352941176,56.38391686211997,55.054928371753974,rsu_covered_requests_only,680,4,31.442807508692617,31.820636404291836,74.54791503479805,27.474677784423424,27.921306496841098,25.373681145008273,241.8776519226679,128.70640607362174,147.37663993752778,322.0539760899786,235,52,393,684,287,235,52,397,4,393,245.39987614281245,30.0,41,12,7,800.0,1.8080389845437557,fallback: No module named 'cvxpy',heuristic,680,684,predicted_history_signal_no_proposed_feedback,False,thompson_hotspot,,,
42,0.2759162828056179,0.36536964980544745,thompson_sampling,Thompson Sampling,150,150,150,9,90,99,10,0.35051546391752575,0.4524714828897338,51.58085591815308,55.054928371753974,rsu_covered_requests_only,526,153,33.215466344874635,33.51732530279521,66.73579925261119,26.009344631430043,25.500724371227225,31.124726284414642,185.8868881206718,169.8541107746779,171.13987370357805,199.0424436305317,217,21,288,679,238,217,21,441,153,288,545.3998761428124,30.0,34,21,1,150.0,1.7759801610143438,fallback: No module named 'cvxpy',heuristic,680,679,predicted_history_signal_no_proposed_feedback,False,thompson_hotspot,,,
42,0.2649298568957622,0.40913221263062244,thompson_sampling,Thompson Sampling,200,200,200,0,0,9,10,0.0662739322533137,0.19736842105263158,58.20862283796595,52.55205810435544,rsu_covered_requests_only,228,451,34.29925310513484,29.738306720754018,64.86059538383046,24.774097552934656,29.18651903398015,35.24575916614139,164.7419424384955,190.83210694069632,102.32612754119967,173.31914439907123,14,31,183,679,45,14,31,634,451,183,369.87461504619444,30.0,7,17,6,650.0,1.3370588235294119,fallback: No module named 'cvxpy',heuristic,680,679,predicted_history_signal_no_proposed_feedback,False,thompson_hotspot,,,
42,0.2649298568957622,0.40913221263062244,thompson_sampling,Thompson Sampling,200,200,200,1,10,19,10,0.08208955223880597,0.3525641025641026,55.62845845968875,52.55205810435544,rsu_covered_requests_only,156,514,27.846622490277284,34.54517319614181,69.49705761717593,31.20332164955407,24.5815517911195,27.248045350161963,199.02219486354124,70.47073787847823,198.6637316304661,244.90994984265706,36,19,101,670,55,36,19,615,514,101,669.8746150461944,30.0,13,13,1,900.0,1.1921041769105354,fallback: No module named 'cvxpy',heuristic,680,670,predicted_history_signal_no_proposed_feedback,False,thompson_hotspot,,,
42,0.2649298568957622,0.40913221263062244,thompson_sampling,Thompson Sampling,200,200,200,2,20,29,10,0.20444444444444446,0.28105906313645623,60.28340221299164,52.55205810435544,rsu_covered_requests_only,491,184,28.995082926776455,32.04114066240065,72.09227255988147,31.47463514432357,26.779952793606878,26.82142277440464,236.68012197600902,103.64763202188236,139.52621314447165,283.7068447484243,89,49,353,675,138,89,49,537,184,353,969.8746150461944,30.0,22,13,1,150.0,1.1271041769105354,fallback: No module named 'cvxpy',heuristic,680,675,predicted_history_signal_no_proposed_feedback,False,thompson_hotspot,,,
42,0.2649298568957622,0.40913221263062244,thompson_sampling,Thompson Sampling,200,200,200,3,30,39,10,0.2844702467343977,0.2844702467343977,55.03915123570703,52.55205810435544,rsu_covered_requests_only,689,0,32.009178169067994,27.445301259378684,64.91715756434195,26.937204745736782,31.94314514329283,36.70804132055037,156.04522820536343,139.6494991828411,66.58579658120462,174.12338579429246,118,78,493,689,196,118,78,493,0,493,229.87461504619432,14.0,36,33,2,150.0,0.7738688827928885,fallback: No module named 'cvxpy',heuristic,680,689,predicted_history_signal_no_proposed_feedback,False,thompson_hotspot,,,
42,0.2649298568957622,0.40913221263062244,thompson_sampling,Thompson Sampling,200,200,200,4,40,49,10,0.37091988130563797,0.3980891719745223,48.9522977072701,52.55205810435544,rsu_covered_requests_only,628,46,29.762132999044773,30.81058953566463,61.447273270646605,29.61316567863628,28.52695356553948,41.608725405641565,119.98971646921053,106.82353885587982,126.20761704359944,125.05658115705337,179,71,378,674,250,179,71,424,46,378,503.03354997068516,30.0,40,40,6,550.0,1.0764571180870064,fallback: No module named 'cvxpy',heuristic,680,674,predicted_history_signal_no_proposed_feedback,False,thompson_hotspot,,,
42,0.2649298568957622,0.40913221263062244,thompson_sampling,Thompson Sampling,200,200,200,5,50,59,10,0.475482912332838,0.5228758169934641,48.11792489334971,52.55205810435544,rsu_covered_requests_only,612,61,30.427223081151173,31.475704259128907,67.14592647590368,28.577696049231964,27.823148128014054,32.61041162596314,162.03227374416554,112.32203929622588,137.29206907233834,207.9578629418691,220,100,292,673,320,220,100,353,61,292,803.0335499706852,30.0,39,42,7,350.0,1.81576226739105,fallback: No module named 'cvxpy',heuristic,680,673,predicted_history_signal_no_proposed_feedback,False,thompson_hotspot,,,
42,0.2649298568957622,0.40913221263062244,thompson_sampling,Thompson Sampling,200,200,200,6,60,69,10,0.4737609329446064,0.4737609329446064,53.54334650407086,52.55205810435544,rsu_covered_requests_only,686,0,32.59708094950865,30.879110300559717,72.95758160423635,26.77710091475414,28.534359226796088,26.92796336184679,227.0059085162488,159.4176097564432,128.00281203702048,298.0356271592108,208,117,361,686,325,208,117,361,0,361,103.03354997068527,30.0,34,29,4,600.0,1.6007622673910507,fallback: No module named 'cvxpy',heuristic,680,686,predicted_history_signal_no_proposed_feedback,False,thompson_hotspot,,,
42,0.2649298568957622,0.40913221263062244,thompson_sampling,Thompson Sampling,200,200,200,7,70,79,10,0.22448979591836735,0.4782608695652174,52.44548873638257,52.55205810435544,rsu_covered_requests_only,322,364,31.98909956067473,33.81610326831625,70.34892709270977,27.72820411928667,25.193910343696672,28.017509299755574,213.2828481704342,153.091319377962,178.13857787056844,256.82933193006164,76,78,168,686,154,76,78,532,364,168,403.03354997068527,30.0,13,16,4,950.0,1.662821090920462,fallback: No module named 'cvxpy',heuristic,680,686,predicted_history_signal_no_proposed_feedback,False,thompson_hotspot,,,
42,0.2649298568957622,0.40913221263062244,thompson_sampling,Thompson Sampling,200,200,200,8,80,89,10,0.13157894736842105,0.5263157894736842,46.85215701668793,52.55205810435544,rsu_covered_requests_only,171,513,31.327811818699537,32.04007303063727,63.96952923446435,28.395218294912752,26.904151210784594,37.91526644168045,153.50795051928688,142.4666065911726,147.2450264249518,164.89121787760294,75,15,81,684,90,75,15,594,513,81,703.0335499706853,30.0,11,12,1,0.0,1.3334093262145799,fallback: No module named 'cvxpy',heuristic,680,684,predicted_history_signal_no_proposed_feedback,False,thompson_hotspot,,,
42,0.2649298568957622,0.40913221263062244,thompson_sampling,Thompson Sampling,200,200,200,9,90,99,10,0.33578792341678937,0.5441527446300716,47.836070742164324,52.55205810435544,rsu_covered_requests_only,419,260,29.08096725161421,31.257717822964068,68.65163104058918,30.56061748924781,27.973468201953803,30.37088089325479,168.59127560292225,98.53604183768273,130.74696929067397,228.94460183308885,90,138,191,679,228,90,138,451,260,191,3.0335499706852715,30.0,15,21,3,50.0,1.011350502685168,fallback: No module named 'cvxpy',heuristic,680,679,predicted_history_signal_no_proposed_feedback,False,thompson_hotspot,,,
42,0.3464714512144226,0.4785960641103672,thompson_sampling,Thompson Sampling,250,250,250,0,0,9,10,0.07511045655375552,0.2236842105263158,57.40136561382928,50.64789359861878,rsu_covered_requests_only,228,451,34.2869273134286,29.925609312411236,64.94850573449064,24.783529263508235,28.966460360667995,35.17124401527351,164.7780775436611,190.51844751930693,105.01221222003113,174.75245947595482,15,36,177,679,51,15,36,628,451,177,370.86699954607354,30.0,7,17,6,650.0,1.2958823529411765,fallback: No module named 'cvxpy',heuristic,680,679,predicted_history_signal_no_proposed_feedback,False,thompson_hotspot,,,
42,0.3464714512144226,0.4785960641103672,thompson_sampling,Thompson Sampling,250,250,250,1,10,19,10,0.08656716417910448,0.3717948717948718,54.68081892378596,50.64789359861878,rsu_covered_requests_only,156,514,27.610570904498502,34.55322230698174,69.63933539400456,31.605523792405826,24.575430076026414,27.120843493302043,193.43073240759003,68.84934774993292,198.87159559906024,247.26120784031656,43,15,98,670,58,43,15,612,514,98,670.8669995460735,30.0,13,13,1,900.0,1.117284665295987,fallback: No module named 'cvxpy',heuristic,680,670,predicted_history_signal_no_proposed_feedback,False,thompson_hotspot,,,
42,0.3464714512144226,0.4785960641103672,thompson_sampling,Thompson Sampling,250,250,250,2,20,29,10,0.20148148148148148,0.2769857433808554,60.69487165964564,50.64789359861878,rsu_covered_requests_only,491,184,29.65557879702288,32.302448852782575,72.21318243859976,29.9144573742451,26.53094404858885,26.789782384041334,239.63591072820842,105.28749847573357,144.47577648154768,285.58512246354894,86,50,355,675,136,86,50,539,184,355,970.8669995460735,30.0,22,13,5,200.0,1.2849317241195162,fallback: No module named 'cvxpy',heuristic,680,675,predicted_history_signal_no_proposed_feedback,False,thompson_hotspot,,,
42,0.3464714512144226,0.4785960641103672,thompson_sampling,Thompson Sampling,250,250,250,3,30,39,10,0.3613933236574746,0.3613933236574746,52.292207618455954,50.64789359861878,rsu_covered_requests_only,689,0,31.768953614537427,27.722728713777823,65.01001951633519,27.309875661369766,31.553981166218875,36.609920042935435,149.74169431375054,136.47303560895836,69.42566308976824,175.5361959496507,129,120,440,689,249,129,120,440,0,440,186.86699954607366,6.0,32,33,6,100.0,0.7943434888253986,fallback: No module named 'cvxpy',heuristic,680,689,predicted_history_signal_no_proposed_feedback,False,thompson_hotspot,,,
42,0.3464714512144226,0.4785960641103672,thompson_sampling,Thompson Sampling,250,250,250,4,40,49,10,0.46735905044510384,0.46805349182763745,47.715195131325984,50.64789359861878,rsu_covered_requests_only,673,1,30.99495319093345,30.66078639687966,62.56622044847028,28.472344402582436,28.437672012255724,39.483943638411255,132.38420468637807,128.62883735714894,117.96943121135273,140.12496508981613,166,149,358,674,315,166,149,359,1,358,352.53200181570537,7.133000453926343,29,40,4,300.0,0.6706023123548099,fallback: No module named 'cvxpy',heuristic,680,674,predicted_history_signal_no_proposed_feedback,False,thompson_hotspot,,,
42,0.3464714512144226,0.4785960641103672,thompson_sampling,Thompson Sampling,250,250,250,5,50,59,10,0.4962852897473997,0.5758620689655173,46.34689264024661,50.64789359861878,rsu_covered_requests_only,580,93,31.108560038065924,33.41697774869266,66.02288441415173,27.858474892539483,25.820585107801318,33.216322255643426,161.27041607554986,124.5014860089235,172.53925443291396,190.10270734572157,226,108,246,673,334,226,108,339,93,246,558.1970040853371,14.0,34,42,3,500.0,0.691708397639583,fallback: No module named 'cvxpy',heuristic,680,673,predicted_history_signal_no_proposed_feedback,False,thompson_hotspot,,,
42,0.3464714512144226,0.4785960641103672,thompson_sampling,Thompson Sampling,250,250,250,6,60,69,10,0.49416909620991256,0.5978835978835979,45.41296761818752,50.64789359861878,rsu_covered_requests_only,567,119,27.548374879408005,27.79386265233308,71.91019425007678,32.45304990997578,32.33336612188878,27.865450944573066,160.10325758492482,75.62440526894675,85.03221782619671,283.2342320659844,279,60,228,686,339,279,60,347,119,228,806.8941679934692,30.0,37,29,5,550.0,1.8452262476302383,fallback: No module named 'cvxpy',heuristic,680,686,predicted_history_signal_no_proposed_feedback,False,thompson_hotspot,,,
42,0.3464714512144226,0.4785960641103672,thompson_sampling,Thompson Sampling,250,250,250,7,70,79,10,0.5626822157434402,0.5626822157434402,51.97319352812787,50.64789359861878,rsu_covered_requests_only,686,0,31.721871356790228,32.645984767343556,77.79886636927732,27.13905748536691,26.196927944738523,22.6489608860975,237.52679549207258,132.3595967827573,148.36665543589032,368.840159834775,311,75,300,686,386,311,75,300,0,300,106.89416799346918,30.0,40,16,1,750.0,1.7172140521967254,fallback: No module named 'cvxpy',heuristic,680,686,predicted_history_signal_no_proposed_feedback,False,thompson_hotspot,,,
42,0.3464714512144226,0.4785960641103672,thompson_sampling,Thompson Sampling,250,250,250,8,80,89,10,0.4692982456140351,0.5721925133689839,50.110813731951154,50.64789359861878,rsu_covered_requests_only,561,123,33.305168006051325,33.63167110519152,72.51490169303563,25.97105711790186,25.717165317814505,26.642104255072628,224.26500840289248,172.60406249948167,178.41508650574087,292.0540431472961,267,54,240,684,321,267,54,363,123,240,406.8941679934692,30.0,32,12,3,950.0,1.6033905227849605,fallback: No module named 'cvxpy',heuristic,680,684,predicted_history_signal_no_proposed_feedback,False,thompson_hotspot,,,
42,0.3464714512144226,0.4785960641103672,thompson_sampling,Thompson Sampling,250,250,250,9,90,99,10,0.2503681885125184,0.5704697986577181,45.92879678982581,50.64789359861878,rsu_covered_requests_only,298,381,31.5590695558181,32.67625446491388,64.2891661830005,27.533330905185775,26.196878039809608,34.16279201716012,152.3297653476681,137.48022165003232,154.23121919140098,161.18984060285936,87,83,128,679,170,87,83,509,381,128,706.8941679934692,30.0,13,21,1,150.0,1.4233905227849606,fallback: No module named 'cvxpy',heuristic,680,679,predicted_history_signal_no_proposed_feedback,False,thompson_hotspot,,,
42,0.424048473495456,0.5615878575598365,thompson_sampling,Thompson Sampling,300,300,300,0,0,9,10,0.08836524300441827,0.2631578947368421,55.892818746525116,46.983076205450104,rsu_covered_requests_only,228,451,34.3587451180542,30.297586259317796,64.57467547817063,24.727810252726037,28.598702814843335,35.56980422005412,160.61991577742683,192.31565106159903,112.05118682858546,168.8883617089936,19,41,168,679,60,19,41,619,451,168,370.86699954607354,30.0,7,17,6,650.0,1.2958823529411765,fallback: No module named 'cvxpy',heuristic,680,679,predicted_history_signal_no_proposed_feedback,False,thompson_hotspot,,,
42,0.424048473495456,0.5615878575598365,thompson_sampling,Thompson Sampling,300,300,300,1,10,19,10,0.11044776119402985,0.47435897435897434,51.06631948738631,46.983076205450104,rsu_covered_requests_only,156,514,27.96499115073469,34.51854539576903,69.75598207636548,31.08527059137624,24.602144087715875,27.022131797223697,187.119886421692,72.57415282830445,197.9890886616993,249.1952646949727,47,27,82,670,74,47,27,596,514,82,670.8669995460735,30.0,13,13,1,900.0,1.1114023123548105,fallback: No module named 'cvxpy',heuristic,680,670,predicted_history_signal_no_proposed_feedback,False,thompson_hotspot,,,
42,0.424048473495456,0.5615878575598365,thompson_sampling,Thompson Sampling,300,300,300,2,20,29,10,0.23703703703703705,0.3258655804480652,58.84141581551782,46.983076205450104,rsu_covered_requests_only,491,184,29.69219627053979,32.40873644078219,72.39000637733199,29.913965382470984,26.43502580295861,26.655577022365147,234.4218198093607,106.01204152861057,146.72683045401507,288.37465502338887,94,66,331,675,160,94,66,515,184,331,970.8669995460735,30.0,22,13,3,0.0,0.9455199594136336,fallback: No module named 'cvxpy',heuristic,680,675,predicted_history_signal_no_proposed_feedback,False,thompson_hotspot,,,
42,0.424048473495456,0.5615878575598365,thompson_sampling,Thompson Sampling,300,300,300,3,30,39,10,0.41509433962264153,0.41509433962264153,49.796033576993814,46.983076205450104,rsu_covered_requests_only,689,0,30.786319326416812,27.72344730429264,64.33562319167908,28.402462105375857,31.494456545791017,37.328141393778395,136.45282227840943,121.94366518295824,68.13105112278002,165.1767916818924,148,138,403,689,286,148,138,403,0,403,128.86699954607366,0.0,26,33,5,50.0,0.6999317241195161,fallback: No module named 'cvxpy',heuristic,680,689,predicted_history_signal_no_proposed_feedback,False,thompson_hotspot,,,
42,0.424048473495456,0.5615878575598365,thompson_sampling,Thompson Sampling,300,300,300,4,40,49,10,0.526706231454006,0.526706231454006,45.47603036951525,46.983076205450104,rsu_covered_requests_only,674,0,30.32279052223379,30.174499244275516,62.42628308037141,29.273513429394587,28.880464258206707,40.110162457865705,125.48959427033658,118.43751807511451,108.74919423292923,139.0168783073036,168,187,319,674,355,168,187,319,0,319,330.86699954607366,30.0,26,40,1,400.0,0.814237606472457,fallback: No module named 'cvxpy',heuristic,680,674,predicted_history_signal_no_proposed_feedback,False,thompson_hotspot,,,
42,0.424048473495456,0.5615878575598365,thompson_sampling,Thompson Sampling,300,300,300,5,50,59,10,0.5557206537890045,0.6448275862068965,44.06605501005248,46.983076205450104,rsu_covered_requests_only,580,93,31.201550114913218,33.52817763710199,66.2248041043732,28.148796523976067,25.642151029248076,32.605763050101686,161.00214125687222,132.0156261078246,173.22508022652517,192.4232797479478,268,106,206,673,374,268,106,299,93,206,540.798002723558,5.133000453926343,36,42,4,450.0,0.6592846652959865,fallback: No module named 'cvxpy',heuristic,680,673,predicted_history_signal_no_proposed_feedback,False,thompson_hotspot,,,
42,0.424048473495456,0.5615878575598365,thompson_sampling,Thompson Sampling,300,300,300,6,60,69,10,0.49271137026239065,0.7176220806794055,42.51459123607529,46.983076205450104,rsu_covered_requests_only,471,215,31.623581085378472,31.756572661812687,70.1544991385642,27.619624464580507,27.523436738451657,29.559486619184817,173.5477559740115,140.12984236325337,144.25526226310564,257.29579239688246,300,38,133,686,338,300,38,348,215,133,639.2119836586517,0.0,34,29,4,600.0,0.5887273023417274,fallback: No module named 'cvxpy',heuristic,680,686,predicted_history_signal_no_proposed_feedback,False,thompson_hotspot,,,
42,0.424048473495456,0.5615878575598365,thompson_sampling,Thompson Sampling,300,300,300,7,70,79,10,0.5466472303206997,0.6625441696113075,47.321188967096326,46.983076205450104,rsu_covered_requests_only,566,120,30.99470660278555,32.46926028077489,79.18279653079689,28.13924037139744,26.385864390546445,21.995815941561254,216.20349808103217,125.42453240987533,147.13278610043895,391.59305716176374,350,25,191,686,375,350,25,311,120,191,841.2119836586517,30.0,38,16,3,900.0,0.8390244212437528,fallback: No module named 'cvxpy',heuristic,680,686,predicted_history_signal_no_proposed_feedback,False,thompson_hotspot,,,
42,0.424048473495456,0.5615878575598365,thompson_sampling,Thompson Sampling,300,300,300,8,80,89,10,0.6388888888888888,0.6388888888888888,44.509677175316874,46.983076205450104,rsu_covered_requests_only,684,0,27.650300251452936,31.087350195769584,73.16893029436928,32.04134137143604,28.421832844199365,26.73312659759238,163.42560440026682,75.36729712907749,129.86686702905658,300.68680442420003,353,84,247,684,437,353,84,247,0,247,141.21198365865166,30.0,40,12,6,150.0,0.9220126565378703,fallback: No module named 'cvxpy',heuristic,680,684,predicted_history_signal_no_proposed_feedback,False,thompson_hotspot,,,
42,0.424048473495456,0.5615878575598365,thompson_sampling,Thompson Sampling,300,300,300,9,90,99,10,0.6288659793814433,0.7116666666666667,40.12262802538605,46.983076205450104,rsu_covered_requests_only,600,79,28.737062961087922,32.61248311463225,67.32852095205384,30.77976426205596,26.263335035084317,30.490588354898836,127.87620323512577,90.11486164313922,149.77598465700345,207.2845728260142,387,40,173,679,427,387,40,252,79,173,329.21198365865166,2.0,39,21,2,250.0,0.6311303035966939,fallback: No module named 'cvxpy',heuristic,680,679,predicted_history_signal_no_proposed_feedback,False,thompson_hotspot,,,
42,0.4127100683904981,0.6086296617519514,thompson_sampling,Thompson Sampling,350,350,350,0,0,9,10,0.09867452135493372,0.29385964912280704,54.95053930515375,45.409070203886515,rsu_covered_requests_only,228,451,34.369969332327194,30.365967278308023,64.65912491176407,24.718796137800194,28.53865453654377,35.448077931388454,160.7763829014812,192.58496757952602,113.55493725100494,170.11927868833195,21,46,161,679,67,21,46,612,451,161,370.86699954607354,30.0,7,17,6,650.0,1.2958823529411765,fallback: No module named 'cvxpy',heuristic,680,679,predicted_history_signal_no_proposed_feedback,False,thompson_hotspot,,,
42,0.4127100683904981,0.6086296617519514,thompson_sampling,Thompson Sampling,350,350,350,1,10,19,10,0.12388059701492538,0.532051282051282,48.53051452424881,45.409070203886515,rsu_covered_requests_only,156,514,27.92130256178256,34.55910434951858,69.59875762566747,31.213140754701286,24.570956514996865,27.152702526263035,175.2698870282253,73.08828040535535,199.02349619149447,246.59533551121964,57,26,73,670,83,57,26,587,514,73,670.8669995460735,30.0,13,13,1,900.0,1.1114023123548105,fallback: No module named 'cvxpy',heuristic,680,670,predicted_history_signal_no_proposed_feedback,False,thompson_hotspot,,,
42,0.4127100683904981,0.6086296617519514,thompson_sampling,Thompson Sampling,350,350,350,2,20,29,10,0.2607407407407407,0.35845213849287166,56.64158906147063,45.409070203886515,rsu_covered_requests_only,491,184,29.024319668503814,32.084577110429265,71.52814460564313,30.974089651568313,26.733439788413058,27.31124651554063,216.50827350878004,99.08273020083472,140.2235950134469,274.8035344379613,120,56,315,675,176,120,56,499,184,315,970.8669995460735,30.0,22,13,5,200.0,1.2849317241195162,fallback: No module named 'cvxpy',heuristic,680,675,predicted_history_signal_no_proposed_feedback,False,thompson_hotspot,,,
42,0.4127100683904981,0.6086296617519514,thompson_sampling,Thompson Sampling,350,350,350,3,30,39,10,0.521044992743106,0.521044992743106,46.77136797985046,45.409070203886515,rsu_covered_requests_only,689,0,30.694159632175822,27.56645863423951,65.29451102709365,28.867901256815752,31.88586772179708,36.30907104723245,142.44657591949684,125.06477723548542,69.51959748642005,179.7026071928551,250,109,330,689,359,250,109,330,0,330,270.86699954607366,30.0,42,33,7,400.0,1.1887552535312809,fallback: No module named 'cvxpy',heuristic,680,689,predicted_history_signal_no_proposed_feedback,False,thompson_hotspot,,,
42,0.4127100683904981,0.6086296617519514,thompson_sampling,Thompson Sampling,350,350,350,4,40,49,10,0.5563798219584569,0.6377551020408163,40.148358985907294,45.409070203886515,rsu_covered_requests_only,588,86,28.062692471063244,29.88151405011253,60.85382329234024,31.996338529259223,29.616717809596224,42.29300537858886,100.2315290582778,86.76637269025186,111.86231909518602,116.04376017977609,308,67,213,674,375,308,67,299,86,213,570.8669995460737,30.0,41,40,5,250.0,1.881696430001869,fallback: No module named 'cvxpy',heuristic,680,674,predicted_history_signal_no_proposed_feedback,False,thompson_hotspot,,,
42,0.4127100683904981,0.6086296617519514,thompson_sampling,Thompson Sampling,350,350,350,5,50,59,10,0.62555720653789,0.6693163751987281,43.58298037833301,45.409070203886515,rsu_covered_requests_only,629,44,31.754819461689515,28.99230372207222,69.02442280373526,27.46708130982376,30.893168317132037,30.775649258438726,164.8655304707856,139.5632051980634,102.80764835396594,236.04657308231953,308,113,208,673,421,308,113,252,44,208,870.8669995460737,30.0,37,42,6,400.0,1.6808140770606923,fallback: No module named 'cvxpy',heuristic,680,673,predicted_history_signal_no_proposed_feedback,False,thompson_hotspot,,,
42,0.4127100683904981,0.6086296617519514,thompson_sampling,Thompson Sampling,350,350,350,6,60,69,10,0.706997084548105,0.706997084548105,44.58495724098273,45.409070203886515,rsu_covered_requests_only,686,0,33.50489821513549,31.653910866067676,73.28191710609394,25.642046586523758,27.677359241631386,26.69260440308222,200.71103211434706,171.64045216324178,140.96666670573399,303.36151758069155,272,213,201,686,485,272,213,201,0,201,170.86699954607366,30.0,27,29,2,750.0,1.625225841766575,fallback: No module named 'cvxpy',heuristic,680,686,predicted_history_signal_no_proposed_feedback,False,thompson_hotspot,,,
42,0.4127100683904981,0.6086296617519514,thompson_sampling,Thompson Sampling,350,350,350,7,70,79,10,0.2915451895043732,0.7017543859649122,44.238485283995445,45.409070203886515,rsu_covered_requests_only,285,401,33.53015697553865,34.184041427538936,68.86528778097589,25.472790788293995,24.919369540384643,28.903480464529338,195.3900376580866,173.47372655795974,188.29865327052494,234.05142169685783,126,74,85,686,200,126,74,486,401,85,470.86699954607366,30.0,14,16,4,800.0,1.3237552535312809,fallback: No module named 'cvxpy',heuristic,680,686,predicted_history_signal_no_proposed_feedback,False,thompson_hotspot,,,
42,0.4127100683904981,0.6086296617519514,thompson_sampling,Thompson Sampling,350,350,350,8,80,89,10,0.23830409356725146,0.7581395348837209,38.81843928410081,45.409070203886515,rsu_covered_requests_only,215,469,30.26288484888492,30.246959566533384,65.65212461213477,29.009171139405353,28.739148425787754,37.37745944282789,135.03047605891047,119.55817496563009,110.49337930083573,192.24633877899538,113,50,52,684,163,113,50,521,469,52,770.8669995460737,30.0,13,12,0,900.0,1.0490493711783393,fallback: No module named 'cvxpy',heuristic,680,684,predicted_history_signal_no_proposed_feedback,False,thompson_hotspot,,,
42,0.4127100683904981,0.6086296617519514,thompson_sampling,Thompson Sampling,350,350,350,9,90,99,10,0.7039764359351989,0.7410852713178294,41.442655232012754,45.409070203886515,rsu_covered_requests_only,645,34,32.0562097100112,31.388061511455522,69.04141020118898,26.987349328912934,27.76830243586439,29.043065152733526,162.53611368759414,142.13264207255432,130.68047383365268,233.48585153015725,295,183,167,679,478,295,183,201,34,167,70.86699954607366,30.0,28,21,2,250.0,1.1125787829430451,fallback: No module named 'cvxpy',heuristic,680,679,predicted_history_signal_no_proposed_feedback,False,thompson_hotspot,,,
42,0.48523265877898536,0.6853349927400955,thompson_sampling,Thompson Sampling,400,400,400,0,0,9,10,0.10751104565537556,0.3201754385964912,54.14465788904568,42.294414741999546,rsu_covered_requests_only,228,451,34.33732972295775,30.474631278442686,64.7193022654984,24.744147341596,28.431155358420124,35.34668436728996,160.9182941293478,191.76923237044593,115.64541979560975,170.94456598187452,23,50,155,679,73,23,50,606,451,155,370.86699954607354,30.0,7,17,6,650.0,1.2958823529411765,fallback: No module named 'cvxpy',heuristic,680,679,predicted_history_signal_no_proposed_feedback,False,thompson_hotspot,,,
42,0.48523265877898536,0.6853349927400955,thompson_sampling,Thompson Sampling,400,400,400,1,10,19,10,0.1417910447761194,0.6089743589743589,45.56667565251137,42.294414741999546,rsu_covered_requests_only,156,514,27.873039944890937,34.57577465440416,69.71603001692172,31.21854800502563,24.55827798949834,27.080131062143813,166.12469336681352,71.43503271450082,199.45399787051304,248.53337930342542,64,31,61,670,95,64,31,575,514,61,670.8669995460735,30.0,13,13,1,900.0,1.1114023123548105,fallback: No module named 'cvxpy',heuristic,680,670,predicted_history_signal_no_proposed_feedback,False,thompson_hotspot,,,
42,0.48523265877898536,0.6853349927400955,thompson_sampling,Thompson Sampling,400,400,400,2,20,29,10,0.30814814814814817,0.42362525458248473,54.578281380301014,42.294414741999546,rsu_covered_requests_only,491,184,29.875320517565086,32.12232966884595,72.13108407977708,29.714760223697965,26.706279688822825,26.863174100092234,215.05257952031627,109.35386500114068,141.18569889568758,284.19078886308296,132,76,283,675,208,132,76,467,184,283,970.8669995460735,30.0,22,13,2,50.0,0.9546376064724573,fallback: No module named 'cvxpy',heuristic,680,675,predicted_history_signal_no_proposed_feedback,False,thompson_hotspot,,,
42,0.48523265877898536,0.6853349927400955,thompson_sampling,Thompson Sampling,400,400,400,3,30,39,10,0.5747460087082729,0.5747460087082729,44.8498995184515,42.294414741999546,rsu_covered_requests_only,689,0,31.195470923254472,27.569472084487032,64.93790487823075,28.121329866254875,31.830355916067116,36.638004233522366,137.35119686368523,130.52330678132847,68.87025731965937,174.35477024782716,264,132,293,689,396,264,132,293,0,293,266.86699954607366,26.0,41,33,0,250.0,0.7864023123548102,fallback: No module named 'cvxpy',heuristic,680,689,predicted_history_signal_no_proposed_feedback,False,thompson_hotspot,,,
42,0.48523265877898536,0.6853349927400955,thompson_sampling,Thompson Sampling,400,400,400,4,40,49,10,0.6083086053412463,0.6972789115646258,38.43925931169232,42.294414741999546,rsu_covered_requests_only,588,86,28.30627505801154,30.490312076536505,61.05535683931112,31.46790208053386,28.97960114395854,42.023222397015935,100.71220728929792,87.70091698492897,122.65210367332925,119.09708936893645,351,59,178,674,410,351,59,264,86,178,564.9773432545207,30.0,41,40,7,200.0,1.895425841766575,fallback: No module named 'cvxpy',heuristic,680,674,predicted_history_signal_no_proposed_feedback,False,thompson_hotspot,,,
42,0.48523265877898536,0.6853349927400955,thompson_sampling,Thompson Sampling,400,400,400,5,50,59,10,0.7028231797919762,0.7728758169934641,37.83786114332781,42.294414741999546,rsu_covered_requests_only,612,61,27.950844484498866,30.512134458097144,69.06829202882933,31.784251339892464,29.08542168781912,30.00042210721199,125.34448725139544,80.39762082143834,125.16230814055181,236.10487417632964,342,131,139,673,473,342,131,200,61,139,692.9773432545207,0.0,38,42,1,600.0,0.49552945376912305,fallback: No module named 'cvxpy',heuristic,680,673,predicted_history_signal_no_proposed_feedback,False,thompson_hotspot,,,
42,0.48523265877898536,0.6853349927400955,thompson_sampling,Thompson Sampling,400,400,400,6,60,69,10,0.7346938775510204,0.8155339805825242,36.23176965834909,42.294414741999546,rsu_covered_requests_only,618,68,28.19217727462954,26.81914451134679,72.75080663396797,31.730143447143778,32.982283801447934,27.861322960984804,122.45327299991888,87.05322320273476,62.21689544282671,296.6056207747728,423,81,114,686,504,423,81,182,68,114,882.9773432545207,22.0,38,29,6,850.0,0.76736474788677,fallback: No module named 'cvxpy',heuristic,680,686,predicted_history_signal_no_proposed_feedback,False,thompson_hotspot,,,
42,0.48523265877898536,0.6853349927400955,thompson_sampling,Thompson Sampling,400,400,400,7,70,79,10,0.8119533527696793,0.8119533527696793,40.97483001717814,42.294414741999546,rsu_covered_requests_only,686,0,32.757007645181304,32.937923191862964,76.28688710638029,26.521150352551917,25.976245363740407,23.741792267565838,193.42704587746434,159.02571592440543,155.51383048755105,345.2874397313406,435,122,129,686,557,435,122,129,0,129,173.8076665195922,30.0,37,16,1,750.0,1.618305924357358,fallback: No module named 'cvxpy',heuristic,680,686,predicted_history_signal_no_proposed_feedback,False,thompson_hotspot,,,
42,0.48523265877898536,0.6853349927400955,thompson_sampling,Thompson Sampling,400,400,400,8,80,89,10,0.4926900584795322,0.7676537585421412,41.7477774883473,42.294414741999546,rsu_covered_requests_only,439,245,33.140095629706984,34.29288298348217,69.45226384488065,26.067236777292663,24.85542351677606,31.097568105079198,190.30204130936855,169.04438803904407,189.7283495898656,247.35470455736802,272,65,102,684,337,272,65,347,245,102,473.8076665195922,30.0,25,12,7,800.0,1.4228735629362945,fallback: No module named 'cvxpy',heuristic,680,684,predicted_history_signal_no_proposed_feedback,False,thompson_hotspot,,,
42,0.48523265877898536,0.6853349927400955,thompson_sampling,Thompson Sampling,400,400,400,9,90,99,10,0.3696612665684831,0.7993630573248408,38.73304551504649,42.294414741999546,rsu_covered_requests_only,314,365,31.59083035822893,33.01014905969849,64.44001571793412,27.805637557407557,25.90134527528677,34.2914676814551,154.18171582352036,142.98155264395757,161.17055422663444,163.58144225183278,129,122,63,679,251,129,122,428,365,63,773.8076665195922,30.0,12,21,2,250.0,1.4987559158774713,fallback: No module named 'cvxpy',heuristic,680,679,predicted_history_signal_no_proposed_feedback,False,thompson_hotspot,,,
2026,0.19594958397128845,0.2467676394532693,thompson_sampling,Thompson Sampling,50,50,50,0,0,9,10,0.15418502202643172,0.15813253012048192,60.491216512837546,58.999708203301594,rsu_covered_requests_only,664,17,29.296579391430964,31.646982316729044,65.98907384051564,30.30852331675818,27.57843637906201,34.29202664381823,181.1203160744958,102.88907224520011,138.05615098971688,190.40459484023393,19,86,559,681,105,19,86,576,17,559,365.2843601895734,30.0,21,49,1,550.0,1.4894117647058824,fallback: No module named 'cvxpy',heuristic,680,681,predicted_history_signal_no_proposed_feedback,False,thompson_hotspot,,,
2026,0.19594958397128845,0.2467676394532693,thompson_sampling,Thompson Sampling,50,50,50,1,10,19,10,0.15766423357664233,0.2634146341463415,54.8327621346687,58.999708203301594,rsu_covered_requests_only,410,275,29.76064863398191,31.23714682556052,63.63272014645843,29.304924795897218,28.534097266716607,38.99309744703277,147.81526311038522,102.58250363334857,140.97643021944015,159.66872178453374,74,34,302,685,108,74,34,577,275,302,665.2843601895734,30.0,35,35,0,700.0,1.3233656258712017,fallback: No module named 'cvxpy',heuristic,680,685,predicted_history_signal_no_proposed_feedback,False,thompson_hotspot,,,
2026,0.19594958397128845,0.2467676394532693,thompson_sampling,Thompson Sampling,50,50,50,2,20,29,10,0.1607669616519174,0.24604966139954854,64.18714752831346,58.999708203301594,rsu_covered_requests_only,443,235,30.426235001276215,32.643906256348856,75.13189328173041,29.07998045308961,26.222891418134704,23.738766678121046,278.95152573328204,120.47412976683701,150.60232547857615,329.67795090547776,98,11,334,678,109,98,11,569,235,334,945.3695017152388,20.04257076283268,39,17,1,900.0,1.2051303317535547,fallback: No module named 'cvxpy',heuristic,680,678,predicted_history_signal_no_proposed_feedback,False,thompson_hotspot,,,
2026,0.19594958397128845,0.2467676394532693,thompson_sampling,Thompson Sampling,50,50,50,3,30,39,10,0.187039764359352,0.2015873015873016,63.43784128939276,58.999708203301594,rsu_covered_requests_only,630,49,29.03789040685814,32.60824249525243,71.77550830678953,30.46673964251342,26.339907354790494,27.17113498463432,243.99315688988145,95.23810334214701,150.75275759174238,276.143601705651,78,49,503,679,127,78,49,552,49,503,81.75263858073276,0.0,32,17,0,0.0,0.9607255301231306,fallback: No module named 'cvxpy',heuristic,680,679,predicted_history_signal_no_proposed_feedback,False,thompson_hotspot,,,
2026,0.19594958397128845,0.2467676394532693,thompson_sampling,Thompson Sampling,50,50,50,4,40,49,10,0.22647058823529412,0.2596964586846543,55.68365912067117,58.999708203301594,rsu_covered_requests_only,593,87,29.22219112491959,27.17605089374972,65.15736714077075,30.49991581218313,32.236760150158325,36.85771470325502,156.99248889726908,102.43971700911953,61.02898390076437,179.99696937156884,113,41,439,680,154,113,41,526,87,439,243.8524706032852,15.079054141632785,34,18,0,200.0,1.0610745110215178,fallback: No module named 'cvxpy',heuristic,680,680,predicted_history_signal_no_proposed_feedback,False,thompson_hotspot,,,
2026,0.19594958397128845,0.2467676394532693,thompson_sampling,Thompson Sampling,50,50,50,5,50,59,10,0.24563953488372092,0.2918825561312608,54.34606016275049,58.999708203301594,rsu_covered_requests_only,579,109,30.220377769048458,31.844393750853058,64.11626411722912,29.174873906650436,27.475745497904768,35.50103207589973,149.11586401524065,114.45671727507197,144.62962982723158,160.16412656839546,125,44,410,688,169,125,44,519,109,410,489.88548426967,30.0,37,34,3,200.0,2.201815317627494,fallback: No module named 'cvxpy',heuristic,680,688,predicted_history_signal_no_proposed_feedback,False,thompson_hotspot,,,
2026,0.19594958397128845,0.2467676394532693,thompson_sampling,Thompson Sampling,50,50,50,6,60,69,10,0.27662721893491127,0.3169491525423729,55.272983740679095,58.999708203301594,rsu_covered_requests_only,590,86,30.52235699460243,29.931295883865165,66.82816521668833,29.263888204440665,29.448116351356045,34.68361490467856,179.74171607229695,126.92918044853059,109.09451608351203,206.37200900322796,139,48,403,676,187,139,48,489,86,403,789.88548426967,30.0,33,40,5,450.0,2.217266517508252,fallback: No module named 'cvxpy',heuristic,680,676,predicted_history_signal_no_proposed_feedback,False,thompson_hotspot,,,
2026,0.19594958397128845,0.2467676394532693,thompson_sampling,Thompson Sampling,50,50,50,7,70,79,10,0.2688953488372093,0.2688953488372093,61.039252625552244,58.999708203301594,rsu_covered_requests_only,688,0,30.910063713231985,31.55832967824231,72.00328392965426,28.763874946026966,27.479259498189847,28.224944127993822,240.91979386059,131.5499647500775,133.31572925562443,280.8258253028167,94,91,503,688,185,94,91,503,0,503,89.88548426967009,30.0,23,36,0,650.0,2.044619458684723,fallback: No module named 'cvxpy',heuristic,680,688,predicted_history_signal_no_proposed_feedback,False,thompson_hotspot,,,
2026,0.19594958397128845,0.2467676394532693,thompson_sampling,Thompson Sampling,50,50,50,8,80,89,10,0.18914956011730205,0.2388888888888889,61.986908601130295,58.999708203301594,rsu_covered_requests_only,540,142,33.817795445926464,33.60857485750457,70.85172549672323,25.20099927158609,25.64117034418225,29.63103570573471,246.72739151802023,175.9423107461782,175.88427222554455,268.95110244628484,83,46,411,682,129,83,46,553,142,411,389.8854842696701,30.0,20,25,5,600.0,1.629325341037664,fallback: No module named 'cvxpy',heuristic,680,682,predicted_history_signal_no_proposed_feedback,False,thompson_hotspot,,,
2026,0.19594958397128845,0.2467676394532693,thompson_sampling,Thompson Sampling,50,50,50,9,90,99,10,0.0930576070901034,0.22743682310469315,57.07688828445745,58.999708203301594,rsu_covered_requests_only,277,400,28.83744845029261,33.09318370884746,64.99263596848216,31.783203731099935,25.830204269612217,32.59185855738252,160.86496704507988,107.35333983698546,164.28943472546993,171.29725964480073,43,20,214,677,63,43,20,614,400,214,689.8854842696701,30.0,15,18,2,900.0,1.62785475280237,fallback: No module named 'cvxpy',heuristic,680,677,predicted_history_signal_no_proposed_feedback,False,thompson_hotspot,,,
2026,0.2840991239523162,0.3379298306859836,thompson_sampling,Thompson Sampling,100,100,100,0,0,9,10,0.17474302496328928,0.17921686746987953,59.768232850106806,55.84074336084796,rsu_covered_requests_only,664,17,29.13441390468895,31.707614334199754,65.99910259844107,30.43687640226867,27.56255065447042,34.24753221515701,180.04291541109757,98.918997451302,139.76805347663517,190.48582881065417,22,97,545,681,119,22,97,562,17,545,369.84502088371073,30.0,21,49,1,550.0,1.3379411764705884,fallback: No module named 'cvxpy',heuristic,680,681,predicted_history_signal_no_proposed_feedback,False,thompson_hotspot,,,
2026,0.2840991239523162,0.3379298306859836,thompson_sampling,Thompson Sampling,100,100,100,1,10,19,10,0.19124087591240876,0.31873479318734793,53.12418019272258,55.84074336084796,rsu_covered_requests_only,411,274,29.969538506640355,31.33404965020489,63.73307500798259,29.162352681431127,28.22223427951081,38.73530136107768,147.33802301521897,106.93249279355334,140.07405902777558,160.7973530590189,85,46,280,685,131,85,46,554,274,280,669.8450208837107,30.0,36,35,0,700.0,1.1703779434394115,fallback: No module named 'cvxpy',heuristic,680,685,predicted_history_signal_no_proposed_feedback,False,thompson_hotspot,,,
2026,0.2840991239523162,0.3379298306859836,thompson_sampling,Thompson Sampling,100,100,100,2,20,29,10,0.22123893805309736,0.33860045146726864,60.09361217290846,55.84074336084796,rsu_covered_requests_only,443,235,30.370497344644185,33.63594227853811,75.05389200485412,29.098317697140583,25.382582823558486,23.80242851385569,260.2617155728257,118.92240853851767,172.40142099033062,328.4217113706227,127,23,293,678,150,127,23,528,235,293,947.0024985697718,18.578738843030493,39,17,1,900.0,1.0506720610864702,fallback: No module named 'cvxpy',heuristic,680,678,predicted_history_signal_no_proposed_feedback,False,thompson_hotspot,,,
2026,0.2840991239523162,0.3379298306859836,thompson_sampling,Thompson Sampling,100,100,100,3,30,39,10,0.2960235640648012,0.319047619047619,58.7902546403958,55.84074336084796,rsu_covered_requests_only,630,49,30.36150643856018,32.517803118780456,71.80843782863762,29.053989292210627,26.449438839990584,27.126629098413414,228.96787758015358,117.46698577923887,149.75659197543246,276.69352531957605,141,60,429,679,201,141,60,478,49,429,124.15997625583259,2.0,36,17,1,50.0,0.8868379283298848,fallback: No module named 'cvxpy',heuristic,680,679,predicted_history_signal_no_proposed_feedback,False,thompson_hotspot,,,
2026,0.2840991239523162,0.3379298306859836,thompson_sampling,Thompson Sampling,100,100,100,4,40,49,10,0.2676470588235294,0.318739054290718,53.25375531836294,55.84074336084796,rsu_covered_requests_only,571,109,28.97767255002886,27.47956044361213,64.83123463430782,30.564534017686935,31.636716338536345,37.1844992123526,146.79746537563668,96.24204658845929,62.3459422637022,175.41742467069437,125,57,389,680,182,125,57,498,109,389,255.1192369329191,22.17441103219755,34,18,5,0.0,1.9827096779262408,fallback: No module named 'cvxpy',heuristic,680,680,predicted_history_signal_no_proposed_feedback,False,thompson_hotspot,,,
2026,0.2840991239523162,0.3379298306859836,thompson_sampling,Thompson Sampling,100,100,100,5,50,59,10,0.3313953488372093,0.40714285714285714,50.44444612290413,55.84074336084796,rsu_covered_requests_only,560,128,30.446234065940747,32.77096065222754,63.81404421477384,28.661164212712062,26.427172193784823,35.999568848624804,143.48594250923682,115.28930918956586,160.01311982735223,155.84496131562264,176,52,332,688,228,176,52,460,128,332,483.53176017441683,8.706352034883366,36,34,0,400.0,0.9589332272813227,fallback: No module named 'cvxpy',heuristic,680,688,predicted_history_signal_no_proposed_feedback,False,thompson_hotspot,,,
2026,0.2840991239523162,0.3379298306859836,thompson_sampling,Thompson Sampling,100,100,100,6,60,69,10,0.3343195266272189,0.42803030303030304,50.11411323550115,55.84074336084796,rsu_covered_requests_only,528,148,30.300864536345713,29.883660796702458,65.0338048135317,28.955492727781937,29.560922434729832,36.19831515340453,150.43033010928008,114.27934534319463,109.56269555615013,178.53012511877444,159,67,302,676,226,159,67,450,148,302,688.6051653972022,30.0,32,40,7,250.0,1.8611145941261993,fallback: No module named 'cvxpy',heuristic,680,676,predicted_history_signal_no_proposed_feedback,False,thompson_hotspot,,,
2026,0.2840991239523162,0.3379298306859836,thompson_sampling,Thompson Sampling,100,100,100,7,70,79,10,0.34738372093023256,0.3588588588588589,57.044639712163516,55.84074336084796,rsu_covered_requests_only,666,22,30.614998917137914,30.020211974867227,71.95063946002075,28.484236556057486,28.991449229025964,28.33395980860891,220.2534827527238,117.30047148060176,105.07489183945259,280.1973741929351,158,81,427,688,239,158,81,449,22,427,876.6051653972022,2.0,30,36,4,800.0,0.9962838732189313,fallback: No module named 'cvxpy',heuristic,680,688,predicted_history_signal_no_proposed_feedback,False,thompson_hotspot,,,
2026,0.2840991239523162,0.3379298306859836,thompson_sampling,Thompson Sampling,100,100,100,8,80,89,10,0.3343108504398827,0.37012987012987014,57.2701624052497,55.84074336084796,rsu_covered_requests_only,616,66,29.99243967733612,29.712338697257984,73.34770763109901,29.296970592317685,30.0944554335698,27.895945680398835,233.45245766554729,108.28028572544504,111.21717979359958,306.5000950361064,161,67,388,682,228,161,67,454,66,388,7.396916341243923,22.1439547170985,30,25,0,800.0,1.9857074026306958,fallback: No module named 'cvxpy',heuristic,680,682,predicted_history_signal_no_proposed_feedback,False,thompson_hotspot,,,
2026,0.2840991239523162,0.3379298306859836,thompson_sampling,Thompson Sampling,100,100,100,9,90,99,10,0.34268833087149186,0.3625,56.788995988561496,55.84074336084796,rsu_covered_requests_only,640,37,29.98101654764064,32.91019365231615,71.6450637989565,29.664065308492493,26.05277502405254,26.99837334728874,219.1305820706842,113.6616321462491,157.33589475037476,273.32270511442476,178,54,408,677,232,178,54,445,37,408,191.54087105834242,2.0,32,18,2,100.0,0.9483251852269712,fallback: No module named 'cvxpy',heuristic,680,677,predicted_history_signal_no_proposed_feedback,False,thompson_hotspot,,,
2026,0.29695746789899957,0.387962430515622,thompson_sampling,Thompson Sampling,150,150,150,0,0,9,10,0.20998531571218795,0.21536144578313254,58.51472079063808,53.62714984719003,rsu_covered_requests_only,664,17,27.67880692713811,31.733512943195638,66.10667589367465,32.6077010476167,27.482642574435015,34.13558984987859,178.20072627243897,83.29816916646466,139.26447154901672,192.21769325767602,31,112,521,681,143,31,112,538,17,521,372.15890281390404,30.0,22,49,1,550.0,1.243823529411765,fallback: No module named 'cvxpy',heuristic,680,681,predicted_history_signal_no_proposed_feedback,False,thompson_hotspot,,,
2026,0.29695746789899957,0.387962430515622,thompson_sampling,Thompson Sampling,150,150,150,1,10,19,10,0.2364963503649635,0.39416058394160586,50.5878914796636,53.62714984719003,rsu_covered_requests_only,411,274,29.442235297158522,31.22489795188445,63.98734195689062,29.845392771308493,28.31410097278734,38.72089970716995,143.99350399114732,99.03700697719678,138.3810854269958,165.3418919179346,112,50,249,685,162,112,50,523,274,249,672.158902813904,30.0,36,35,0,700.0,1.0703110734007482,fallback: No module named 'cvxpy',heuristic,680,685,predicted_history_signal_no_proposed_feedback,False,thompson_hotspot,,,
2026,0.29695746789899957,0.387962430515622,thompson_sampling,Thompson Sampling,150,150,150,2,20,29,10,0.23156342182890854,0.36768149882903983,58.58040087394769,53.62714984719003,rsu_covered_requests_only,427,251,29.04919437445015,33.699903403461704,75.23550513154312,30.71608245559235,25.32180363069356,23.695056266536263,251.78109459854412,100.70494046640297,173.97401407931224,331.48807234061405,127,30,270,678,157,127,30,521,251,270,888.158902813904,6.0,37,17,4,800.0,0.9132522498713367,fallback: No module named 'cvxpy',heuristic,680,678,predicted_history_signal_no_proposed_feedback,False,thompson_hotspot,,,
2026,0.29695746789899957,0.387962430515622,thompson_sampling,Thompson Sampling,150,150,150,3,30,39,10,0.33136966126656847,0.33136966126656847,58.26911305129278,53.62714984719003,rsu_covered_requests_only,679,0,30.414752904493962,32.612252198268465,71.72992490849926,29.035164980670075,26.278025703469662,27.20198394337842,226.64496984963364,118.64380457751462,149.02431691580287,275.4186390351145,154,71,454,679,225,154,71,454,0,454,123.77632588531173,26.01912884642961,37,17,2,100.0,1.004805191047807,fallback: No module named 'cvxpy',heuristic,680,679,predicted_history_signal_no_proposed_feedback,False,thompson_hotspot,,,
2026,0.29695746789899957,0.387962430515622,thompson_sampling,Thompson Sampling,150,150,150,4,40,49,10,0.325,0.4217557251908397,49.22468032902355,53.62714984719003,rsu_covered_requests_only,524,156,31.2836068011255,28.239695186050998,62.551515736374235,27.833888397281218,30.858403123398016,39.63172180243571,134.21763542764552,131.26614545734458,75.72167607333215,140.76993426808383,197,24,303,680,221,197,24,459,156,303,364.89469645875306,10.223674114688265,38,18,2,300.0,0.9761495998785066,fallback: No module named 'cvxpy',heuristic,680,680,predicted_history_signal_no_proposed_feedback,False,thompson_hotspot,,,
2026,0.29695746789899957,0.387962430515622,thompson_sampling,Thompson Sampling,150,150,150,5,50,59,10,0.3241279069767442,0.451417004048583,48.19829333820557,53.62714984719003,rsu_covered_requests_only,494,194,30.859107597570425,31.28923804085807,62.39649511184757,28.32829303556596,27.80936379309211,38.05601159165929,130.97941847320047,125.21731952413145,131.30761554998446,134.73209389941766,179,44,271,688,223,179,44,465,194,271,574.6928705735397,29.780298290670814,32,34,3,350.0,2.045342776956562,fallback: No module named 'cvxpy',heuristic,680,688,predicted_history_signal_no_proposed_feedback,False,thompson_hotspot,,,
2026,0.29695746789899957,0.387962430515622,thompson_sampling,Thompson Sampling,150,150,150,6,60,69,10,0.40976331360946744,0.4686971235194585,49.502911711198294,53.62714984719003,rsu_covered_requests_only,591,85,30.91348512694347,28.07040448098247,66.91595692198243,28.225566199674436,32.23513086941748,34.685756241733074,162.08216676546823,124.90097157013955,88.6157396146001,207.82464144103022,165,112,314,676,277,165,112,399,85,314,874.6928705735397,30.0,28,40,3,550.0,2.0223110329602805,fallback: No module named 'cvxpy',heuristic,680,676,predicted_history_signal_no_proposed_feedback,False,thompson_hotspot,,,
2026,0.29695746789899957,0.387962430515622,thompson_sampling,Thompson Sampling,150,150,150,7,70,79,10,0.3997093023255814,0.3997093023255814,56.15711756680936,53.62714984719003,rsu_covered_requests_only,688,0,32.854168809045994,31.997983833937408,72.0011566332793,26.185361394719255,27.053749201136224,28.201352614257097,227.94153065725342,157.44474884829424,141.7385938723452,280.89113715522853,117,158,413,688,275,117,158,413,0,413,174.69287057353972,30.0,16,36,6,500.0,1.608487503548516,fallback: No module named 'cvxpy',heuristic,680,688,predicted_history_signal_no_proposed_feedback,False,thompson_hotspot,,,
2026,0.29695746789899957,0.387962430515622,thompson_sampling,Thompson Sampling,150,150,150,8,80,89,10,0.28885630498533726,0.48284313725490197,51.473466441447215,53.62714984719003,rsu_covered_requests_only,408,274,31.689300640843886,33.839274562272635,69.15016168716956,27.477858367080948,25.478813044907877,30.834650646240014,201.76663661811457,141.38257067500135,183.52598985082145,242.56509299289817,119,78,211,682,197,119,78,485,274,211,474.6928705735397,30.0,18,25,6,600.0,1.3411345623720456,fallback: No module named 'cvxpy',heuristic,680,682,predicted_history_signal_no_proposed_feedback,False,thompson_hotspot,,,
2026,0.29695746789899957,0.387962430515622,thompson_sampling,Thompson Sampling,150,150,150,9,90,99,10,0.21270310192023634,0.4350453172205438,51.515717213855446,53.62714984719003,rsu_covered_requests_only,331,346,28.729053626234375,31.90762740552788,67.92381942457615,31.749018920929498,26.877186438298114,30.209514920680554,173.8808785007207,99.90751722643164,137.59239792465402,217.34225292166576,77,67,187,677,144,77,67,533,346,187,774.6928705735397,30.0,18,18,4,50.0,1.5228992682543983,fallback: No module named 'cvxpy',heuristic,680,677,predicted_history_signal_no_proposed_feedback,False,thompson_hotspot,,,
2026,0.3468979275990708,0.44637462235649544,thompson_sampling,Thompson Sampling,200,200,200,0,0,9,10,0.24082232011747431,0.2469879518072289,57.43596321019136,51.593041087802604,rsu_covered_requests_only,664,17,27.338428710065955,31.702310475842385,66.20825632125684,33.514894614052885,27.486063294069584,34.03561758528742,176.99393720542562,83.30857244161021,138.29809138914425,193.8653780731785,38,126,500,681,164,38,126,517,17,500,374.179442070872,30.0,23,49,1,550.0,1.170294117647059,fallback: No module named 'cvxpy',heuristic,680,681,predicted_history_signal_no_proposed_feedback,False,thompson_hotspot,,,
2026,0.3468979275990708,0.44637462235649544,thompson_sampling,Thompson Sampling,200,200,200,1,10,19,10,0.24671532846715327,0.41119221411192214,49.728474253126215,51.593041087802604,rsu_covered_requests_only,411,274,29.46081360755195,31.555292860250017,63.53614152169698,29.970399528678666,27.641635912200606,39.42806255660066,138.9202981908839,101.71517755862185,138.81241342899006,158.77061204227877,129,40,242,685,169,129,40,516,274,242,674.179442070872,30.0,36,35,0,700.0,0.9941549606019839,fallback: No module named 'cvxpy',heuristic,680,685,predicted_history_signal_no_proposed_feedback,False,thompson_hotspot,,,
2026,0.3468979275990708,0.44637462235649544,thompson_sampling,Thompson Sampling,200,200,200,2,20,29,10,0.2890855457227139,0.45901639344262296,54.12812719030669,51.593041087802604,rsu_covered_requests_only,427,251,29.575825110789175,33.798043595193725,74.66793546664852,29.962461338026635,25.249582627339993,24.0830845434983,226.364100278335,107.15790861307973,176.45406494462696,322.7090139800029,180,16,231,678,196,180,16,482,251,231,890.179442070872,6.0,37,17,4,800.0,0.8370961370725721,fallback: No module named 'cvxpy',heuristic,680,678,predicted_history_signal_no_proposed_feedback,False,thompson_hotspot,,,
2026,0.3468979275990708,0.44637462235649544,thompson_sampling,Thompson Sampling,200,200,200,3,30,39,10,0.34609720176730485,0.3539156626506024,57.34447301388362,51.593041087802604,rsu_covered_requests_only,664,15,29.9572288841756,32.135572692280704,71.94566930675327,29.675678911868363,26.724676925244427,26.95339527657736,223.68995973170726,114.51376545982872,139.8528446229537,278.82893036108857,156,79,429,679,235,156,79,444,15,429,67.48688742586774,27.328626428181103,37,17,5,800.0,1.8754137841313958,fallback: No module named 'cvxpy',heuristic,680,679,predicted_history_signal_no_proposed_feedback,False,thompson_hotspot,,,
2026,0.3468979275990708,0.44637462235649544,thompson_sampling,Thompson Sampling,200,200,200,4,40,49,10,0.36617647058823527,0.42346938775510207,50.549768170642054,51.593041087802604,rsu_covered_requests_only,588,92,31.226915240600814,28.728834288843558,65.09637072304506,27.918222318968766,30.052556515037853,36.92987676744908,154.30728212297467,130.3555682058067,77.95725915401495,179.31936353849332,201,48,339,680,249,201,48,431,92,339,366.9982513684046,30.0,39,18,4,950.0,1.8325611639934305,fallback: No module named 'cvxpy',heuristic,680,680,predicted_history_signal_no_proposed_feedback,False,thompson_hotspot,,,
2026,0.3468979275990708,0.44637462235649544,thompson_sampling,Thompson Sampling,200,200,200,5,50,59,10,0.376453488372093,0.5242914979757085,45.72608557966925,51.593041087802604,rsu_covered_requests_only,494,194,30.097662830193215,31.721214952999652,62.632800875265836,29.792163470077977,27.150885884367614,37.76415066403449,130.64141467539378,121.06418263301015,134.8517066525382,138.49791252253877,213,46,235,688,259,213,46,429,194,235,666.9982513684047,30.0,32,34,3,350.0,1.969078743809309,fallback: No module named 'cvxpy',heuristic,680,688,predicted_history_signal_no_proposed_feedback,False,thompson_hotspot,,,
2026,0.3468979275990708,0.44637462235649544,thompson_sampling,Thompson Sampling,200,200,200,6,60,69,10,0.46449704142011833,0.5198675496688742,47.37769151865169,51.593041087802604,rsu_covered_requests_only,604,72,31.82668516432001,27.966878491952208,66.3452262180965,27.397214947836986,32.18660942507326,35.36691060584231,154.37186935899564,142.5949540928925,84.97118939005368,198.91584779351493,154,160,290,676,314,154,160,362,72,290,966.9982513684047,30.0,19,40,4,300.0,1.5067258026328387,fallback: No module named 'cvxpy',heuristic,680,676,predicted_history_signal_no_proposed_feedback,False,thompson_hotspot,,,
2026,0.3468979275990708,0.44637462235649544,thompson_sampling,Thompson Sampling,200,200,200,7,70,79,10,0.48691860465116277,0.5138036809815951,52.01508545630653,51.593041087802604,rsu_covered_requests_only,652,36,33.56279251346758,32.47716014706848,72.10761711320905,25.442279414215534,26.697448721240637,28.126436784866968,220.09643915734856,169.236775133916,153.43210236552187,282.4692966866296,162,173,317,688,335,162,173,353,36,317,266.9982513684047,30.0,18,36,2,750.0,1.694372861456368,fallback: No module named 'cvxpy',heuristic,680,688,predicted_history_signal_no_proposed_feedback,False,thompson_hotspot,,,
2026,0.3468979275990708,0.44637462235649544,thompson_sampling,Thompson Sampling,200,200,200,8,80,89,10,0.2903225806451613,0.577259475218659,46.65320453409324,51.593041087802604,rsu_covered_requests_only,343,339,29.0472672728005,34.07984978444524,68.02194056401956,30.466725804512905,25.060163961328637,32.21796184389794,172.54949171372186,100.11592283747068,185.97428761559638,225.86502653842567,121,77,145,682,198,121,77,484,339,145,566.9982513684047,30.0,17,25,2,850.0,1.4137846261622506,fallback: No module named 'cvxpy',heuristic,680,682,predicted_history_signal_no_proposed_feedback,False,thompson_hotspot,,,
2026,0.3468979275990708,0.44637462235649544,thompson_sampling,Thompson Sampling,200,200,200,9,90,99,10,0.361890694239291,0.5456570155902004,50.39523877339723,51.593041087802604,rsu_covered_requests_only,449,228,31.899655367138404,32.059145318025884,72.54552670703653,26.9448895118011,26.735631049296103,26.880275917581987,206.0186578311843,137.07579534970387,138.82281140452147,288.13257951538674,165,80,204,677,245,165,80,432,228,204,866.9982513684047,30.0,28,18,0,0.0,1.182019920279897,fallback: No module named 'cvxpy',heuristic,680,677,predicted_history_signal_no_proposed_feedback,False,thompson_hotspot,,,
2026,0.4472663916046602,0.5416888888888889,thompson_sampling,Thompson Sampling,250,250,250,0,0,9,10,0.2834067547723935,0.29066265060240964,55.97409799659678,47.9234753368426,rsu_covered_requests_only,664,17,27.085251667365515,31.848382399893044,66.26451909949472,34.100831657926925,27.297308575223063,34.07206628359339,175.48503593884996,80.74944020690346,140.21571525301127,194.98743486498836,40,153,471,681,193,40,153,488,17,471,376.08384186786947,30.0,23,49,1,550.0,1.108529411764706,fallback: No module named 'cvxpy',heuristic,680,681,predicted_history_signal_no_proposed_feedback,False,thompson_hotspot,,,
2026,0.4472663916046602,0.5416888888888889,thompson_sampling,Thompson Sampling,250,250,250,1,10,19,10,0.29927007299270075,0.49878345498783455,46.91805885805038,47.9234753368426,rsu_covered_requests_only,411,274,29.22676121674422,30.922610124532508,64.00484300988096,30.261390690088206,28.69795075913941,38.595814395323565,137.51001405337468,98.73750937478007,133.5388902252315,165.45116194431378,142,63,206,685,205,142,63,480,274,206,676.0838418678695,30.0,36,35,0,700.0,0.9255027702776519,fallback: No module named 'cvxpy',heuristic,680,685,predicted_history_signal_no_proposed_feedback,False,thompson_hotspot,,,
2026,0.4472663916046602,0.5416888888888889,thompson_sampling,Thompson Sampling,250,250,250,2,20,29,10,0.36430678466076694,0.4616822429906542,55.41660800634239,47.9234753368426,rsu_covered_requests_only,535,143,31.703235542203807,33.79205237628219,75.52202765895255,27.353412465774152,25.23914916751861,23.214285787662917,246.67374589694816,137.6758390207437,174.9427239675967,336.013824647376,215,32,288,678,247,215,32,431,143,288,976.0838418678695,30.0,42,17,4,650.0,1.9160910055717697,fallback: No module named 'cvxpy',heuristic,680,678,predicted_history_signal_no_proposed_feedback,False,thompson_hotspot,,,
2026,0.4472663916046602,0.5416888888888889,thompson_sampling,Thompson Sampling,250,250,250,3,30,39,10,0.44329896907216493,0.4777777777777778,52.22254839905501,47.9234753368426,rsu_covered_requests_only,630,49,30.566989106256894,32.56146815409275,71.53797716868932,28.812443313820953,26.371045959094605,27.461320741787603,204.26660949076663,122.20006183430995,149.6050774197977,272.5183406961875,219,82,329,679,301,219,82,378,49,329,74.08384186786952,0.0,37,17,0,0.0,0.5193262996894167,fallback: No module named 'cvxpy',heuristic,680,679,predicted_history_signal_no_proposed_feedback,False,thompson_hotspot,,,
2026,0.4472663916046602,0.5416888888888889,thompson_sampling,Thompson Sampling,250,250,250,4,40,49,10,0.4455882352941177,0.4950980392156863,47.45276708578213,47.9234753368426,rsu_covered_requests_only,612,68,29.766593261538183,27.203586890612907,65.5834993640469,29.787893391305186,32.14644562211679,36.81553021430963,141.1762965357759,109.64042901670919,61.08949127899408,187.02648081849483,208,95,309,680,303,208,95,377,68,309,246.08384186786952,16.0,35,18,0,200.0,0.6989851232188283,fallback: No module named 'cvxpy',heuristic,680,680,predicted_history_signal_no_proposed_feedback,False,thompson_hotspot,,,
2026,0.4472663916046602,0.5416888888888889,thompson_sampling,Thompson Sampling,250,250,250,5,50,59,10,0.5,0.5941278065630398,44.65435272756486,47.9234753368426,rsu_covered_requests_only,579,109,30.411918657288982,32.97258919659559,64.467687276249,28.768780338080443,26.202927932462774,34.73447645650753,143.62563363904465,116.16266611780758,162.93654412333456,164.9181545615148,249,95,235,688,344,249,95,344,109,235,468.0838418678695,10.0,35,34,0,400.0,0.730973358512946,fallback: No module named 'cvxpy',heuristic,680,688,predicted_history_signal_no_proposed_feedback,False,thompson_hotspot,,,
2026,0.4472663916046602,0.5416888888888889,thompson_sampling,Thompson Sampling,250,250,250,6,60,69,10,0.5118343195266272,0.6784313725490196,41.71568197843968,47.9234753368426,rsu_covered_requests_only,510,166,30.468084798560973,30.29629259798221,65.51869465086985,28.951504502989764,29.706812657356913,35.02879890947506,142.63069648678137,121.65858802472431,126.48907990871757,184.81493487697776,276,70,164,676,346,276,70,330,166,164,531.6646325285219,0.0,37,40,1,500.0,0.6532557114541225,fallback: No module named 'cvxpy',heuristic,680,676,predicted_history_signal_no_proposed_feedback,False,thompson_hotspot,,,
2026,0.4472663916046602,0.5416888888888889,thompson_sampling,Thompson Sampling,250,250,250,7,70,79,10,0.4578488372093023,0.6847826086956522,41.496592958119685,47.9234753368426,rsu_covered_requests_only,460,228,29.26567570548957,31.30582922340356,66.96974440764515,30.345448387719163,27.480884923830754,31.877987093273134,137.08194449250527,100.67003421296944,124.63614897506042,203.29156371051,237,78,145,688,315,237,78,373,228,145,733.6646325285219,30.0,33,36,2,750.0,0.9441300953599804,fallback: No module named 'cvxpy',heuristic,680,688,predicted_history_signal_no_proposed_feedback,False,thompson_hotspot,,,
2026,0.4472663916046602,0.5416888888888889,thompson_sampling,Thompson Sampling,250,250,250,8,80,89,10,0.5733137829912024,0.6347402597402597,45.993055672211014,47.9234753368426,rsu_covered_requests_only,616,66,30.50159279504121,27.632031530488256,74.1763825618294,28.857767735512038,32.7037122539383,26.356590492077416,185.5177038376968,118.77388670394251,80.98282442171141,318.1316934609804,292,99,225,682,391,292,99,291,66,225,9.664632528521906,18.0,36,25,3,950.0,0.9282948012423333,fallback: No module named 'cvxpy',heuristic,680,682,predicted_history_signal_no_proposed_feedback,False,thompson_hotspot,,,
2026,0.4472663916046602,0.5416888888888889,thompson_sampling,Thompson Sampling,250,250,250,9,90,99,10,0.5937961595273265,0.6611842105263158,44.37535885684673,47.9234753368426,rsu_covered_requests_only,608,69,30.68393959159332,34.13375254369879,69.61985888037388,28.483691929947224,24.931792911797388,28.491535167167545,170.88406109987142,121.21666538909767,181.8754291043,241.8953323076056,314,88,206,677,402,314,88,275,69,206,237.6646325285219,10.0,32,18,5,150.0,0.903024213007039,fallback: No module named 'cvxpy',heuristic,680,677,predicted_history_signal_no_proposed_feedback,False,thompson_hotspot,,,
2026,0.46271906999671747,0.5791116005873715,thompson_sampling,Thompson Sampling,300,300,300,0,0,9,10,0.3054331864904552,0.3132530120481928,55.17186825843275,46.72396045442547,rsu_covered_requests_only,664,17,27.31015420285712,31.95541455861536,66.23043042055313,33.78639106998358,27.185870992543478,34.15281359131489,174.13867536310087,84.34679429112725,142.13845852735366,194.56512636463995,46,162,456,681,208,46,162,473,17,456,376.08384186786947,30.0,23,49,1,550.0,1.108529411764706,fallback: No module named 'cvxpy',heuristic,680,681,predicted_history_signal_no_proposed_feedback,False,thompson_hotspot,,,
2026,0.46271906999671747,0.5791116005873715,thompson_sampling,Thompson Sampling,300,300,300,1,10,19,10,0.3182481751824818,0.5304136253041363,45.9047320555816,46.72396045442547,rsu_covered_requests_only,411,274,29.363878088783245,31.204707122448394,63.94913941053742,29.988643820299774,28.529966004859176,38.50251490454741,136.40886414074467,99.33408189835217,139.94183038504298,164.18908890879277,151,67,193,685,218,151,67,467,274,193,676.0838418678695,30.0,36,35,0,700.0,0.9255027702776519,fallback: No module named 'cvxpy',heuristic,680,685,predicted_history_signal_no_proposed_feedback,False,thompson_hotspot,,,
2026,0.46271906999671747,0.5791116005873715,thompson_sampling,Thompson Sampling,300,300,300,2,20,29,10,0.3407079646017699,0.5526315789473685,50.31305807203166,46.72396045442547,rsu_covered_requests_only,418,260,29.385932591138552,33.99717755488514,75.3997820945459,30.013165066346332,25.074423558840884,23.59466362356656,211.17894026272145,100.79549473172575,180.84623881845422,334.26451700588416,200,31,187,678,231,200,31,447,260,187,834.0838418678695,0.0,36,17,6,750.0,0.7813851232188285,fallback: No module named 'cvxpy',heuristic,680,678,predicted_history_signal_no_proposed_feedback,False,thompson_hotspot,,,
2026,0.46271906999671747,0.5791116005873715,thompson_sampling,Thompson Sampling,300,300,300,3,30,39,10,0.4683357879234168,0.5179153094462541,50.31734925156694,46.72396045442547,rsu_covered_requests_only,614,65,30.261939324028127,31.89310909456601,71.33433593732947,28.844957461688313,26.899342766131014,27.81618899182188,190.9302076546389,110.67980593510238,134.2097598712869,269.51382984700007,222,96,296,679,318,222,96,361,65,296,951.2637032397289,21.30542934033809,35,17,4,750.0,1.8774557114541226,fallback: No module named 'cvxpy',heuristic,680,679,predicted_history_signal_no_proposed_feedback,False,thompson_hotspot,,,
2026,0.46271906999671747,0.5791116005873715,thompson_sampling,Thompson Sampling,300,300,300,4,40,49,10,0.5367647058823529,0.5367647058823529,46.71639793305884,46.72396045442547,rsu_covered_requests_only,680,0,30.453328410202378,27.309307622545745,66.63885704705736,29.25971473132571,31.998893146151445,35.69215181485449,150.49937667732718,123.99990147848182,61.887306429913544,202.50086465454595,257,108,315,680,365,257,108,315,0,315,236.69520280140864,30.0,40,18,5,950.0,1.9792395387295287,fallback: No module named 'cvxpy',heuristic,680,680,predicted_history_signal_no_proposed_feedback,False,thompson_hotspot,,,
2026,0.46271906999671747,0.5791116005873715,thompson_sampling,Thompson Sampling,300,300,300,5,50,59,10,0.5828488372093024,0.6866438356164384,41.732683025420584,46.72396045442547,rsu_covered_requests_only,584,104,31.051723084137965,32.46691932192385,64.45687792995157,28.24760649309293,26.721877469780704,34.518687874914484,143.4667436979478,128.58554841203238,153.64103303743082,164.0267254608824,313,88,183,688,401,313,88,287,104,183,536.6952028014086,30.0,40,34,5,100.0,1.8237668245934628,fallback: No module named 'cvxpy',heuristic,680,688,predicted_history_signal_no_proposed_feedback,False,thompson_hotspot,,,
2026,0.46271906999671747,0.5791116005873715,thompson_sampling,Thompson Sampling,300,300,300,6,60,69,10,0.5887573964497042,0.6734348561759729,42.08951429112105,46.72396045442547,rsu_covered_requests_only,591,85,30.044281739375062,29.349572430448216,67.37524750304765,29.6898168930776,30.150806151199323,34.06895623547471,145.4500364258263,117.04595988894232,100.73264308428023,214.50534080643735,274,124,193,676,398,274,124,278,85,193,836.6952028014086,30.0,30,40,1,500.0,1.8640609422405219,fallback: No module named 'cvxpy',heuristic,680,676,predicted_history_signal_no_proposed_feedback,False,thompson_hotspot,,,
2026,0.46271906999671747,0.5791116005873715,thompson_sampling,Thompson Sampling,300,300,300,7,70,79,10,0.6773255813953488,0.6773255813953488,45.2623090970071,46.72396045442547,rsu_covered_requests_only,688,0,32.42337226119316,31.270318820579437,73.45386016816015,26.77142822295686,27.772251147497528,26.646193482215637,192.6532170862478,152.62684608819313,128.3462387205123,302.8124695455684,227,239,222,688,466,227,239,222,0,222,136.69520280140864,30.0,21,36,1,700.0,1.7590609422405217,fallback: No module named 'cvxpy',heuristic,680,688,predicted_history_signal_no_proposed_feedback,False,thompson_hotspot,,,
2026,0.46271906999671747,0.5791116005873715,thompson_sampling,Thompson Sampling,300,300,300,8,80,89,10,0.49266862170087977,0.6706586826347305,46.19163340915069,46.72396045442547,rsu_covered_requests_only,501,181,33.07151150687229,34.50098538783339,71.94732649023467,25.911203734532585,24.67882153030534,27.017377312282644,209.1505996988799,162.14473043740597,193.0256738677052,284.0971897054981,225,111,165,682,336,225,111,346,181,165,436.69520280140864,30.0,19,25,3,950.0,1.7043550598875805,fallback: No module named 'cvxpy',heuristic,680,682,predicted_history_signal_no_proposed_feedback,False,thompson_hotspot,,,
2026,0.46271906999671747,0.5791116005873715,thompson_sampling,Thompson Sampling,300,300,300,9,90,99,10,0.31610044313146235,0.7205387205387206,39.82842767202581,46.72396045442547,rsu_covered_requests_only,297,380,28.87748918086296,33.40790792789278,65.06129280482354,31.065331219693014,25.490577839951253,32.74332413442905,134.59837701119707,103.19942226420012,168.60881836452413,172.21114243697446,159,55,83,677,214,159,55,463,380,83,736.6952028014086,30.0,17,18,0,0.0,1.2837668245934628,fallback: No module named 'cvxpy',heuristic,680,677,predicted_history_signal_no_proposed_feedback,False,thompson_hotspot,,,
2026,0.5280801926136772,0.6414321339508372,thompson_sampling,Thompson Sampling,350,350,350,0,0,9,10,0.3333333333333333,0.34186746987951805,54.22165357409562,44.28686555460496,rsu_covered_requests_only,664,17,27.482541933091746,32.0089045893029,66.34012114456648,33.49104097478014,27.122845491513672,34.01877119811462,173.19712366941457,85.50139598336226,142.9564131947642,196.26834161354302,56,171,437,681,227,56,171,454,17,437,376.08384186786947,30.0,23,49,1,550.0,1.108529411764706,fallback: No module named 'cvxpy',heuristic,680,681,predicted_history_signal_no_proposed_feedback,False,thompson_hotspot,,,
2026,0.5280801926136772,0.6414321339508372,thompson_sampling,Thompson Sampling,350,350,350,1,10,19,10,0.34306569343065696,0.5717761557177615,44.51783356401833,44.28686555460496,rsu_covered_requests_only,411,274,29.410995717972007,30.73709383293865,64.15393542571294,29.917373300421747,29.08564566792664,38.775846793305455,134.6589938750842,99.50332850999806,131.61192079138138,168.64689903881734,164,71,176,685,235,164,71,450,274,176,676.0838418678695,30.0,36,35,0,700.0,0.9255027702776519,fallback: No module named 'cvxpy',heuristic,680,685,predicted_history_signal_no_proposed_feedback,False,thompson_hotspot,,,
2026,0.5280801926136772,0.6414321339508372,thompson_sampling,Thompson Sampling,350,350,350,2,20,29,10,0.3687315634218289,0.5980861244019139,48.277215115305815,44.28686555460496,rsu_covered_requests_only,418,260,29.671649150308863,34.04970961218097,75.49499132325545,29.757395447347875,25.01178527596683,23.482249993056246,201.10318129831876,105.1195181204012,181.43869799625313,335.75895842161674,232,18,168,678,250,232,18,428,260,168,774.0838418678695,0.0,37,17,2,700.0,0.6590321820423579,fallback: No module named 'cvxpy',heuristic,680,678,predicted_history_signal_no_proposed_feedback,False,thompson_hotspot,,,
2026,0.5280801926136772,0.6414321339508372,thompson_sampling,Thompson Sampling,350,350,350,3,30,39,10,0.4727540500736377,0.5602094240837696,48.15263739602695,44.28686555460496,rsu_covered_requests_only,573,106,28.76117115336866,31.957718066568216,71.34419128976727,31.333451647932243,26.845876865749403,27.857287534364794,182.48236869935135,100.52387313310534,136.1972544384415,270.0361175145496,202,119,252,679,321,202,119,358,106,252,874.0838418678695,0.0,31,17,3,850.0,0.7486910055717695,fallback: No module named 'cvxpy',heuristic,680,679,predicted_history_signal_no_proposed_feedback,False,thompson_hotspot,,,
2026,0.5280801926136772,0.6414321339508372,thompson_sampling,Thompson Sampling,350,350,350,4,40,49,10,0.5794117647058824,0.6344605475040258,42.030912202022165,44.28686555460496,rsu_covered_requests_only,621,59,28.452077862097212,28.223936794064386,65.78237653820017,31.38707535859565,30.9063148242515,37.37403232619232,122.552862770889,89.85596417135055,75.19442681883301,191.05937310734865,212,182,227,680,394,212,182,286,59,227,55.34551552140192,30.0,27,18,2,300.0,1.1875145349835343,fallback: No module named 'cvxpy',heuristic,680,680,predicted_history_signal_no_proposed_feedback,False,thompson_hotspot,,,
2026,0.5280801926136772,0.6414321339508372,thompson_sampling,Thompson Sampling,350,350,350,5,50,59,10,0.6947674418604651,0.6947674418604651,42.001632527414024,44.28686555460496,rsu_covered_requests_only,688,0,30.462253301960516,32.54942145987424,66.48839523931983,28.77335350036111,26.426671478551963,32.56100377514553,149.56291165159723,117.27266563909603,149.80075745064903,195.33533622163336,299,179,210,688,478,299,179,210,0,210,355.3455155214019,30.0,36,34,1,450.0,1.1498155357045305,fallback: No module named 'cvxpy',heuristic,680,688,predicted_history_signal_no_proposed_feedback,False,thompson_hotspot,,,
2026,0.5280801926136772,0.6414321339508372,thompson_sampling,Thompson Sampling,350,350,350,6,60,69,10,0.5961538461538461,0.7901960784313725,38.31347163717461,44.28686555460496,rsu_covered_requests_only,510,166,31.12191127922671,31.23832995119944,65.3406886088239,28.184682679401583,28.137491395895534,35.156111721369214,141.8533286685639,130.5808489293356,134.97098170502804,182.09390965007432,349,54,107,676,403,349,54,273,166,107,651.6116857717087,26.266170250306832,39,40,5,650.0,1.0712861239398246,fallback: No module named 'cvxpy',heuristic,680,676,predicted_history_signal_no_proposed_feedback,False,thompson_hotspot,,,
2026,0.5280801926136772,0.6414321339508372,thompson_sampling,Thompson Sampling,350,350,350,7,70,79,10,0.7369186046511628,0.7379912663755459,41.82357004123541,44.28686555460496,rsu_covered_requests_only,687,1,30.47609009733078,29.33316515817904,74.76347433117441,29.036495870203414,29.73541792962557,25.345035035068154,168.78693846214006,122.7162087592435,94.03894587706792,323.08781870227114,353,154,180,688,507,353,154,181,1,180,949.9567702776036,30.0,35,36,4,600.0,1.924081279085014,fallback: No module named 'cvxpy',heuristic,680,688,predicted_history_signal_no_proposed_feedback,False,thompson_hotspot,,,
2026,0.5280801926136772,0.6414321339508372,thompson_sampling,Thompson Sampling,350,350,350,8,80,89,10,0.7228739002932552,0.7561349693251533,41.4632758880502,44.28686555460496,rsu_covered_requests_only,652,30,30.76124995602049,30.850799219322663,74.51844004981781,29.111300551068688,28.942905601939803,24.73545542548104,178.05283127398553,130.5471579539587,133.00462076413987,321.8418431536214,266,227,159,682,493,266,227,189,30,159,249.95677027760348,30.0,23,25,2,900.0,1.8747620809920564,fallback: No module named 'cvxpy',heuristic,680,682,predicted_history_signal_no_proposed_feedback,False,thompson_hotspot,,,
2026,0.5280801926136772,0.6414321339508372,thompson_sampling,Thompson Sampling,350,350,350,9,90,99,10,0.4327917282127031,0.7512820512820513,41.666871335402014,44.28686555460496,rsu_covered_requests_only,390,287,33.394545040486086,33.74020101559788,66.5047481751512,25.575848178797752,25.2833676893191,30.704568064908987,176.94515146635135,169.87834067634915,177.7063158799014,194.90185871296433,251,42,97,677,293,251,42,384,287,97,549.9567702776035,30.0,21,18,2,50.0,1.7062326692273508,fallback: No module named 'cvxpy',heuristic,680,677,predicted_history_signal_no_proposed_feedback,False,thompson_hotspot,,,
2026,0.5252639031756268,0.6845124282982792,thompson_sampling,Thompson Sampling,400,400,400,0,0,9,10,0.355359765051395,0.3644578313253012,53.36212921469839,42.71826237303682,rsu_covered_requests_only,664,17,26.768914023593847,32.0677811663549,66.377199652698,34.823815118629824,27.060552764018144,34.03792332947749,171.470518467541,79.50534384839042,143.99404454079627,197.00744627461728,64,178,422,681,242,64,178,439,17,422,376.08384186786947,30.0,23,49,1,550.0,1.108529411764706,fallback: No module named 'cvxpy',heuristic,680,681,predicted_history_signal_no_proposed_feedback,False,thompson_hotspot,,,
2026,0.5252639031756268,0.6845124282982792,thompson_sampling,Thompson Sampling,400,400,400,1,10,19,10,0.36642335766423356,0.610705596107056,42.913270818029694,42.71826237303682,rsu_covered_requests_only,411,274,29.22386215314048,30.496995514195277,63.990676485745006,30.149315238958213,29.10165177505452,38.84127152952391,127.21770387235661,97.0242625194994,125.71704979023218,165.61716897254735,201,50,160,685,251,201,50,434,274,160,676.0838418678695,30.0,36,35,0,700.0,0.9255027702776519,fallback: No module named 'cvxpy',heuristic,680,685,predicted_history_signal_no_proposed_feedback,False,thompson_hotspot,,,
2026,0.5252639031756268,0.6845124282982792,thompson_sampling,Thompson Sampling,400,400,400,2,20,29,10,0.4410029498525074,0.6780045351473923,45.64792786773061,42.71826237303682,rsu_covered_requests_only,441,237,30.34620452869818,34.03308637951602,76.75130363382588,29.01429015002605,25.039644253727687,22.60676552218101,200.79092837978826,118.30740600725987,181.12752124820804,355.44802861940246,256,43,142,678,299,256,43,379,237,142,916.0838418678695,10.0,38,17,0,850.0,0.7187380643952991,fallback: No module named 'cvxpy',heuristic,680,678,predicted_history_signal_no_proposed_feedback,False,thompson_hotspot,,,
2026,0.5252639031756268,0.6845124282982792,thompson_sampling,Thompson Sampling,400,400,400,3,30,39,10,0.6097201767304861,0.6272727272727273,46.03096937685789,42.71826237303682,rsu_covered_requests_only,660,19,30.070626926073608,32.73576626587233,71.04929493319494,29.145293535206946,26.160450946384753,27.886703457505458,178.1847724339491,109.4541906324227,151.52743880691432,264.77830363788553,244,170,246,679,414,244,170,265,19,246,137.4004613239831,30.0,34,17,4,750.0,1.7708557114541228,fallback: No module named 'cvxpy',heuristic,680,679,predicted_history_signal_no_proposed_feedback,False,thompson_hotspot,,,
2026,0.5252639031756268,0.6845124282982792,thompson_sampling,Thompson Sampling,400,400,400,4,40,49,10,0.5367647058823529,0.6965648854961832,40.467422895540075,42.71826237303682,rsu_covered_requests_only,524,156,31.140985605704053,27.083931526033364,62.4640383334179,28.22018700061861,32.203610373813284,40.186590204436165,131.215752851206,131.79160846488142,58.471129802357304,140.499927129486,342,23,159,680,365,342,23,315,156,159,377.4004613239831,10.0,39,18,2,300.0,0.8452029296905865,fallback: No module named 'cvxpy',heuristic,680,680,predicted_history_signal_no_proposed_feedback,False,thompson_hotspot,,,
2026,0.5252639031756268,0.6845124282982792,thompson_sampling,Thompson Sampling,400,400,400,5,50,59,10,0.5813953488372093,0.8097165991902834,36.78989731123082,42.71826237303682,rsu_covered_requests_only,494,194,30.255931719495752,32.36642433612805,63.29178736367072,29.034210043667983,26.594374392478183,36.334851107093826,125.57911022625044,115.73436655870182,148.4943668122073,147.25801929344323,342,58,94,688,400,342,58,288,194,94,605.1598549358271,30.0,31,34,5,100.0,1.6408499885141161,fallback: No module named 'cvxpy',heuristic,680,688,predicted_history_signal_no_proposed_feedback,False,thompson_hotspot,,,
2026,0.5252639031756268,0.6845124282982792,thompson_sampling,Thompson Sampling,400,400,400,6,60,69,10,0.7041420118343196,0.805414551607445,36.71869165706222,42.71826237303682,rsu_covered_requests_only,591,85,30.919236364310255,27.140060788167144,66.73721208996768,28.252460471888114,33.437265273142664,34.56018424492612,125.43874590896918,125.39090111872822,76.00341982676127,204.22729544448785,293,183,115,676,476,293,183,200,85,115,905.1598549358271,30.0,25,40,3,400.0,1.6979980709363662,fallback: No module named 'cvxpy',heuristic,680,676,predicted_history_signal_no_proposed_feedback,False,thompson_hotspot,,,
2026,0.5252639031756268,0.6845124282982792,thompson_sampling,Thompson Sampling,400,400,400,7,70,79,10,0.7674418604651163,0.7674418604651163,42.115900246082916,42.71826237303682,rsu_covered_requests_only,688,0,33.630179811635905,32.11077300218018,72.84421364421925,25.416864579897755,27.025620964800794,27.32653662660288,189.07678971319675,171.26153834238553,145.87594833424382,293.40252131397796,241,287,160,688,528,241,287,160,0,160,205.15985493582707,30.0,17,36,4,600.0,1.5944686591716604,fallback: No module named 'cvxpy',heuristic,680,688,predicted_history_signal_no_proposed_feedback,False,thompson_hotspot,,,
2026,0.5252639031756268,0.6845124282982792,thompson_sampling,Thompson Sampling,400,400,400,8,80,89,10,0.4413489736070381,0.7962962962962963,39.47083832828111,42.71826237303682,rsu_covered_requests_only,378,304,29.93893438649926,34.49414511846781,70.10615630874679,29.817843598494147,24.711591250923018,29.365532264784168,169.7760570598154,119.17314641982658,194.91277606699168,257.4207009838951,189,112,77,682,301,189,112,381,304,77,505.15985493582707,30.0,15,25,5,700.0,1.357998070936366,fallback: No module named 'cvxpy',heuristic,680,682,predicted_history_signal_no_proposed_feedback,False,thompson_hotspot,,,
2026,0.5252639031756268,0.6845124282982792,thompson_sampling,Thompson Sampling,400,400,400,9,90,99,10,0.44903988183161003,0.8021108179419525,39.20824863347528,42.71826237303682,rsu_covered_requests_only,379,298,30.932304410255266,32.108866093318035,70.88659801446747,28.064409580140104,26.679082145417375,28.296056954340443,156.56887184458233,123.55712982179057,140.68786020692636,263.19570729921617,185,119,75,677,304,185,119,373,298,75,805.1598549358271,30.0,21,18,3,100.0,1.4394686591716601,fallback: No module named 'cvxpy',heuristic,680,677,predicted_history_signal_no_proposed_feedback,False,thompson_hotspot,,,
